2026-04-07 19:31:43,672 [INFO] pos-api: User logged in: owner (Role: Admin)
2026-04-07 19:32:31,517 [INFO] pos-api: Sale created: INV-20260407133231491009 | Total: 100.0 | User: owner
2026-04-07 19:42:47,877 [ERROR] pos-api: Global error on /api/vendors: (sqlite3.IntegrityError) UNIQUE constraint failed: vendors.phone
[SQL: INSERT INTO vendors (name, phone, address, total_due, created_at) VALUES (?, ?, ?, ?, ?)]
[parameters: ('Ayesha ', '01537598055', '', 0.0, '2026-04-07 13:42:47.865594')]
(Background on this error at: https://sqlalche.me/e/20/gkpj)
Traceback (most recent call last):
  File "E:\atc\venv\Lib\site-packages\sqlalchemy\engine\base.py", line 1967, in _exec_single_context
    self.dialect.do_execute(
    ~~~~~~~~~~~~~~~~~~~~~~~^
        cursor, str_statement, effective_parameters, context
        ^^^^^^^^^^^^^^^^^^^^^^^^^^^^^^^^^^^^^^^^^^^^^^^^^^^^
    )
    ^
  File "E:\atc\venv\Lib\site-packages\sqlalchemy\engine\default.py", line 952, in do_execute
    cursor.execute(statement, parameters)
    ~~~~~~~~~~~~~~^^^^^^^^^^^^^^^^^^^^^^^
sqlite3.IntegrityError: UNIQUE constraint failed: vendors.phone

The above exception was the direct cause of the following exception:

Traceback (most recent call last):
  File "E:\atc\venv\Lib\site-packages\starlette\middleware\errors.py", line 164, in __call__
    await self.app(scope, receive, _send)
  File "E:\atc\venv\Lib\site-packages\starlette\middleware\cors.py", line 96, in __call__
    await self.simple_response(scope, receive, send, request_headers=headers)
  File "E:\atc\venv\Lib\site-packages\starlette\middleware\cors.py", line 154, in simple_response
    await self.app(scope, receive, send)
  File "E:\atc\venv\Lib\site-packages\starlette\middleware\exceptions.py", line 63, in __call__
    await wrap_app_handling_exceptions(self.app, conn)(scope, receive, send)
  File "E:\atc\venv\Lib\site-packages\starlette\_exception_handler.py", line 53, in wrapped_app
    raise exc
  File "E:\atc\venv\Lib\site-packages\starlette\_exception_handler.py", line 42, in wrapped_app
    await app(scope, receive, sender)
  File "E:\atc\venv\Lib\site-packages\fastapi\middleware\asyncexitstack.py", line 18, in __call__
    await self.app(scope, receive, send)
  File "E:\atc\venv\Lib\site-packages\starlette\routing.py", line 660, in __call__
    await self.middleware_stack(scope, receive, send)
  File "E:\atc\venv\Lib\site-packages\starlette\routing.py", line 680, in app
    await route.handle(scope, receive, send)
  File "E:\atc\venv\Lib\site-packages\starlette\routing.py", line 276, in handle
    await self.app(scope, receive, send)
  File "E:\atc\venv\Lib\site-packages\fastapi\routing.py", line 134, in app
    await wrap_app_handling_exceptions(app, request)(scope, receive, send)
  File "E:\atc\venv\Lib\site-packages\starlette\_exception_handler.py", line 53, in wrapped_app
    raise exc
  File "E:\atc\venv\Lib\site-packages\starlette\_exception_handler.py", line 42, in wrapped_app
    await app(scope, receive, sender)
  File "E:\atc\venv\Lib\site-packages\fastapi\routing.py", line 120, in app
    response = await f(request)
               ^^^^^^^^^^^^^^^^
  File "E:\atc\venv\Lib\site-packages\fastapi\routing.py", line 674, in app
    raw_response = await run_endpoint_function(
                   ^^^^^^^^^^^^^^^^^^^^^^^^^^^^
    ...<3 lines>...
    )
    ^
  File "E:\atc\venv\Lib\site-packages\fastapi\routing.py", line 330, in run_endpoint_function
    return await run_in_threadpool(dependant.call, **values)
           ^^^^^^^^^^^^^^^^^^^^^^^^^^^^^^^^^^^^^^^^^^^^^^^^^
  File "E:\atc\venv\Lib\site-packages\starlette\concurrency.py", line 32, in run_in_threadpool
    return await anyio.to_thread.run_sync(func)
           ^^^^^^^^^^^^^^^^^^^^^^^^^^^^^^^^^^^^
  File "E:\atc\venv\Lib\site-packages\anyio\to_thread.py", line 63, in run_sync
    return await get_async_backend().run_sync_in_worker_thread(
           ^^^^^^^^^^^^^^^^^^^^^^^^^^^^^^^^^^^^^^^^^^^^^^^^^^^^
        func, args, abandon_on_cancel=abandon_on_cancel, limiter=limiter
        ^^^^^^^^^^^^^^^^^^^^^^^^^^^^^^^^^^^^^^^^^^^^^^^^^^^^^^^^^^^^^^^^
    )
    ^
  File "E:\atc\venv\Lib\site-packages\anyio\_backends\_asyncio.py", line 2518, in run_sync_in_worker_thread
    return await future
           ^^^^^^^^^^^^
  File "E:\atc\venv\Lib\site-packages\anyio\_backends\_asyncio.py", line 1002, in run
    result = context.run(func, *args)
  File "E:\atc\backend\main.py", line 575, in create_vendor
    linked_sale_id=sale.id,
    ^^^
  File "E:\atc\venv\Lib\site-packages\sqlalchemy\orm\session.py", line 2030, in commit
    trans.commit(_to_root=True)
    ~~~~~~~~~~~~^^^^^^^^^^^^^^^
  File "<string>", line 2, in commit
  File "E:\atc\venv\Lib\site-packages\sqlalchemy\orm\state_changes.py", line 137, in _go
    ret_value = fn(self, *arg, **kw)
  File "E:\atc\venv\Lib\site-packages\sqlalchemy\orm\session.py", line 1311, in commit
    self._prepare_impl()
    ~~~~~~~~~~~~~~~~~~^^
  File "<string>", line 2, in _prepare_impl
  File "E:\atc\venv\Lib\site-packages\sqlalchemy\orm\state_changes.py", line 137, in _go
    ret_value = fn(self, *arg, **kw)
  File "E:\atc\venv\Lib\site-packages\sqlalchemy\orm\session.py", line 1286, in _prepare_impl
    self.session.flush()
    ~~~~~~~~~~~~~~~~~~^^
  File "E:\atc\venv\Lib\site-packages\sqlalchemy\orm\session.py", line 4331, in flush
    self._flush(objects)
    ~~~~~~~~~~~^^^^^^^^^
  File "E:\atc\venv\Lib\site-packages\sqlalchemy\orm\session.py", line 4466, in _flush
    with util.safe_reraise():
         ~~~~~~~~~~~~~~~~~^^
  File "E:\atc\venv\Lib\site-packages\sqlalchemy\util\langhelpers.py", line 121, in __exit__
    raise exc_value.with_traceback(exc_tb)
  File "E:\atc\venv\Lib\site-packages\sqlalchemy\orm\session.py", line 4427, in _flush
    flush_context.execute()
    ~~~~~~~~~~~~~~~~~~~~~^^
  File "E:\atc\venv\Lib\site-packages\sqlalchemy\orm\unitofwork.py", line 466, in execute
    rec.execute(self)
    ~~~~~~~~~~~^^^^^^
  File "E:\atc\venv\Lib\site-packages\sqlalchemy\orm\unitofwork.py", line 642, in execute
    util.preloaded.orm_persistence.save_obj(
    ~~~~~~~~~~~~~~~~~~~~~~~~~~~~~~~~~~~~~~~^
        self.mapper,
        ^^^^^^^^^^^^
        uow.states_for_mapper_hierarchy(self.mapper, False, False),
        ^^^^^^^^^^^^^^^^^^^^^^^^^^^^^^^^^^^^^^^^^^^^^^^^^^^^^^^^^^^
        uow,
        ^^^^
    )
    ^
  File "E:\atc\venv\Lib\site-packages\sqlalchemy\orm\persistence.py", line 93, in save_obj
    _emit_insert_statements(
    ~~~~~~~~~~~~~~~~~~~~~~~^
        base_mapper,
        ^^^^^^^^^^^^
    ...<3 lines>...
        insert,
        ^^^^^^^
    )
    ^
  File "E:\atc\venv\Lib\site-packages\sqlalchemy\orm\persistence.py", line 1233, in _emit_insert_statements
    result = connection.execute(
        statement,
        params,
        execution_options=execution_options,
    )
  File "E:\atc\venv\Lib\site-packages\sqlalchemy\engine\base.py", line 1419, in execute
    return meth(
        self,
        distilled_parameters,
        execution_options or NO_OPTIONS,
    )
  File "E:\atc\venv\Lib\site-packages\sqlalchemy\sql\elements.py", line 527, in _execute_on_connection
    return connection._execute_clauseelement(
           ~~~~~~~~~~~~~~~~~~~~~~~~~~~~~~~~~^
        self, distilled_params, execution_options
        ^^^^^^^^^^^^^^^^^^^^^^^^^^^^^^^^^^^^^^^^^
    )
    ^
  File "E:\atc\venv\Lib\site-packages\sqlalchemy\engine\base.py", line 1641, in _execute_clauseelement
    ret = self._execute_context(
        dialect,
    ...<8 lines>...
        cache_hit=cache_hit,
    )
  File "E:\atc\venv\Lib\site-packages\sqlalchemy\engine\base.py", line 1846, in _execute_context
    return self._exec_single_context(
           ~~~~~~~~~~~~~~~~~~~~~~~~~^
        dialect, context, statement, parameters
        ^^^^^^^^^^^^^^^^^^^^^^^^^^^^^^^^^^^^^^^
    )
    ^
  File "E:\atc\venv\Lib\site-packages\sqlalchemy\engine\base.py", line 1986, in _exec_single_context
    self._handle_dbapi_exception(
    ~~~~~~~~~~~~~~~~~~~~~~~~~~~~^
        e, str_statement, effective_parameters, cursor, context
        ^^^^^^^^^^^^^^^^^^^^^^^^^^^^^^^^^^^^^^^^^^^^^^^^^^^^^^^
    )
    ^
  File "E:\atc\venv\Lib\site-packages\sqlalchemy\engine\base.py", line 2363, in _handle_dbapi_exception
    raise sqlalchemy_exception.with_traceback(exc_info[2]) from e
  File "E:\atc\venv\Lib\site-packages\sqlalchemy\engine\base.py", line 1967, in _exec_single_context
    self.dialect.do_execute(
    ~~~~~~~~~~~~~~~~~~~~~~~^
        cursor, str_statement, effective_parameters, context
        ^^^^^^^^^^^^^^^^^^^^^^^^^^^^^^^^^^^^^^^^^^^^^^^^^^^^
    )
    ^
  File "E:\atc\venv\Lib\site-packages\sqlalchemy\engine\default.py", line 952, in do_execute
    cursor.execute(statement, parameters)
    ~~~~~~~~~~~~~~^^^^^^^^^^^^^^^^^^^^^^^
sqlalchemy.exc.IntegrityError: (sqlite3.IntegrityError) UNIQUE constraint failed: vendors.phone
[SQL: INSERT INTO vendors (name, phone, address, total_due, created_at) VALUES (?, ?, ?, ?, ?)]
[parameters: ('Ayesha ', '01537598055', '', 0.0, '2026-04-07 13:42:47.865594')]
(Background on this error at: https://sqlalche.me/e/20/gkpj)
2026-04-07 21:39:57,638 [ERROR] fastapi: Form data requires "python-multipart" to be installed. 
You can install "python-multipart" with: 

pip install python-multipart

2026-04-07 21:49:12,126 [WARNING] pos-api: Failed login attempt for user: owner
2026-04-07 21:49:13,779 [INFO] pos-api: User logged in: owner (Role: Admin)
2026-04-07 22:04:37,286 [ERROR] pos-api: Global error on /api/customers/export: 'Query' object has no attribute 'strip'
Traceback (most recent call last):
  File "E:\atc\venv\Lib\site-packages\starlette\middleware\errors.py", line 164, in __call__
    await self.app(scope, receive, _send)
  File "E:\atc\venv\Lib\site-packages\starlette\middleware\cors.py", line 96, in __call__
    await self.simple_response(scope, receive, send, request_headers=headers)
  File "E:\atc\venv\Lib\site-packages\starlette\middleware\cors.py", line 154, in simple_response
    await self.app(scope, receive, send)
  File "E:\atc\venv\Lib\site-packages\starlette\middleware\exceptions.py", line 63, in __call__
    await wrap_app_handling_exceptions(self.app, conn)(scope, receive, send)
  File "E:\atc\venv\Lib\site-packages\starlette\_exception_handler.py", line 53, in wrapped_app
    raise exc
  File "E:\atc\venv\Lib\site-packages\starlette\_exception_handler.py", line 42, in wrapped_app
    await app(scope, receive, sender)
  File "E:\atc\venv\Lib\site-packages\fastapi\middleware\asyncexitstack.py", line 18, in __call__
    await self.app(scope, receive, send)
  File "E:\atc\venv\Lib\site-packages\starlette\routing.py", line 660, in __call__
    await self.middleware_stack(scope, receive, send)
  File "E:\atc\venv\Lib\site-packages\starlette\routing.py", line 680, in app
    await route.handle(scope, receive, send)
  File "E:\atc\venv\Lib\site-packages\starlette\routing.py", line 276, in handle
    await self.app(scope, receive, send)
  File "E:\atc\venv\Lib\site-packages\fastapi\routing.py", line 134, in app
    await wrap_app_handling_exceptions(app, request)(scope, receive, send)
  File "E:\atc\venv\Lib\site-packages\starlette\_exception_handler.py", line 53, in wrapped_app
    raise exc
  File "E:\atc\venv\Lib\site-packages\starlette\_exception_handler.py", line 42, in wrapped_app
    await app(scope, receive, sender)
  File "E:\atc\venv\Lib\site-packages\fastapi\routing.py", line 120, in app
    response = await f(request)
               ^^^^^^^^^^^^^^^^
  File "E:\atc\venv\Lib\site-packages\fastapi\routing.py", line 674, in app
    raw_response = await run_endpoint_function(
                   ^^^^^^^^^^^^^^^^^^^^^^^^^^^^
    ...<3 lines>...
    )
    ^
  File "E:\atc\venv\Lib\site-packages\fastapi\routing.py", line 330, in run_endpoint_function
    return await run_in_threadpool(dependant.call, **values)
           ^^^^^^^^^^^^^^^^^^^^^^^^^^^^^^^^^^^^^^^^^^^^^^^^^
  File "E:\atc\venv\Lib\site-packages\starlette\concurrency.py", line 32, in run_in_threadpool
    return await anyio.to_thread.run_sync(func)
           ^^^^^^^^^^^^^^^^^^^^^^^^^^^^^^^^^^^^
  File "E:\atc\venv\Lib\site-packages\anyio\to_thread.py", line 63, in run_sync
    return await get_async_backend().run_sync_in_worker_thread(
           ^^^^^^^^^^^^^^^^^^^^^^^^^^^^^^^^^^^^^^^^^^^^^^^^^^^^
        func, args, abandon_on_cancel=abandon_on_cancel, limiter=limiter
        ^^^^^^^^^^^^^^^^^^^^^^^^^^^^^^^^^^^^^^^^^^^^^^^^^^^^^^^^^^^^^^^^
    )
    ^
  File "E:\atc\venv\Lib\site-packages\anyio\_backends\_asyncio.py", line 2518, in run_sync_in_worker_thread
    return await future
           ^^^^^^^^^^^^
  File "E:\atc\venv\Lib\site-packages\anyio\_backends\_asyncio.py", line 1002, in run
    result = context.run(func, *args)
  File "E:\atc\backend\main.py", line 841, in export_customers_json
    customers = get_customers(db=db)
  File "E:\atc\backend\main.py", line 816, in get_customers
    like = f"%{q.strip()}%"
               ^^^^^^^
AttributeError: 'Query' object has no attribute 'strip'
2026-04-07 22:04:37,372 [ERROR] pos-api: Global error on /api/customers/export: 'Query' object has no attribute 'strip'
Traceback (most recent call last):
  File "E:\atc\venv\Lib\site-packages\starlette\middleware\errors.py", line 164, in __call__
    await self.app(scope, receive, _send)
  File "E:\atc\venv\Lib\site-packages\starlette\middleware\cors.py", line 96, in __call__
    await self.simple_response(scope, receive, send, request_headers=headers)
  File "E:\atc\venv\Lib\site-packages\starlette\middleware\cors.py", line 154, in simple_response
    await self.app(scope, receive, send)
  File "E:\atc\venv\Lib\site-packages\starlette\middleware\exceptions.py", line 63, in __call__
    await wrap_app_handling_exceptions(self.app, conn)(scope, receive, send)
  File "E:\atc\venv\Lib\site-packages\starlette\_exception_handler.py", line 53, in wrapped_app
    raise exc
  File "E:\atc\venv\Lib\site-packages\starlette\_exception_handler.py", line 42, in wrapped_app
    await app(scope, receive, sender)
  File "E:\atc\venv\Lib\site-packages\fastapi\middleware\asyncexitstack.py", line 18, in __call__
    await self.app(scope, receive, send)
  File "E:\atc\venv\Lib\site-packages\starlette\routing.py", line 660, in __call__
    await self.middleware_stack(scope, receive, send)
  File "E:\atc\venv\Lib\site-packages\starlette\routing.py", line 680, in app
    await route.handle(scope, receive, send)
  File "E:\atc\venv\Lib\site-packages\starlette\routing.py", line 276, in handle
    await self.app(scope, receive, send)
  File "E:\atc\venv\Lib\site-packages\fastapi\routing.py", line 134, in app
    await wrap_app_handling_exceptions(app, request)(scope, receive, send)
  File "E:\atc\venv\Lib\site-packages\starlette\_exception_handler.py", line 53, in wrapped_app
    raise exc
  File "E:\atc\venv\Lib\site-packages\starlette\_exception_handler.py", line 42, in wrapped_app
    await app(scope, receive, sender)
  File "E:\atc\venv\Lib\site-packages\fastapi\routing.py", line 120, in app
    response = await f(request)
               ^^^^^^^^^^^^^^^^
  File "E:\atc\venv\Lib\site-packages\fastapi\routing.py", line 674, in app
    raw_response = await run_endpoint_function(
                   ^^^^^^^^^^^^^^^^^^^^^^^^^^^^
    ...<3 lines>...
    )
    ^
  File "E:\atc\venv\Lib\site-packages\fastapi\routing.py", line 330, in run_endpoint_function
    return await run_in_threadpool(dependant.call, **values)
           ^^^^^^^^^^^^^^^^^^^^^^^^^^^^^^^^^^^^^^^^^^^^^^^^^
  File "E:\atc\venv\Lib\site-packages\starlette\concurrency.py", line 32, in run_in_threadpool
    return await anyio.to_thread.run_sync(func)
           ^^^^^^^^^^^^^^^^^^^^^^^^^^^^^^^^^^^^
  File "E:\atc\venv\Lib\site-packages\anyio\to_thread.py", line 63, in run_sync
    return await get_async_backend().run_sync_in_worker_thread(
           ^^^^^^^^^^^^^^^^^^^^^^^^^^^^^^^^^^^^^^^^^^^^^^^^^^^^
        func, args, abandon_on_cancel=abandon_on_cancel, limiter=limiter
        ^^^^^^^^^^^^^^^^^^^^^^^^^^^^^^^^^^^^^^^^^^^^^^^^^^^^^^^^^^^^^^^^
    )
    ^
  File "E:\atc\venv\Lib\site-packages\anyio\_backends\_asyncio.py", line 2518, in run_sync_in_worker_thread
    return await future
           ^^^^^^^^^^^^
  File "E:\atc\venv\Lib\site-packages\anyio\_backends\_asyncio.py", line 1002, in run
    result = context.run(func, *args)
  File "E:\atc\backend\main.py", line 841, in export_customers_json
    customers = get_customers(db=db)
  File "E:\atc\backend\main.py", line 816, in get_customers
    like = f"%{q.strip()}%"
               ^^^^^^^
AttributeError: 'Query' object has no attribute 'strip'
2026-04-07 22:04:38,252 [ERROR] pos-api: Global error on /api/customers/export: 'Query' object has no attribute 'strip'
Traceback (most recent call last):
  File "E:\atc\venv\Lib\site-packages\starlette\middleware\errors.py", line 164, in __call__
    await self.app(scope, receive, _send)
  File "E:\atc\venv\Lib\site-packages\starlette\middleware\cors.py", line 96, in __call__
    await self.simple_response(scope, receive, send, request_headers=headers)
  File "E:\atc\venv\Lib\site-packages\starlette\middleware\cors.py", line 154, in simple_response
    await self.app(scope, receive, send)
  File "E:\atc\venv\Lib\site-packages\starlette\middleware\exceptions.py", line 63, in __call__
    await wrap_app_handling_exceptions(self.app, conn)(scope, receive, send)
  File "E:\atc\venv\Lib\site-packages\starlette\_exception_handler.py", line 53, in wrapped_app
    raise exc
  File "E:\atc\venv\Lib\site-packages\starlette\_exception_handler.py", line 42, in wrapped_app
    await app(scope, receive, sender)
  File "E:\atc\venv\Lib\site-packages\fastapi\middleware\asyncexitstack.py", line 18, in __call__
    await self.app(scope, receive, send)
  File "E:\atc\venv\Lib\site-packages\starlette\routing.py", line 660, in __call__
    await self.middleware_stack(scope, receive, send)
  File "E:\atc\venv\Lib\site-packages\starlette\routing.py", line 680, in app
    await route.handle(scope, receive, send)
  File "E:\atc\venv\Lib\site-packages\starlette\routing.py", line 276, in handle
    await self.app(scope, receive, send)
  File "E:\atc\venv\Lib\site-packages\fastapi\routing.py", line 134, in app
    await wrap_app_handling_exceptions(app, request)(scope, receive, send)
  File "E:\atc\venv\Lib\site-packages\starlette\_exception_handler.py", line 53, in wrapped_app
    raise exc
  File "E:\atc\venv\Lib\site-packages\starlette\_exception_handler.py", line 42, in wrapped_app
    await app(scope, receive, sender)
  File "E:\atc\venv\Lib\site-packages\fastapi\routing.py", line 120, in app
    response = await f(request)
               ^^^^^^^^^^^^^^^^
  File "E:\atc\venv\Lib\site-packages\fastapi\routing.py", line 674, in app
    raw_response = await run_endpoint_function(
                   ^^^^^^^^^^^^^^^^^^^^^^^^^^^^
    ...<3 lines>...
    )
    ^
  File "E:\atc\venv\Lib\site-packages\fastapi\routing.py", line 330, in run_endpoint_function
    return await run_in_threadpool(dependant.call, **values)
           ^^^^^^^^^^^^^^^^^^^^^^^^^^^^^^^^^^^^^^^^^^^^^^^^^
  File "E:\atc\venv\Lib\site-packages\starlette\concurrency.py", line 32, in run_in_threadpool
    return await anyio.to_thread.run_sync(func)
           ^^^^^^^^^^^^^^^^^^^^^^^^^^^^^^^^^^^^
  File "E:\atc\venv\Lib\site-packages\anyio\to_thread.py", line 63, in run_sync
    return await get_async_backend().run_sync_in_worker_thread(
           ^^^^^^^^^^^^^^^^^^^^^^^^^^^^^^^^^^^^^^^^^^^^^^^^^^^^
        func, args, abandon_on_cancel=abandon_on_cancel, limiter=limiter
        ^^^^^^^^^^^^^^^^^^^^^^^^^^^^^^^^^^^^^^^^^^^^^^^^^^^^^^^^^^^^^^^^
    )
    ^
  File "E:\atc\venv\Lib\site-packages\anyio\_backends\_asyncio.py", line 2518, in run_sync_in_worker_thread
    return await future
           ^^^^^^^^^^^^
  File "E:\atc\venv\Lib\site-packages\anyio\_backends\_asyncio.py", line 1002, in run
    result = context.run(func, *args)
  File "E:\atc\backend\main.py", line 841, in export_customers_json
    customers = get_customers(db=db)
  File "E:\atc\backend\main.py", line 816, in get_customers
    like = f"%{q.strip()}%"
               ^^^^^^^
AttributeError: 'Query' object has no attribute 'strip'
2026-04-07 22:04:38,908 [ERROR] pos-api: Global error on /api/customers/export: 'Query' object has no attribute 'strip'
Traceback (most recent call last):
  File "E:\atc\venv\Lib\site-packages\starlette\middleware\errors.py", line 164, in __call__
    await self.app(scope, receive, _send)
  File "E:\atc\venv\Lib\site-packages\starlette\middleware\cors.py", line 96, in __call__
    await self.simple_response(scope, receive, send, request_headers=headers)
  File "E:\atc\venv\Lib\site-packages\starlette\middleware\cors.py", line 154, in simple_response
    await self.app(scope, receive, send)
  File "E:\atc\venv\Lib\site-packages\starlette\middleware\exceptions.py", line 63, in __call__
    await wrap_app_handling_exceptions(self.app, conn)(scope, receive, send)
  File "E:\atc\venv\Lib\site-packages\starlette\_exception_handler.py", line 53, in wrapped_app
    raise exc
  File "E:\atc\venv\Lib\site-packages\starlette\_exception_handler.py", line 42, in wrapped_app
    await app(scope, receive, sender)
  File "E:\atc\venv\Lib\site-packages\fastapi\middleware\asyncexitstack.py", line 18, in __call__
    await self.app(scope, receive, send)
  File "E:\atc\venv\Lib\site-packages\starlette\routing.py", line 660, in __call__
    await self.middleware_stack(scope, receive, send)
  File "E:\atc\venv\Lib\site-packages\starlette\routing.py", line 680, in app
    await route.handle(scope, receive, send)
  File "E:\atc\venv\Lib\site-packages\starlette\routing.py", line 276, in handle
    await self.app(scope, receive, send)
  File "E:\atc\venv\Lib\site-packages\fastapi\routing.py", line 134, in app
    await wrap_app_handling_exceptions(app, request)(scope, receive, send)
  File "E:\atc\venv\Lib\site-packages\starlette\_exception_handler.py", line 53, in wrapped_app
    raise exc
  File "E:\atc\venv\Lib\site-packages\starlette\_exception_handler.py", line 42, in wrapped_app
    await app(scope, receive, sender)
  File "E:\atc\venv\Lib\site-packages\fastapi\routing.py", line 120, in app
    response = await f(request)
               ^^^^^^^^^^^^^^^^
  File "E:\atc\venv\Lib\site-packages\fastapi\routing.py", line 674, in app
    raw_response = await run_endpoint_function(
                   ^^^^^^^^^^^^^^^^^^^^^^^^^^^^
    ...<3 lines>...
    )
    ^
  File "E:\atc\venv\Lib\site-packages\fastapi\routing.py", line 330, in run_endpoint_function
    return await run_in_threadpool(dependant.call, **values)
           ^^^^^^^^^^^^^^^^^^^^^^^^^^^^^^^^^^^^^^^^^^^^^^^^^
  File "E:\atc\venv\Lib\site-packages\starlette\concurrency.py", line 32, in run_in_threadpool
    return await anyio.to_thread.run_sync(func)
           ^^^^^^^^^^^^^^^^^^^^^^^^^^^^^^^^^^^^
  File "E:\atc\venv\Lib\site-packages\anyio\to_thread.py", line 63, in run_sync
    return await get_async_backend().run_sync_in_worker_thread(
           ^^^^^^^^^^^^^^^^^^^^^^^^^^^^^^^^^^^^^^^^^^^^^^^^^^^^
        func, args, abandon_on_cancel=abandon_on_cancel, limiter=limiter
        ^^^^^^^^^^^^^^^^^^^^^^^^^^^^^^^^^^^^^^^^^^^^^^^^^^^^^^^^^^^^^^^^
    )
    ^
  File "E:\atc\venv\Lib\site-packages\anyio\_backends\_asyncio.py", line 2518, in run_sync_in_worker_thread
    return await future
           ^^^^^^^^^^^^
  File "E:\atc\venv\Lib\site-packages\anyio\_backends\_asyncio.py", line 1002, in run
    result = context.run(func, *args)
  File "E:\atc\backend\main.py", line 841, in export_customers_json
    customers = get_customers(db=db)
  File "E:\atc\backend\main.py", line 816, in get_customers
    like = f"%{q.strip()}%"
               ^^^^^^^
AttributeError: 'Query' object has no attribute 'strip'
2026-04-07 22:04:39,340 [ERROR] pos-api: Global error on /api/customers/export: 'Query' object has no attribute 'strip'
Traceback (most recent call last):
  File "E:\atc\venv\Lib\site-packages\starlette\middleware\errors.py", line 164, in __call__
    await self.app(scope, receive, _send)
  File "E:\atc\venv\Lib\site-packages\starlette\middleware\cors.py", line 96, in __call__
    await self.simple_response(scope, receive, send, request_headers=headers)
  File "E:\atc\venv\Lib\site-packages\starlette\middleware\cors.py", line 154, in simple_response
    await self.app(scope, receive, send)
  File "E:\atc\venv\Lib\site-packages\starlette\middleware\exceptions.py", line 63, in __call__
    await wrap_app_handling_exceptions(self.app, conn)(scope, receive, send)
  File "E:\atc\venv\Lib\site-packages\starlette\_exception_handler.py", line 53, in wrapped_app
    raise exc
  File "E:\atc\venv\Lib\site-packages\starlette\_exception_handler.py", line 42, in wrapped_app
    await app(scope, receive, sender)
  File "E:\atc\venv\Lib\site-packages\fastapi\middleware\asyncexitstack.py", line 18, in __call__
    await self.app(scope, receive, send)
  File "E:\atc\venv\Lib\site-packages\starlette\routing.py", line 660, in __call__
    await self.middleware_stack(scope, receive, send)
  File "E:\atc\venv\Lib\site-packages\starlette\routing.py", line 680, in app
    await route.handle(scope, receive, send)
  File "E:\atc\venv\Lib\site-packages\starlette\routing.py", line 276, in handle
    await self.app(scope, receive, send)
  File "E:\atc\venv\Lib\site-packages\fastapi\routing.py", line 134, in app
    await wrap_app_handling_exceptions(app, request)(scope, receive, send)
  File "E:\atc\venv\Lib\site-packages\starlette\_exception_handler.py", line 53, in wrapped_app
    raise exc
  File "E:\atc\venv\Lib\site-packages\starlette\_exception_handler.py", line 42, in wrapped_app
    await app(scope, receive, sender)
  File "E:\atc\venv\Lib\site-packages\fastapi\routing.py", line 120, in app
    response = await f(request)
               ^^^^^^^^^^^^^^^^
  File "E:\atc\venv\Lib\site-packages\fastapi\routing.py", line 674, in app
    raw_response = await run_endpoint_function(
                   ^^^^^^^^^^^^^^^^^^^^^^^^^^^^
    ...<3 lines>...
    )
    ^
  File "E:\atc\venv\Lib\site-packages\fastapi\routing.py", line 330, in run_endpoint_function
    return await run_in_threadpool(dependant.call, **values)
           ^^^^^^^^^^^^^^^^^^^^^^^^^^^^^^^^^^^^^^^^^^^^^^^^^
  File "E:\atc\venv\Lib\site-packages\starlette\concurrency.py", line 32, in run_in_threadpool
    return await anyio.to_thread.run_sync(func)
           ^^^^^^^^^^^^^^^^^^^^^^^^^^^^^^^^^^^^
  File "E:\atc\venv\Lib\site-packages\anyio\to_thread.py", line 63, in run_sync
    return await get_async_backend().run_sync_in_worker_thread(
           ^^^^^^^^^^^^^^^^^^^^^^^^^^^^^^^^^^^^^^^^^^^^^^^^^^^^
        func, args, abandon_on_cancel=abandon_on_cancel, limiter=limiter
        ^^^^^^^^^^^^^^^^^^^^^^^^^^^^^^^^^^^^^^^^^^^^^^^^^^^^^^^^^^^^^^^^
    )
    ^
  File "E:\atc\venv\Lib\site-packages\anyio\_backends\_asyncio.py", line 2518, in run_sync_in_worker_thread
    return await future
           ^^^^^^^^^^^^
  File "E:\atc\venv\Lib\site-packages\anyio\_backends\_asyncio.py", line 1002, in run
    result = context.run(func, *args)
  File "E:\atc\backend\main.py", line 841, in export_customers_json
    customers = get_customers(db=db)
  File "E:\atc\backend\main.py", line 816, in get_customers
    like = f"%{q.strip()}%"
               ^^^^^^^
AttributeError: 'Query' object has no attribute 'strip'
2026-04-07 22:04:40,765 [ERROR] pos-api: Global error on /api/customers/export: 'Query' object has no attribute 'strip'
Traceback (most recent call last):
  File "E:\atc\venv\Lib\site-packages\starlette\middleware\errors.py", line 164, in __call__
    await self.app(scope, receive, _send)
  File "E:\atc\venv\Lib\site-packages\starlette\middleware\cors.py", line 96, in __call__
    await self.simple_response(scope, receive, send, request_headers=headers)
  File "E:\atc\venv\Lib\site-packages\starlette\middleware\cors.py", line 154, in simple_response
    await self.app(scope, receive, send)
  File "E:\atc\venv\Lib\site-packages\starlette\middleware\exceptions.py", line 63, in __call__
    await wrap_app_handling_exceptions(self.app, conn)(scope, receive, send)
  File "E:\atc\venv\Lib\site-packages\starlette\_exception_handler.py", line 53, in wrapped_app
    raise exc
  File "E:\atc\venv\Lib\site-packages\starlette\_exception_handler.py", line 42, in wrapped_app
    await app(scope, receive, sender)
  File "E:\atc\venv\Lib\site-packages\fastapi\middleware\asyncexitstack.py", line 18, in __call__
    await self.app(scope, receive, send)
  File "E:\atc\venv\Lib\site-packages\starlette\routing.py", line 660, in __call__
    await self.middleware_stack(scope, receive, send)
  File "E:\atc\venv\Lib\site-packages\starlette\routing.py", line 680, in app
    await route.handle(scope, receive, send)
  File "E:\atc\venv\Lib\site-packages\starlette\routing.py", line 276, in handle
    await self.app(scope, receive, send)
  File "E:\atc\venv\Lib\site-packages\fastapi\routing.py", line 134, in app
    await wrap_app_handling_exceptions(app, request)(scope, receive, send)
  File "E:\atc\venv\Lib\site-packages\starlette\_exception_handler.py", line 53, in wrapped_app
    raise exc
  File "E:\atc\venv\Lib\site-packages\starlette\_exception_handler.py", line 42, in wrapped_app
    await app(scope, receive, sender)
  File "E:\atc\venv\Lib\site-packages\fastapi\routing.py", line 120, in app
    response = await f(request)
               ^^^^^^^^^^^^^^^^
  File "E:\atc\venv\Lib\site-packages\fastapi\routing.py", line 674, in app
    raw_response = await run_endpoint_function(
                   ^^^^^^^^^^^^^^^^^^^^^^^^^^^^
    ...<3 lines>...
    )
    ^
  File "E:\atc\venv\Lib\site-packages\fastapi\routing.py", line 330, in run_endpoint_function
    return await run_in_threadpool(dependant.call, **values)
           ^^^^^^^^^^^^^^^^^^^^^^^^^^^^^^^^^^^^^^^^^^^^^^^^^
  File "E:\atc\venv\Lib\site-packages\starlette\concurrency.py", line 32, in run_in_threadpool
    return await anyio.to_thread.run_sync(func)
           ^^^^^^^^^^^^^^^^^^^^^^^^^^^^^^^^^^^^
  File "E:\atc\venv\Lib\site-packages\anyio\to_thread.py", line 63, in run_sync
    return await get_async_backend().run_sync_in_worker_thread(
           ^^^^^^^^^^^^^^^^^^^^^^^^^^^^^^^^^^^^^^^^^^^^^^^^^^^^
        func, args, abandon_on_cancel=abandon_on_cancel, limiter=limiter
        ^^^^^^^^^^^^^^^^^^^^^^^^^^^^^^^^^^^^^^^^^^^^^^^^^^^^^^^^^^^^^^^^
    )
    ^
  File "E:\atc\venv\Lib\site-packages\anyio\_backends\_asyncio.py", line 2518, in run_sync_in_worker_thread
    return await future
           ^^^^^^^^^^^^
  File "E:\atc\venv\Lib\site-packages\anyio\_backends\_asyncio.py", line 1002, in run
    result = context.run(func, *args)
  File "E:\atc\backend\main.py", line 841, in export_customers_json
    customers = get_customers(db=db)
  File "E:\atc\backend\main.py", line 816, in get_customers
    like = f"%{q.strip()}%"
               ^^^^^^^
AttributeError: 'Query' object has no attribute 'strip'
2026-04-07 22:04:41,396 [ERROR] pos-api: Global error on /api/customers/export: 'Query' object has no attribute 'strip'
Traceback (most recent call last):
  File "E:\atc\venv\Lib\site-packages\starlette\middleware\errors.py", line 164, in __call__
    await self.app(scope, receive, _send)
  File "E:\atc\venv\Lib\site-packages\starlette\middleware\cors.py", line 96, in __call__
    await self.simple_response(scope, receive, send, request_headers=headers)
  File "E:\atc\venv\Lib\site-packages\starlette\middleware\cors.py", line 154, in simple_response
    await self.app(scope, receive, send)
  File "E:\atc\venv\Lib\site-packages\starlette\middleware\exceptions.py", line 63, in __call__
    await wrap_app_handling_exceptions(self.app, conn)(scope, receive, send)
  File "E:\atc\venv\Lib\site-packages\starlette\_exception_handler.py", line 53, in wrapped_app
    raise exc
  File "E:\atc\venv\Lib\site-packages\starlette\_exception_handler.py", line 42, in wrapped_app
    await app(scope, receive, sender)
  File "E:\atc\venv\Lib\site-packages\fastapi\middleware\asyncexitstack.py", line 18, in __call__
    await self.app(scope, receive, send)
  File "E:\atc\venv\Lib\site-packages\starlette\routing.py", line 660, in __call__
    await self.middleware_stack(scope, receive, send)
  File "E:\atc\venv\Lib\site-packages\starlette\routing.py", line 680, in app
    await route.handle(scope, receive, send)
  File "E:\atc\venv\Lib\site-packages\starlette\routing.py", line 276, in handle
    await self.app(scope, receive, send)
  File "E:\atc\venv\Lib\site-packages\fastapi\routing.py", line 134, in app
    await wrap_app_handling_exceptions(app, request)(scope, receive, send)
  File "E:\atc\venv\Lib\site-packages\starlette\_exception_handler.py", line 53, in wrapped_app
    raise exc
  File "E:\atc\venv\Lib\site-packages\starlette\_exception_handler.py", line 42, in wrapped_app
    await app(scope, receive, sender)
  File "E:\atc\venv\Lib\site-packages\fastapi\routing.py", line 120, in app
    response = await f(request)
               ^^^^^^^^^^^^^^^^
  File "E:\atc\venv\Lib\site-packages\fastapi\routing.py", line 674, in app
    raw_response = await run_endpoint_function(
                   ^^^^^^^^^^^^^^^^^^^^^^^^^^^^
    ...<3 lines>...
    )
    ^
  File "E:\atc\venv\Lib\site-packages\fastapi\routing.py", line 330, in run_endpoint_function
    return await run_in_threadpool(dependant.call, **values)
           ^^^^^^^^^^^^^^^^^^^^^^^^^^^^^^^^^^^^^^^^^^^^^^^^^
  File "E:\atc\venv\Lib\site-packages\starlette\concurrency.py", line 32, in run_in_threadpool
    return await anyio.to_thread.run_sync(func)
           ^^^^^^^^^^^^^^^^^^^^^^^^^^^^^^^^^^^^
  File "E:\atc\venv\Lib\site-packages\anyio\to_thread.py", line 63, in run_sync
    return await get_async_backend().run_sync_in_worker_thread(
           ^^^^^^^^^^^^^^^^^^^^^^^^^^^^^^^^^^^^^^^^^^^^^^^^^^^^
        func, args, abandon_on_cancel=abandon_on_cancel, limiter=limiter
        ^^^^^^^^^^^^^^^^^^^^^^^^^^^^^^^^^^^^^^^^^^^^^^^^^^^^^^^^^^^^^^^^
    )
    ^
  File "E:\atc\venv\Lib\site-packages\anyio\_backends\_asyncio.py", line 2518, in run_sync_in_worker_thread
    return await future
           ^^^^^^^^^^^^
  File "E:\atc\venv\Lib\site-packages\anyio\_backends\_asyncio.py", line 1002, in run
    result = context.run(func, *args)
  File "E:\atc\backend\main.py", line 841, in export_customers_json
    customers = get_customers(db=db)
  File "E:\atc\backend\main.py", line 816, in get_customers
    like = f"%{q.strip()}%"
               ^^^^^^^
AttributeError: 'Query' object has no attribute 'strip'
2026-04-07 22:04:41,877 [ERROR] pos-api: Global error on /api/customers/export: 'Query' object has no attribute 'strip'
Traceback (most recent call last):
  File "E:\atc\venv\Lib\site-packages\starlette\middleware\errors.py", line 164, in __call__
    await self.app(scope, receive, _send)
  File "E:\atc\venv\Lib\site-packages\starlette\middleware\cors.py", line 96, in __call__
    await self.simple_response(scope, receive, send, request_headers=headers)
  File "E:\atc\venv\Lib\site-packages\starlette\middleware\cors.py", line 154, in simple_response
    await self.app(scope, receive, send)
  File "E:\atc\venv\Lib\site-packages\starlette\middleware\exceptions.py", line 63, in __call__
    await wrap_app_handling_exceptions(self.app, conn)(scope, receive, send)
  File "E:\atc\venv\Lib\site-packages\starlette\_exception_handler.py", line 53, in wrapped_app
    raise exc
  File "E:\atc\venv\Lib\site-packages\starlette\_exception_handler.py", line 42, in wrapped_app
    await app(scope, receive, sender)
  File "E:\atc\venv\Lib\site-packages\fastapi\middleware\asyncexitstack.py", line 18, in __call__
    await self.app(scope, receive, send)
  File "E:\atc\venv\Lib\site-packages\starlette\routing.py", line 660, in __call__
    await self.middleware_stack(scope, receive, send)
  File "E:\atc\venv\Lib\site-packages\starlette\routing.py", line 680, in app
    await route.handle(scope, receive, send)
  File "E:\atc\venv\Lib\site-packages\starlette\routing.py", line 276, in handle
    await self.app(scope, receive, send)
  File "E:\atc\venv\Lib\site-packages\fastapi\routing.py", line 134, in app
    await wrap_app_handling_exceptions(app, request)(scope, receive, send)
  File "E:\atc\venv\Lib\site-packages\starlette\_exception_handler.py", line 53, in wrapped_app
    raise exc
  File "E:\atc\venv\Lib\site-packages\starlette\_exception_handler.py", line 42, in wrapped_app
    await app(scope, receive, sender)
  File "E:\atc\venv\Lib\site-packages\fastapi\routing.py", line 120, in app
    response = await f(request)
               ^^^^^^^^^^^^^^^^
  File "E:\atc\venv\Lib\site-packages\fastapi\routing.py", line 674, in app
    raw_response = await run_endpoint_function(
                   ^^^^^^^^^^^^^^^^^^^^^^^^^^^^
    ...<3 lines>...
    )
    ^
  File "E:\atc\venv\Lib\site-packages\fastapi\routing.py", line 330, in run_endpoint_function
    return await run_in_threadpool(dependant.call, **values)
           ^^^^^^^^^^^^^^^^^^^^^^^^^^^^^^^^^^^^^^^^^^^^^^^^^
  File "E:\atc\venv\Lib\site-packages\starlette\concurrency.py", line 32, in run_in_threadpool
    return await anyio.to_thread.run_sync(func)
           ^^^^^^^^^^^^^^^^^^^^^^^^^^^^^^^^^^^^
  File "E:\atc\venv\Lib\site-packages\anyio\to_thread.py", line 63, in run_sync
    return await get_async_backend().run_sync_in_worker_thread(
           ^^^^^^^^^^^^^^^^^^^^^^^^^^^^^^^^^^^^^^^^^^^^^^^^^^^^
        func, args, abandon_on_cancel=abandon_on_cancel, limiter=limiter
        ^^^^^^^^^^^^^^^^^^^^^^^^^^^^^^^^^^^^^^^^^^^^^^^^^^^^^^^^^^^^^^^^
    )
    ^
  File "E:\atc\venv\Lib\site-packages\anyio\_backends\_asyncio.py", line 2518, in run_sync_in_worker_thread
    return await future
           ^^^^^^^^^^^^
  File "E:\atc\venv\Lib\site-packages\anyio\_backends\_asyncio.py", line 1002, in run
    result = context.run(func, *args)
  File "E:\atc\backend\main.py", line 841, in export_customers_json
    customers = get_customers(db=db)
  File "E:\atc\backend\main.py", line 816, in get_customers
    like = f"%{q.strip()}%"
               ^^^^^^^
AttributeError: 'Query' object has no attribute 'strip'
2026-04-07 22:04:42,020 [ERROR] pos-api: Global error on /api/customers/export: 'Query' object has no attribute 'strip'
Traceback (most recent call last):
  File "E:\atc\venv\Lib\site-packages\starlette\middleware\errors.py", line 164, in __call__
    await self.app(scope, receive, _send)
  File "E:\atc\venv\Lib\site-packages\starlette\middleware\cors.py", line 96, in __call__
    await self.simple_response(scope, receive, send, request_headers=headers)
  File "E:\atc\venv\Lib\site-packages\starlette\middleware\cors.py", line 154, in simple_response
    await self.app(scope, receive, send)
  File "E:\atc\venv\Lib\site-packages\starlette\middleware\exceptions.py", line 63, in __call__
    await wrap_app_handling_exceptions(self.app, conn)(scope, receive, send)
  File "E:\atc\venv\Lib\site-packages\starlette\_exception_handler.py", line 53, in wrapped_app
    raise exc
  File "E:\atc\venv\Lib\site-packages\starlette\_exception_handler.py", line 42, in wrapped_app
    await app(scope, receive, sender)
  File "E:\atc\venv\Lib\site-packages\fastapi\middleware\asyncexitstack.py", line 18, in __call__
    await self.app(scope, receive, send)
  File "E:\atc\venv\Lib\site-packages\starlette\routing.py", line 660, in __call__
    await self.middleware_stack(scope, receive, send)
  File "E:\atc\venv\Lib\site-packages\starlette\routing.py", line 680, in app
    await route.handle(scope, receive, send)
  File "E:\atc\venv\Lib\site-packages\starlette\routing.py", line 276, in handle
    await self.app(scope, receive, send)
  File "E:\atc\venv\Lib\site-packages\fastapi\routing.py", line 134, in app
    await wrap_app_handling_exceptions(app, request)(scope, receive, send)
  File "E:\atc\venv\Lib\site-packages\starlette\_exception_handler.py", line 53, in wrapped_app
    raise exc
  File "E:\atc\venv\Lib\site-packages\starlette\_exception_handler.py", line 42, in wrapped_app
    await app(scope, receive, sender)
  File "E:\atc\venv\Lib\site-packages\fastapi\routing.py", line 120, in app
    response = await f(request)
               ^^^^^^^^^^^^^^^^
  File "E:\atc\venv\Lib\site-packages\fastapi\routing.py", line 674, in app
    raw_response = await run_endpoint_function(
                   ^^^^^^^^^^^^^^^^^^^^^^^^^^^^
    ...<3 lines>...
    )
    ^
  File "E:\atc\venv\Lib\site-packages\fastapi\routing.py", line 330, in run_endpoint_function
    return await run_in_threadpool(dependant.call, **values)
           ^^^^^^^^^^^^^^^^^^^^^^^^^^^^^^^^^^^^^^^^^^^^^^^^^
  File "E:\atc\venv\Lib\site-packages\starlette\concurrency.py", line 32, in run_in_threadpool
    return await anyio.to_thread.run_sync(func)
           ^^^^^^^^^^^^^^^^^^^^^^^^^^^^^^^^^^^^
  File "E:\atc\venv\Lib\site-packages\anyio\to_thread.py", line 63, in run_sync
    return await get_async_backend().run_sync_in_worker_thread(
           ^^^^^^^^^^^^^^^^^^^^^^^^^^^^^^^^^^^^^^^^^^^^^^^^^^^^
        func, args, abandon_on_cancel=abandon_on_cancel, limiter=limiter
        ^^^^^^^^^^^^^^^^^^^^^^^^^^^^^^^^^^^^^^^^^^^^^^^^^^^^^^^^^^^^^^^^
    )
    ^
  File "E:\atc\venv\Lib\site-packages\anyio\_backends\_asyncio.py", line 2518, in run_sync_in_worker_thread
    return await future
           ^^^^^^^^^^^^
  File "E:\atc\venv\Lib\site-packages\anyio\_backends\_asyncio.py", line 1002, in run
    result = context.run(func, *args)
  File "E:\atc\backend\main.py", line 841, in export_customers_json
    customers = get_customers(db=db)
  File "E:\atc\backend\main.py", line 816, in get_customers
    like = f"%{q.strip()}%"
               ^^^^^^^
AttributeError: 'Query' object has no attribute 'strip'
2026-04-07 22:04:42,572 [ERROR] pos-api: Global error on /api/customers/export: 'Query' object has no attribute 'strip'
Traceback (most recent call last):
  File "E:\atc\venv\Lib\site-packages\starlette\middleware\errors.py", line 164, in __call__
    await self.app(scope, receive, _send)
  File "E:\atc\venv\Lib\site-packages\starlette\middleware\cors.py", line 96, in __call__
    await self.simple_response(scope, receive, send, request_headers=headers)
  File "E:\atc\venv\Lib\site-packages\starlette\middleware\cors.py", line 154, in simple_response
    await self.app(scope, receive, send)
  File "E:\atc\venv\Lib\site-packages\starlette\middleware\exceptions.py", line 63, in __call__
    await wrap_app_handling_exceptions(self.app, conn)(scope, receive, send)
  File "E:\atc\venv\Lib\site-packages\starlette\_exception_handler.py", line 53, in wrapped_app
    raise exc
  File "E:\atc\venv\Lib\site-packages\starlette\_exception_handler.py", line 42, in wrapped_app
    await app(scope, receive, sender)
  File "E:\atc\venv\Lib\site-packages\fastapi\middleware\asyncexitstack.py", line 18, in __call__
    await self.app(scope, receive, send)
  File "E:\atc\venv\Lib\site-packages\starlette\routing.py", line 660, in __call__
    await self.middleware_stack(scope, receive, send)
  File "E:\atc\venv\Lib\site-packages\starlette\routing.py", line 680, in app
    await route.handle(scope, receive, send)
  File "E:\atc\venv\Lib\site-packages\starlette\routing.py", line 276, in handle
    await self.app(scope, receive, send)
  File "E:\atc\venv\Lib\site-packages\fastapi\routing.py", line 134, in app
    await wrap_app_handling_exceptions(app, request)(scope, receive, send)
  File "E:\atc\venv\Lib\site-packages\starlette\_exception_handler.py", line 53, in wrapped_app
    raise exc
  File "E:\atc\venv\Lib\site-packages\starlette\_exception_handler.py", line 42, in wrapped_app
    await app(scope, receive, sender)
  File "E:\atc\venv\Lib\site-packages\fastapi\routing.py", line 120, in app
    response = await f(request)
               ^^^^^^^^^^^^^^^^
  File "E:\atc\venv\Lib\site-packages\fastapi\routing.py", line 674, in app
    raw_response = await run_endpoint_function(
                   ^^^^^^^^^^^^^^^^^^^^^^^^^^^^
    ...<3 lines>...
    )
    ^
  File "E:\atc\venv\Lib\site-packages\fastapi\routing.py", line 330, in run_endpoint_function
    return await run_in_threadpool(dependant.call, **values)
           ^^^^^^^^^^^^^^^^^^^^^^^^^^^^^^^^^^^^^^^^^^^^^^^^^
  File "E:\atc\venv\Lib\site-packages\starlette\concurrency.py", line 32, in run_in_threadpool
    return await anyio.to_thread.run_sync(func)
           ^^^^^^^^^^^^^^^^^^^^^^^^^^^^^^^^^^^^
  File "E:\atc\venv\Lib\site-packages\anyio\to_thread.py", line 63, in run_sync
    return await get_async_backend().run_sync_in_worker_thread(
           ^^^^^^^^^^^^^^^^^^^^^^^^^^^^^^^^^^^^^^^^^^^^^^^^^^^^
        func, args, abandon_on_cancel=abandon_on_cancel, limiter=limiter
        ^^^^^^^^^^^^^^^^^^^^^^^^^^^^^^^^^^^^^^^^^^^^^^^^^^^^^^^^^^^^^^^^
    )
    ^
  File "E:\atc\venv\Lib\site-packages\anyio\_backends\_asyncio.py", line 2518, in run_sync_in_worker_thread
    return await future
           ^^^^^^^^^^^^
  File "E:\atc\venv\Lib\site-packages\anyio\_backends\_asyncio.py", line 1002, in run
    result = context.run(func, *args)
  File "E:\atc\backend\main.py", line 841, in export_customers_json
    customers = get_customers(db=db)
  File "E:\atc\backend\main.py", line 816, in get_customers
    like = f"%{q.strip()}%"
               ^^^^^^^
AttributeError: 'Query' object has no attribute 'strip'
2026-04-07 22:04:42,804 [ERROR] pos-api: Global error on /api/customers/export: 'Query' object has no attribute 'strip'
Traceback (most recent call last):
  File "E:\atc\venv\Lib\site-packages\starlette\middleware\errors.py", line 164, in __call__
    await self.app(scope, receive, _send)
  File "E:\atc\venv\Lib\site-packages\starlette\middleware\cors.py", line 96, in __call__
    await self.simple_response(scope, receive, send, request_headers=headers)
  File "E:\atc\venv\Lib\site-packages\starlette\middleware\cors.py", line 154, in simple_response
    await self.app(scope, receive, send)
  File "E:\atc\venv\Lib\site-packages\starlette\middleware\exceptions.py", line 63, in __call__
    await wrap_app_handling_exceptions(self.app, conn)(scope, receive, send)
  File "E:\atc\venv\Lib\site-packages\starlette\_exception_handler.py", line 53, in wrapped_app
    raise exc
  File "E:\atc\venv\Lib\site-packages\starlette\_exception_handler.py", line 42, in wrapped_app
    await app(scope, receive, sender)
  File "E:\atc\venv\Lib\site-packages\fastapi\middleware\asyncexitstack.py", line 18, in __call__
    await self.app(scope, receive, send)
  File "E:\atc\venv\Lib\site-packages\starlette\routing.py", line 660, in __call__
    await self.middleware_stack(scope, receive, send)
  File "E:\atc\venv\Lib\site-packages\starlette\routing.py", line 680, in app
    await route.handle(scope, receive, send)
  File "E:\atc\venv\Lib\site-packages\starlette\routing.py", line 276, in handle
    await self.app(scope, receive, send)
  File "E:\atc\venv\Lib\site-packages\fastapi\routing.py", line 134, in app
    await wrap_app_handling_exceptions(app, request)(scope, receive, send)
  File "E:\atc\venv\Lib\site-packages\starlette\_exception_handler.py", line 53, in wrapped_app
    raise exc
  File "E:\atc\venv\Lib\site-packages\starlette\_exception_handler.py", line 42, in wrapped_app
    await app(scope, receive, sender)
  File "E:\atc\venv\Lib\site-packages\fastapi\routing.py", line 120, in app
    response = await f(request)
               ^^^^^^^^^^^^^^^^
  File "E:\atc\venv\Lib\site-packages\fastapi\routing.py", line 674, in app
    raw_response = await run_endpoint_function(
                   ^^^^^^^^^^^^^^^^^^^^^^^^^^^^
    ...<3 lines>...
    )
    ^
  File "E:\atc\venv\Lib\site-packages\fastapi\routing.py", line 330, in run_endpoint_function
    return await run_in_threadpool(dependant.call, **values)
           ^^^^^^^^^^^^^^^^^^^^^^^^^^^^^^^^^^^^^^^^^^^^^^^^^
  File "E:\atc\venv\Lib\site-packages\starlette\concurrency.py", line 32, in run_in_threadpool
    return await anyio.to_thread.run_sync(func)
           ^^^^^^^^^^^^^^^^^^^^^^^^^^^^^^^^^^^^
  File "E:\atc\venv\Lib\site-packages\anyio\to_thread.py", line 63, in run_sync
    return await get_async_backend().run_sync_in_worker_thread(
           ^^^^^^^^^^^^^^^^^^^^^^^^^^^^^^^^^^^^^^^^^^^^^^^^^^^^
        func, args, abandon_on_cancel=abandon_on_cancel, limiter=limiter
        ^^^^^^^^^^^^^^^^^^^^^^^^^^^^^^^^^^^^^^^^^^^^^^^^^^^^^^^^^^^^^^^^
    )
    ^
  File "E:\atc\venv\Lib\site-packages\anyio\_backends\_asyncio.py", line 2518, in run_sync_in_worker_thread
    return await future
           ^^^^^^^^^^^^
  File "E:\atc\venv\Lib\site-packages\anyio\_backends\_asyncio.py", line 1002, in run
    result = context.run(func, *args)
  File "E:\atc\backend\main.py", line 841, in export_customers_json
    customers = get_customers(db=db)
  File "E:\atc\backend\main.py", line 816, in get_customers
    like = f"%{q.strip()}%"
               ^^^^^^^
AttributeError: 'Query' object has no attribute 'strip'
2026-04-07 22:04:43,292 [ERROR] pos-api: Global error on /api/customers/export: 'Query' object has no attribute 'strip'
Traceback (most recent call last):
  File "E:\atc\venv\Lib\site-packages\starlette\middleware\errors.py", line 164, in __call__
    await self.app(scope, receive, _send)
  File "E:\atc\venv\Lib\site-packages\starlette\middleware\cors.py", line 96, in __call__
    await self.simple_response(scope, receive, send, request_headers=headers)
  File "E:\atc\venv\Lib\site-packages\starlette\middleware\cors.py", line 154, in simple_response
    await self.app(scope, receive, send)
  File "E:\atc\venv\Lib\site-packages\starlette\middleware\exceptions.py", line 63, in __call__
    await wrap_app_handling_exceptions(self.app, conn)(scope, receive, send)
  File "E:\atc\venv\Lib\site-packages\starlette\_exception_handler.py", line 53, in wrapped_app
    raise exc
  File "E:\atc\venv\Lib\site-packages\starlette\_exception_handler.py", line 42, in wrapped_app
    await app(scope, receive, sender)
  File "E:\atc\venv\Lib\site-packages\fastapi\middleware\asyncexitstack.py", line 18, in __call__
    await self.app(scope, receive, send)
  File "E:\atc\venv\Lib\site-packages\starlette\routing.py", line 660, in __call__
    await self.middleware_stack(scope, receive, send)
  File "E:\atc\venv\Lib\site-packages\starlette\routing.py", line 680, in app
    await route.handle(scope, receive, send)
  File "E:\atc\venv\Lib\site-packages\starlette\routing.py", line 276, in handle
    await self.app(scope, receive, send)
  File "E:\atc\venv\Lib\site-packages\fastapi\routing.py", line 134, in app
    await wrap_app_handling_exceptions(app, request)(scope, receive, send)
  File "E:\atc\venv\Lib\site-packages\starlette\_exception_handler.py", line 53, in wrapped_app
    raise exc
  File "E:\atc\venv\Lib\site-packages\starlette\_exception_handler.py", line 42, in wrapped_app
    await app(scope, receive, sender)
  File "E:\atc\venv\Lib\site-packages\fastapi\routing.py", line 120, in app
    response = await f(request)
               ^^^^^^^^^^^^^^^^
  File "E:\atc\venv\Lib\site-packages\fastapi\routing.py", line 674, in app
    raw_response = await run_endpoint_function(
                   ^^^^^^^^^^^^^^^^^^^^^^^^^^^^
    ...<3 lines>...
    )
    ^
  File "E:\atc\venv\Lib\site-packages\fastapi\routing.py", line 330, in run_endpoint_function
    return await run_in_threadpool(dependant.call, **values)
           ^^^^^^^^^^^^^^^^^^^^^^^^^^^^^^^^^^^^^^^^^^^^^^^^^
  File "E:\atc\venv\Lib\site-packages\starlette\concurrency.py", line 32, in run_in_threadpool
    return await anyio.to_thread.run_sync(func)
           ^^^^^^^^^^^^^^^^^^^^^^^^^^^^^^^^^^^^
  File "E:\atc\venv\Lib\site-packages\anyio\to_thread.py", line 63, in run_sync
    return await get_async_backend().run_sync_in_worker_thread(
           ^^^^^^^^^^^^^^^^^^^^^^^^^^^^^^^^^^^^^^^^^^^^^^^^^^^^
        func, args, abandon_on_cancel=abandon_on_cancel, limiter=limiter
        ^^^^^^^^^^^^^^^^^^^^^^^^^^^^^^^^^^^^^^^^^^^^^^^^^^^^^^^^^^^^^^^^
    )
    ^
  File "E:\atc\venv\Lib\site-packages\anyio\_backends\_asyncio.py", line 2518, in run_sync_in_worker_thread
    return await future
           ^^^^^^^^^^^^
  File "E:\atc\venv\Lib\site-packages\anyio\_backends\_asyncio.py", line 1002, in run
    result = context.run(func, *args)
  File "E:\atc\backend\main.py", line 841, in export_customers_json
    customers = get_customers(db=db)
  File "E:\atc\backend\main.py", line 816, in get_customers
    like = f"%{q.strip()}%"
               ^^^^^^^
AttributeError: 'Query' object has no attribute 'strip'
2026-04-07 22:04:43,372 [ERROR] pos-api: Global error on /api/customers/export: 'Query' object has no attribute 'strip'
Traceback (most recent call last):
  File "E:\atc\venv\Lib\site-packages\starlette\middleware\errors.py", line 164, in __call__
    await self.app(scope, receive, _send)
  File "E:\atc\venv\Lib\site-packages\starlette\middleware\cors.py", line 96, in __call__
    await self.simple_response(scope, receive, send, request_headers=headers)
  File "E:\atc\venv\Lib\site-packages\starlette\middleware\cors.py", line 154, in simple_response
    await self.app(scope, receive, send)
  File "E:\atc\venv\Lib\site-packages\starlette\middleware\exceptions.py", line 63, in __call__
    await wrap_app_handling_exceptions(self.app, conn)(scope, receive, send)
  File "E:\atc\venv\Lib\site-packages\starlette\_exception_handler.py", line 53, in wrapped_app
    raise exc
  File "E:\atc\venv\Lib\site-packages\starlette\_exception_handler.py", line 42, in wrapped_app
    await app(scope, receive, sender)
  File "E:\atc\venv\Lib\site-packages\fastapi\middleware\asyncexitstack.py", line 18, in __call__
    await self.app(scope, receive, send)
  File "E:\atc\venv\Lib\site-packages\starlette\routing.py", line 660, in __call__
    await self.middleware_stack(scope, receive, send)
  File "E:\atc\venv\Lib\site-packages\starlette\routing.py", line 680, in app
    await route.handle(scope, receive, send)
  File "E:\atc\venv\Lib\site-packages\starlette\routing.py", line 276, in handle
    await self.app(scope, receive, send)
  File "E:\atc\venv\Lib\site-packages\fastapi\routing.py", line 134, in app
    await wrap_app_handling_exceptions(app, request)(scope, receive, send)
  File "E:\atc\venv\Lib\site-packages\starlette\_exception_handler.py", line 53, in wrapped_app
    raise exc
  File "E:\atc\venv\Lib\site-packages\starlette\_exception_handler.py", line 42, in wrapped_app
    await app(scope, receive, sender)
  File "E:\atc\venv\Lib\site-packages\fastapi\routing.py", line 120, in app
    response = await f(request)
               ^^^^^^^^^^^^^^^^
  File "E:\atc\venv\Lib\site-packages\fastapi\routing.py", line 674, in app
    raw_response = await run_endpoint_function(
                   ^^^^^^^^^^^^^^^^^^^^^^^^^^^^
    ...<3 lines>...
    )
    ^
  File "E:\atc\venv\Lib\site-packages\fastapi\routing.py", line 330, in run_endpoint_function
    return await run_in_threadpool(dependant.call, **values)
           ^^^^^^^^^^^^^^^^^^^^^^^^^^^^^^^^^^^^^^^^^^^^^^^^^
  File "E:\atc\venv\Lib\site-packages\starlette\concurrency.py", line 32, in run_in_threadpool
    return await anyio.to_thread.run_sync(func)
           ^^^^^^^^^^^^^^^^^^^^^^^^^^^^^^^^^^^^
  File "E:\atc\venv\Lib\site-packages\anyio\to_thread.py", line 63, in run_sync
    return await get_async_backend().run_sync_in_worker_thread(
           ^^^^^^^^^^^^^^^^^^^^^^^^^^^^^^^^^^^^^^^^^^^^^^^^^^^^
        func, args, abandon_on_cancel=abandon_on_cancel, limiter=limiter
        ^^^^^^^^^^^^^^^^^^^^^^^^^^^^^^^^^^^^^^^^^^^^^^^^^^^^^^^^^^^^^^^^
    )
    ^
  File "E:\atc\venv\Lib\site-packages\anyio\_backends\_asyncio.py", line 2518, in run_sync_in_worker_thread
    return await future
           ^^^^^^^^^^^^
  File "E:\atc\venv\Lib\site-packages\anyio\_backends\_asyncio.py", line 1002, in run
    result = context.run(func, *args)
  File "E:\atc\backend\main.py", line 841, in export_customers_json
    customers = get_customers(db=db)
  File "E:\atc\backend\main.py", line 816, in get_customers
    like = f"%{q.strip()}%"
               ^^^^^^^
AttributeError: 'Query' object has no attribute 'strip'
2026-04-07 22:04:44,284 [ERROR] pos-api: Global error on /api/customers/export: 'Query' object has no attribute 'strip'
Traceback (most recent call last):
  File "E:\atc\venv\Lib\site-packages\starlette\middleware\errors.py", line 164, in __call__
    await self.app(scope, receive, _send)
  File "E:\atc\venv\Lib\site-packages\starlette\middleware\cors.py", line 96, in __call__
    await self.simple_response(scope, receive, send, request_headers=headers)
  File "E:\atc\venv\Lib\site-packages\starlette\middleware\cors.py", line 154, in simple_response
    await self.app(scope, receive, send)
  File "E:\atc\venv\Lib\site-packages\starlette\middleware\exceptions.py", line 63, in __call__
    await wrap_app_handling_exceptions(self.app, conn)(scope, receive, send)
  File "E:\atc\venv\Lib\site-packages\starlette\_exception_handler.py", line 53, in wrapped_app
    raise exc
  File "E:\atc\venv\Lib\site-packages\starlette\_exception_handler.py", line 42, in wrapped_app
    await app(scope, receive, sender)
  File "E:\atc\venv\Lib\site-packages\fastapi\middleware\asyncexitstack.py", line 18, in __call__
    await self.app(scope, receive, send)
  File "E:\atc\venv\Lib\site-packages\starlette\routing.py", line 660, in __call__
    await self.middleware_stack(scope, receive, send)
  File "E:\atc\venv\Lib\site-packages\starlette\routing.py", line 680, in app
    await route.handle(scope, receive, send)
  File "E:\atc\venv\Lib\site-packages\starlette\routing.py", line 276, in handle
    await self.app(scope, receive, send)
  File "E:\atc\venv\Lib\site-packages\fastapi\routing.py", line 134, in app
    await wrap_app_handling_exceptions(app, request)(scope, receive, send)
  File "E:\atc\venv\Lib\site-packages\starlette\_exception_handler.py", line 53, in wrapped_app
    raise exc
  File "E:\atc\venv\Lib\site-packages\starlette\_exception_handler.py", line 42, in wrapped_app
    await app(scope, receive, sender)
  File "E:\atc\venv\Lib\site-packages\fastapi\routing.py", line 120, in app
    response = await f(request)
               ^^^^^^^^^^^^^^^^
  File "E:\atc\venv\Lib\site-packages\fastapi\routing.py", line 674, in app
    raw_response = await run_endpoint_function(
                   ^^^^^^^^^^^^^^^^^^^^^^^^^^^^
    ...<3 lines>...
    )
    ^
  File "E:\atc\venv\Lib\site-packages\fastapi\routing.py", line 330, in run_endpoint_function
    return await run_in_threadpool(dependant.call, **values)
           ^^^^^^^^^^^^^^^^^^^^^^^^^^^^^^^^^^^^^^^^^^^^^^^^^
  File "E:\atc\venv\Lib\site-packages\starlette\concurrency.py", line 32, in run_in_threadpool
    return await anyio.to_thread.run_sync(func)
           ^^^^^^^^^^^^^^^^^^^^^^^^^^^^^^^^^^^^
  File "E:\atc\venv\Lib\site-packages\anyio\to_thread.py", line 63, in run_sync
    return await get_async_backend().run_sync_in_worker_thread(
           ^^^^^^^^^^^^^^^^^^^^^^^^^^^^^^^^^^^^^^^^^^^^^^^^^^^^
        func, args, abandon_on_cancel=abandon_on_cancel, limiter=limiter
        ^^^^^^^^^^^^^^^^^^^^^^^^^^^^^^^^^^^^^^^^^^^^^^^^^^^^^^^^^^^^^^^^
    )
    ^
  File "E:\atc\venv\Lib\site-packages\anyio\_backends\_asyncio.py", line 2518, in run_sync_in_worker_thread
    return await future
           ^^^^^^^^^^^^
  File "E:\atc\venv\Lib\site-packages\anyio\_backends\_asyncio.py", line 1002, in run
    result = context.run(func, *args)
  File "E:\atc\backend\main.py", line 841, in export_customers_json
    customers = get_customers(db=db)
  File "E:\atc\backend\main.py", line 816, in get_customers
    like = f"%{q.strip()}%"
               ^^^^^^^
AttributeError: 'Query' object has no attribute 'strip'
2026-04-07 22:04:44,932 [ERROR] pos-api: Global error on /api/customers/export: 'Query' object has no attribute 'strip'
Traceback (most recent call last):
  File "E:\atc\venv\Lib\site-packages\starlette\middleware\errors.py", line 164, in __call__
    await self.app(scope, receive, _send)
  File "E:\atc\venv\Lib\site-packages\starlette\middleware\cors.py", line 96, in __call__
    await self.simple_response(scope, receive, send, request_headers=headers)
  File "E:\atc\venv\Lib\site-packages\starlette\middleware\cors.py", line 154, in simple_response
    await self.app(scope, receive, send)
  File "E:\atc\venv\Lib\site-packages\starlette\middleware\exceptions.py", line 63, in __call__
    await wrap_app_handling_exceptions(self.app, conn)(scope, receive, send)
  File "E:\atc\venv\Lib\site-packages\starlette\_exception_handler.py", line 53, in wrapped_app
    raise exc
  File "E:\atc\venv\Lib\site-packages\starlette\_exception_handler.py", line 42, in wrapped_app
    await app(scope, receive, sender)
  File "E:\atc\venv\Lib\site-packages\fastapi\middleware\asyncexitstack.py", line 18, in __call__
    await self.app(scope, receive, send)
  File "E:\atc\venv\Lib\site-packages\starlette\routing.py", line 660, in __call__
    await self.middleware_stack(scope, receive, send)
  File "E:\atc\venv\Lib\site-packages\starlette\routing.py", line 680, in app
    await route.handle(scope, receive, send)
  File "E:\atc\venv\Lib\site-packages\starlette\routing.py", line 276, in handle
    await self.app(scope, receive, send)
  File "E:\atc\venv\Lib\site-packages\fastapi\routing.py", line 134, in app
    await wrap_app_handling_exceptions(app, request)(scope, receive, send)
  File "E:\atc\venv\Lib\site-packages\starlette\_exception_handler.py", line 53, in wrapped_app
    raise exc
  File "E:\atc\venv\Lib\site-packages\starlette\_exception_handler.py", line 42, in wrapped_app
    await app(scope, receive, sender)
  File "E:\atc\venv\Lib\site-packages\fastapi\routing.py", line 120, in app
    response = await f(request)
               ^^^^^^^^^^^^^^^^
  File "E:\atc\venv\Lib\site-packages\fastapi\routing.py", line 674, in app
    raw_response = await run_endpoint_function(
                   ^^^^^^^^^^^^^^^^^^^^^^^^^^^^
    ...<3 lines>...
    )
    ^
  File "E:\atc\venv\Lib\site-packages\fastapi\routing.py", line 330, in run_endpoint_function
    return await run_in_threadpool(dependant.call, **values)
           ^^^^^^^^^^^^^^^^^^^^^^^^^^^^^^^^^^^^^^^^^^^^^^^^^
  File "E:\atc\venv\Lib\site-packages\starlette\concurrency.py", line 32, in run_in_threadpool
    return await anyio.to_thread.run_sync(func)
           ^^^^^^^^^^^^^^^^^^^^^^^^^^^^^^^^^^^^
  File "E:\atc\venv\Lib\site-packages\anyio\to_thread.py", line 63, in run_sync
    return await get_async_backend().run_sync_in_worker_thread(
           ^^^^^^^^^^^^^^^^^^^^^^^^^^^^^^^^^^^^^^^^^^^^^^^^^^^^
        func, args, abandon_on_cancel=abandon_on_cancel, limiter=limiter
        ^^^^^^^^^^^^^^^^^^^^^^^^^^^^^^^^^^^^^^^^^^^^^^^^^^^^^^^^^^^^^^^^
    )
    ^
  File "E:\atc\venv\Lib\site-packages\anyio\_backends\_asyncio.py", line 2518, in run_sync_in_worker_thread
    return await future
           ^^^^^^^^^^^^
  File "E:\atc\venv\Lib\site-packages\anyio\_backends\_asyncio.py", line 1002, in run
    result = context.run(func, *args)
  File "E:\atc\backend\main.py", line 841, in export_customers_json
    customers = get_customers(db=db)
  File "E:\atc\backend\main.py", line 816, in get_customers
    like = f"%{q.strip()}%"
               ^^^^^^^
AttributeError: 'Query' object has no attribute 'strip'
2026-04-08 12:18:28,196 [INFO] pos-api: User logged in: owner (Role: Admin)
2026-04-08 12:20:55,861 [ERROR] pos-api: Global error on /api/customers/export: 'Query' object has no attribute 'strip'
Traceback (most recent call last):
  File "E:\atc\venv\Lib\site-packages\starlette\middleware\errors.py", line 164, in __call__
    await self.app(scope, receive, _send)
  File "E:\atc\venv\Lib\site-packages\starlette\middleware\cors.py", line 96, in __call__
    await self.simple_response(scope, receive, send, request_headers=headers)
  File "E:\atc\venv\Lib\site-packages\starlette\middleware\cors.py", line 154, in simple_response
    await self.app(scope, receive, send)
  File "E:\atc\venv\Lib\site-packages\starlette\middleware\exceptions.py", line 63, in __call__
    await wrap_app_handling_exceptions(self.app, conn)(scope, receive, send)
  File "E:\atc\venv\Lib\site-packages\starlette\_exception_handler.py", line 53, in wrapped_app
    raise exc
  File "E:\atc\venv\Lib\site-packages\starlette\_exception_handler.py", line 42, in wrapped_app
    await app(scope, receive, sender)
  File "E:\atc\venv\Lib\site-packages\fastapi\middleware\asyncexitstack.py", line 18, in __call__
    await self.app(scope, receive, send)
  File "E:\atc\venv\Lib\site-packages\starlette\routing.py", line 660, in __call__
    await self.middleware_stack(scope, receive, send)
  File "E:\atc\venv\Lib\site-packages\starlette\routing.py", line 680, in app
    await route.handle(scope, receive, send)
  File "E:\atc\venv\Lib\site-packages\starlette\routing.py", line 276, in handle
    await self.app(scope, receive, send)
  File "E:\atc\venv\Lib\site-packages\fastapi\routing.py", line 134, in app
    await wrap_app_handling_exceptions(app, request)(scope, receive, send)
  File "E:\atc\venv\Lib\site-packages\starlette\_exception_handler.py", line 53, in wrapped_app
    raise exc
  File "E:\atc\venv\Lib\site-packages\starlette\_exception_handler.py", line 42, in wrapped_app
    await app(scope, receive, sender)
  File "E:\atc\venv\Lib\site-packages\fastapi\routing.py", line 120, in app
    response = await f(request)
               ^^^^^^^^^^^^^^^^
  File "E:\atc\venv\Lib\site-packages\fastapi\routing.py", line 674, in app
    raw_response = await run_endpoint_function(
                   ^^^^^^^^^^^^^^^^^^^^^^^^^^^^
    ...<3 lines>...
    )
    ^
  File "E:\atc\venv\Lib\site-packages\fastapi\routing.py", line 330, in run_endpoint_function
    return await run_in_threadpool(dependant.call, **values)
           ^^^^^^^^^^^^^^^^^^^^^^^^^^^^^^^^^^^^^^^^^^^^^^^^^
  File "E:\atc\venv\Lib\site-packages\starlette\concurrency.py", line 32, in run_in_threadpool
    return await anyio.to_thread.run_sync(func)
           ^^^^^^^^^^^^^^^^^^^^^^^^^^^^^^^^^^^^
  File "E:\atc\venv\Lib\site-packages\anyio\to_thread.py", line 63, in run_sync
    return await get_async_backend().run_sync_in_worker_thread(
           ^^^^^^^^^^^^^^^^^^^^^^^^^^^^^^^^^^^^^^^^^^^^^^^^^^^^
        func, args, abandon_on_cancel=abandon_on_cancel, limiter=limiter
        ^^^^^^^^^^^^^^^^^^^^^^^^^^^^^^^^^^^^^^^^^^^^^^^^^^^^^^^^^^^^^^^^
    )
    ^
  File "E:\atc\venv\Lib\site-packages\anyio\_backends\_asyncio.py", line 2518, in run_sync_in_worker_thread
    return await future
           ^^^^^^^^^^^^
  File "E:\atc\venv\Lib\site-packages\anyio\_backends\_asyncio.py", line 1002, in run
    result = context.run(func, *args)
  File "E:\atc\backend\main.py", line 841, in export_customers_json
    customers = get_customers(db=db)
  File "E:\atc\backend\main.py", line 816, in get_customers
    like = f"%{q.strip()}%"
               ^^^^^^^
AttributeError: 'Query' object has no attribute 'strip'
2026-04-08 12:21:43,933 [ERROR] pos-api: Global error on /api/customers/export: 'Query' object has no attribute 'strip'
Traceback (most recent call last):
  File "E:\atc\venv\Lib\site-packages\starlette\middleware\errors.py", line 164, in __call__
    await self.app(scope, receive, _send)
  File "E:\atc\venv\Lib\site-packages\starlette\middleware\cors.py", line 96, in __call__
    await self.simple_response(scope, receive, send, request_headers=headers)
  File "E:\atc\venv\Lib\site-packages\starlette\middleware\cors.py", line 154, in simple_response
    await self.app(scope, receive, send)
  File "E:\atc\venv\Lib\site-packages\starlette\middleware\exceptions.py", line 63, in __call__
    await wrap_app_handling_exceptions(self.app, conn)(scope, receive, send)
  File "E:\atc\venv\Lib\site-packages\starlette\_exception_handler.py", line 53, in wrapped_app
    raise exc
  File "E:\atc\venv\Lib\site-packages\starlette\_exception_handler.py", line 42, in wrapped_app
    await app(scope, receive, sender)
  File "E:\atc\venv\Lib\site-packages\fastapi\middleware\asyncexitstack.py", line 18, in __call__
    await self.app(scope, receive, send)
  File "E:\atc\venv\Lib\site-packages\starlette\routing.py", line 660, in __call__
    await self.middleware_stack(scope, receive, send)
  File "E:\atc\venv\Lib\site-packages\starlette\routing.py", line 680, in app
    await route.handle(scope, receive, send)
  File "E:\atc\venv\Lib\site-packages\starlette\routing.py", line 276, in handle
    await self.app(scope, receive, send)
  File "E:\atc\venv\Lib\site-packages\fastapi\routing.py", line 134, in app
    await wrap_app_handling_exceptions(app, request)(scope, receive, send)
  File "E:\atc\venv\Lib\site-packages\starlette\_exception_handler.py", line 53, in wrapped_app
    raise exc
  File "E:\atc\venv\Lib\site-packages\starlette\_exception_handler.py", line 42, in wrapped_app
    await app(scope, receive, sender)
  File "E:\atc\venv\Lib\site-packages\fastapi\routing.py", line 120, in app
    response = await f(request)
               ^^^^^^^^^^^^^^^^
  File "E:\atc\venv\Lib\site-packages\fastapi\routing.py", line 674, in app
    raw_response = await run_endpoint_function(
                   ^^^^^^^^^^^^^^^^^^^^^^^^^^^^
    ...<3 lines>...
    )
    ^
  File "E:\atc\venv\Lib\site-packages\fastapi\routing.py", line 330, in run_endpoint_function
    return await run_in_threadpool(dependant.call, **values)
           ^^^^^^^^^^^^^^^^^^^^^^^^^^^^^^^^^^^^^^^^^^^^^^^^^
  File "E:\atc\venv\Lib\site-packages\starlette\concurrency.py", line 32, in run_in_threadpool
    return await anyio.to_thread.run_sync(func)
           ^^^^^^^^^^^^^^^^^^^^^^^^^^^^^^^^^^^^
  File "E:\atc\venv\Lib\site-packages\anyio\to_thread.py", line 63, in run_sync
    return await get_async_backend().run_sync_in_worker_thread(
           ^^^^^^^^^^^^^^^^^^^^^^^^^^^^^^^^^^^^^^^^^^^^^^^^^^^^
        func, args, abandon_on_cancel=abandon_on_cancel, limiter=limiter
        ^^^^^^^^^^^^^^^^^^^^^^^^^^^^^^^^^^^^^^^^^^^^^^^^^^^^^^^^^^^^^^^^
    )
    ^
  File "E:\atc\venv\Lib\site-packages\anyio\_backends\_asyncio.py", line 2518, in run_sync_in_worker_thread
    return await future
           ^^^^^^^^^^^^
  File "E:\atc\venv\Lib\site-packages\anyio\_backends\_asyncio.py", line 1002, in run
    result = context.run(func, *args)
  File "E:\atc\backend\main.py", line 841, in export_customers_json
    customers = get_customers(db=db)
  File "E:\atc\backend\main.py", line 816, in get_customers
    like = f"%{q.strip()}%"
               ^^^^^^^
AttributeError: 'Query' object has no attribute 'strip'
2026-04-08 12:21:45,807 [ERROR] pos-api: Global error on /api/customers/export: 'Query' object has no attribute 'strip'
Traceback (most recent call last):
  File "E:\atc\venv\Lib\site-packages\starlette\middleware\errors.py", line 164, in __call__
    await self.app(scope, receive, _send)
  File "E:\atc\venv\Lib\site-packages\starlette\middleware\cors.py", line 96, in __call__
    await self.simple_response(scope, receive, send, request_headers=headers)
  File "E:\atc\venv\Lib\site-packages\starlette\middleware\cors.py", line 154, in simple_response
    await self.app(scope, receive, send)
  File "E:\atc\venv\Lib\site-packages\starlette\middleware\exceptions.py", line 63, in __call__
    await wrap_app_handling_exceptions(self.app, conn)(scope, receive, send)
  File "E:\atc\venv\Lib\site-packages\starlette\_exception_handler.py", line 53, in wrapped_app
    raise exc
  File "E:\atc\venv\Lib\site-packages\starlette\_exception_handler.py", line 42, in wrapped_app
    await app(scope, receive, sender)
  File "E:\atc\venv\Lib\site-packages\fastapi\middleware\asyncexitstack.py", line 18, in __call__
    await self.app(scope, receive, send)
  File "E:\atc\venv\Lib\site-packages\starlette\routing.py", line 660, in __call__
    await self.middleware_stack(scope, receive, send)
  File "E:\atc\venv\Lib\site-packages\starlette\routing.py", line 680, in app
    await route.handle(scope, receive, send)
  File "E:\atc\venv\Lib\site-packages\starlette\routing.py", line 276, in handle
    await self.app(scope, receive, send)
  File "E:\atc\venv\Lib\site-packages\fastapi\routing.py", line 134, in app
    await wrap_app_handling_exceptions(app, request)(scope, receive, send)
  File "E:\atc\venv\Lib\site-packages\starlette\_exception_handler.py", line 53, in wrapped_app
    raise exc
  File "E:\atc\venv\Lib\site-packages\starlette\_exception_handler.py", line 42, in wrapped_app
    await app(scope, receive, sender)
  File "E:\atc\venv\Lib\site-packages\fastapi\routing.py", line 120, in app
    response = await f(request)
               ^^^^^^^^^^^^^^^^
  File "E:\atc\venv\Lib\site-packages\fastapi\routing.py", line 674, in app
    raw_response = await run_endpoint_function(
                   ^^^^^^^^^^^^^^^^^^^^^^^^^^^^
    ...<3 lines>...
    )
    ^
  File "E:\atc\venv\Lib\site-packages\fastapi\routing.py", line 330, in run_endpoint_function
    return await run_in_threadpool(dependant.call, **values)
           ^^^^^^^^^^^^^^^^^^^^^^^^^^^^^^^^^^^^^^^^^^^^^^^^^
  File "E:\atc\venv\Lib\site-packages\starlette\concurrency.py", line 32, in run_in_threadpool
    return await anyio.to_thread.run_sync(func)
           ^^^^^^^^^^^^^^^^^^^^^^^^^^^^^^^^^^^^
  File "E:\atc\venv\Lib\site-packages\anyio\to_thread.py", line 63, in run_sync
    return await get_async_backend().run_sync_in_worker_thread(
           ^^^^^^^^^^^^^^^^^^^^^^^^^^^^^^^^^^^^^^^^^^^^^^^^^^^^
        func, args, abandon_on_cancel=abandon_on_cancel, limiter=limiter
        ^^^^^^^^^^^^^^^^^^^^^^^^^^^^^^^^^^^^^^^^^^^^^^^^^^^^^^^^^^^^^^^^
    )
    ^
  File "E:\atc\venv\Lib\site-packages\anyio\_backends\_asyncio.py", line 2518, in run_sync_in_worker_thread
    return await future
           ^^^^^^^^^^^^
  File "E:\atc\venv\Lib\site-packages\anyio\_backends\_asyncio.py", line 1002, in run
    result = context.run(func, *args)
  File "E:\atc\backend\main.py", line 841, in export_customers_json
    customers = get_customers(db=db)
  File "E:\atc\backend\main.py", line 816, in get_customers
    like = f"%{q.strip()}%"
               ^^^^^^^
AttributeError: 'Query' object has no attribute 'strip'
2026-04-08 12:21:46,693 [ERROR] pos-api: Global error on /api/customers/export: 'Query' object has no attribute 'strip'
Traceback (most recent call last):
  File "E:\atc\venv\Lib\site-packages\starlette\middleware\errors.py", line 164, in __call__
    await self.app(scope, receive, _send)
  File "E:\atc\venv\Lib\site-packages\starlette\middleware\cors.py", line 96, in __call__
    await self.simple_response(scope, receive, send, request_headers=headers)
  File "E:\atc\venv\Lib\site-packages\starlette\middleware\cors.py", line 154, in simple_response
    await self.app(scope, receive, send)
  File "E:\atc\venv\Lib\site-packages\starlette\middleware\exceptions.py", line 63, in __call__
    await wrap_app_handling_exceptions(self.app, conn)(scope, receive, send)
  File "E:\atc\venv\Lib\site-packages\starlette\_exception_handler.py", line 53, in wrapped_app
    raise exc
  File "E:\atc\venv\Lib\site-packages\starlette\_exception_handler.py", line 42, in wrapped_app
    await app(scope, receive, sender)
  File "E:\atc\venv\Lib\site-packages\fastapi\middleware\asyncexitstack.py", line 18, in __call__
    await self.app(scope, receive, send)
  File "E:\atc\venv\Lib\site-packages\starlette\routing.py", line 660, in __call__
    await self.middleware_stack(scope, receive, send)
  File "E:\atc\venv\Lib\site-packages\starlette\routing.py", line 680, in app
    await route.handle(scope, receive, send)
  File "E:\atc\venv\Lib\site-packages\starlette\routing.py", line 276, in handle
    await self.app(scope, receive, send)
  File "E:\atc\venv\Lib\site-packages\fastapi\routing.py", line 134, in app
    await wrap_app_handling_exceptions(app, request)(scope, receive, send)
  File "E:\atc\venv\Lib\site-packages\starlette\_exception_handler.py", line 53, in wrapped_app
    raise exc
  File "E:\atc\venv\Lib\site-packages\starlette\_exception_handler.py", line 42, in wrapped_app
    await app(scope, receive, sender)
  File "E:\atc\venv\Lib\site-packages\fastapi\routing.py", line 120, in app
    response = await f(request)
               ^^^^^^^^^^^^^^^^
  File "E:\atc\venv\Lib\site-packages\fastapi\routing.py", line 674, in app
    raw_response = await run_endpoint_function(
                   ^^^^^^^^^^^^^^^^^^^^^^^^^^^^
    ...<3 lines>...
    )
    ^
  File "E:\atc\venv\Lib\site-packages\fastapi\routing.py", line 330, in run_endpoint_function
    return await run_in_threadpool(dependant.call, **values)
           ^^^^^^^^^^^^^^^^^^^^^^^^^^^^^^^^^^^^^^^^^^^^^^^^^
  File "E:\atc\venv\Lib\site-packages\starlette\concurrency.py", line 32, in run_in_threadpool
    return await anyio.to_thread.run_sync(func)
           ^^^^^^^^^^^^^^^^^^^^^^^^^^^^^^^^^^^^
  File "E:\atc\venv\Lib\site-packages\anyio\to_thread.py", line 63, in run_sync
    return await get_async_backend().run_sync_in_worker_thread(
           ^^^^^^^^^^^^^^^^^^^^^^^^^^^^^^^^^^^^^^^^^^^^^^^^^^^^
        func, args, abandon_on_cancel=abandon_on_cancel, limiter=limiter
        ^^^^^^^^^^^^^^^^^^^^^^^^^^^^^^^^^^^^^^^^^^^^^^^^^^^^^^^^^^^^^^^^
    )
    ^
  File "E:\atc\venv\Lib\site-packages\anyio\_backends\_asyncio.py", line 2518, in run_sync_in_worker_thread
    return await future
           ^^^^^^^^^^^^
  File "E:\atc\venv\Lib\site-packages\anyio\_backends\_asyncio.py", line 1002, in run
    result = context.run(func, *args)
  File "E:\atc\backend\main.py", line 841, in export_customers_json
    customers = get_customers(db=db)
  File "E:\atc\backend\main.py", line 816, in get_customers
    like = f"%{q.strip()}%"
               ^^^^^^^
AttributeError: 'Query' object has no attribute 'strip'
2026-04-10 12:25:24,827 [INFO] pos-api: User logged in: owner (Role: Admin)
2026-04-12 17:45:12,815 [WARNING] pos-api: Failed login attempt for user: owner
2026-04-12 17:45:24,183 [WARNING] pos-api: Failed login attempt for user: owner
2026-04-12 17:45:25,782 [WARNING] pos-api: Failed login attempt for user: owner
2026-04-12 17:45:26,383 [WARNING] pos-api: Failed login attempt for user: owner
2026-04-12 17:45:26,936 [WARNING] pos-api: Failed login attempt for user: owner
2026-04-12 17:45:45,431 [INFO] pos-api: User logged in: owner (Role: Admin)
2026-04-12 17:47:35,863 [INFO] pos-api: Sale created: INV-20260412114735853411 | Total: 50.0 | User: owner
2026-04-13 00:08:28,520 [ERROR] fastapi: Form data requires "python-multipart" to be installed. 
You can install "python-multipart" with: 

pip install python-multipart

2026-04-13 00:10:28,718 [INFO] pos-api: Sale created: INV-20260413-0001 | Total: 630.0 | User: owner
2026-04-13 00:11:32,057 [WARNING] pos-api: Failed login attempt for user: owner
2026-04-13 00:11:40,304 [INFO] pos-api: User logged in: owner (Role: Admin)
2026-04-13 00:12:38,689 [INFO] pos-api: User logged in: sunny (Role: Cashier)
2026-04-13 00:15:18,433 [INFO] pos-api: User logged in: owner (Role: Admin)
2026-04-13 00:16:57,267 [INFO] pos-api: Sale created: INV-20260413-0002 | Total: 50.0 | User: owner
2026-04-13 00:21:52,613 [INFO] pos-api: User logged in: sunny (Role: Cashier)
2026-04-13 00:25:27,217 [INFO] pos-api: User logged in: owner (Role: Admin)
2026-04-13 00:27:44,603 [INFO] pos-api: User logged in: sunny (Role: Cashier)
2026-04-13 01:02:00,015 [INFO] pos-api: User logged in: owner (Role: Admin)
2026-04-13 02:44:13,651 [INFO] pos-api: Sale created: INV-20260413-0003 | Total: 570.0 | User: owner
2026-04-13 02:58:26,593 [INFO] pos-api: Company settings updated
2026-04-13 03:01:53,425 [INFO] pos-api: Sale created: INV-20260413-0001 | Total: 310.5 | User: owner
2026-04-13 12:36:19,681 [INFO] pos-api: Sale created: INV-20260413-0002 | Total: 770.5 | User: owner
2026-04-13 20:30:50,332 [ERROR] pos-api: Global error on /api/settings/company: 'dict' object has no attribute 'dict'
Traceback (most recent call last):
  File "E:\atc\venv\Lib\site-packages\starlette\middleware\errors.py", line 164, in __call__
    await self.app(scope, receive, _send)
  File "E:\atc\venv\Lib\site-packages\starlette\middleware\cors.py", line 96, in __call__
    await self.simple_response(scope, receive, send, request_headers=headers)
  File "E:\atc\venv\Lib\site-packages\starlette\middleware\cors.py", line 154, in simple_response
    await self.app(scope, receive, send)
  File "E:\atc\venv\Lib\site-packages\starlette\middleware\exceptions.py", line 63, in __call__
    await wrap_app_handling_exceptions(self.app, conn)(scope, receive, send)
  File "E:\atc\venv\Lib\site-packages\starlette\_exception_handler.py", line 53, in wrapped_app
    raise exc
  File "E:\atc\venv\Lib\site-packages\starlette\_exception_handler.py", line 42, in wrapped_app
    await app(scope, receive, sender)
  File "E:\atc\venv\Lib\site-packages\fastapi\middleware\asyncexitstack.py", line 18, in __call__
    await self.app(scope, receive, send)
  File "E:\atc\venv\Lib\site-packages\starlette\routing.py", line 660, in __call__
    await self.middleware_stack(scope, receive, send)
  File "E:\atc\venv\Lib\site-packages\starlette\routing.py", line 680, in app
    await route.handle(scope, receive, send)
  File "E:\atc\venv\Lib\site-packages\starlette\routing.py", line 276, in handle
    await self.app(scope, receive, send)
  File "E:\atc\venv\Lib\site-packages\fastapi\routing.py", line 134, in app
    await wrap_app_handling_exceptions(app, request)(scope, receive, send)
  File "E:\atc\venv\Lib\site-packages\starlette\_exception_handler.py", line 53, in wrapped_app
    raise exc
  File "E:\atc\venv\Lib\site-packages\starlette\_exception_handler.py", line 42, in wrapped_app
    await app(scope, receive, sender)
  File "E:\atc\venv\Lib\site-packages\fastapi\routing.py", line 120, in app
    response = await f(request)
               ^^^^^^^^^^^^^^^^
  File "E:\atc\venv\Lib\site-packages\fastapi\routing.py", line 674, in app
    raw_response = await run_endpoint_function(
                   ^^^^^^^^^^^^^^^^^^^^^^^^^^^^
    ...<3 lines>...
    )
    ^
  File "E:\atc\venv\Lib\site-packages\fastapi\routing.py", line 330, in run_endpoint_function
    return await run_in_threadpool(dependant.call, **values)
           ^^^^^^^^^^^^^^^^^^^^^^^^^^^^^^^^^^^^^^^^^^^^^^^^^
  File "E:\atc\venv\Lib\site-packages\starlette\concurrency.py", line 32, in run_in_threadpool
    return await anyio.to_thread.run_sync(func)
           ^^^^^^^^^^^^^^^^^^^^^^^^^^^^^^^^^^^^
  File "E:\atc\venv\Lib\site-packages\anyio\to_thread.py", line 63, in run_sync
    return await get_async_backend().run_sync_in_worker_thread(
           ^^^^^^^^^^^^^^^^^^^^^^^^^^^^^^^^^^^^^^^^^^^^^^^^^^^^
        func, args, abandon_on_cancel=abandon_on_cancel, limiter=limiter
        ^^^^^^^^^^^^^^^^^^^^^^^^^^^^^^^^^^^^^^^^^^^^^^^^^^^^^^^^^^^^^^^^
    )
    ^
  File "E:\atc\venv\Lib\site-packages\anyio\_backends\_asyncio.py", line 2518, in run_sync_in_worker_thread
    return await future
           ^^^^^^^^^^^^
  File "E:\atc\venv\Lib\site-packages\anyio\_backends\_asyncio.py", line 1002, in run
    result = context.run(func, *args)
  File "E:\atc\backend\main.py", line 820, in update_company_settings
    profile.charge_presets_json = serialize_charge_items(value or [])
                                  ~~~~~~~~~~~~~~~~~~~~~~^^^^^^^^^^^^^
  File "E:\atc\backend\main.py", line 188, in serialize_charge_items
    return json.dumps([item.model_dump() if hasattr(item, "model_dump") else item.dict() for item in items], ensure_ascii=False)
                                                                             ^^^^^^^^^
AttributeError: 'dict' object has no attribute 'dict'
2026-04-13 20:30:51,863 [ERROR] pos-api: Global error on /api/settings/company: 'dict' object has no attribute 'dict'
Traceback (most recent call last):
  File "E:\atc\venv\Lib\site-packages\starlette\middleware\errors.py", line 164, in __call__
    await self.app(scope, receive, _send)
  File "E:\atc\venv\Lib\site-packages\starlette\middleware\cors.py", line 96, in __call__
    await self.simple_response(scope, receive, send, request_headers=headers)
  File "E:\atc\venv\Lib\site-packages\starlette\middleware\cors.py", line 154, in simple_response
    await self.app(scope, receive, send)
  File "E:\atc\venv\Lib\site-packages\starlette\middleware\exceptions.py", line 63, in __call__
    await wrap_app_handling_exceptions(self.app, conn)(scope, receive, send)
  File "E:\atc\venv\Lib\site-packages\starlette\_exception_handler.py", line 53, in wrapped_app
    raise exc
  File "E:\atc\venv\Lib\site-packages\starlette\_exception_handler.py", line 42, in wrapped_app
    await app(scope, receive, sender)
  File "E:\atc\venv\Lib\site-packages\fastapi\middleware\asyncexitstack.py", line 18, in __call__
    await self.app(scope, receive, send)
  File "E:\atc\venv\Lib\site-packages\starlette\routing.py", line 660, in __call__
    await self.middleware_stack(scope, receive, send)
  File "E:\atc\venv\Lib\site-packages\starlette\routing.py", line 680, in app
    await route.handle(scope, receive, send)
  File "E:\atc\venv\Lib\site-packages\starlette\routing.py", line 276, in handle
    await self.app(scope, receive, send)
  File "E:\atc\venv\Lib\site-packages\fastapi\routing.py", line 134, in app
    await wrap_app_handling_exceptions(app, request)(scope, receive, send)
  File "E:\atc\venv\Lib\site-packages\starlette\_exception_handler.py", line 53, in wrapped_app
    raise exc
  File "E:\atc\venv\Lib\site-packages\starlette\_exception_handler.py", line 42, in wrapped_app
    await app(scope, receive, sender)
  File "E:\atc\venv\Lib\site-packages\fastapi\routing.py", line 120, in app
    response = await f(request)
               ^^^^^^^^^^^^^^^^
  File "E:\atc\venv\Lib\site-packages\fastapi\routing.py", line 674, in app
    raw_response = await run_endpoint_function(
                   ^^^^^^^^^^^^^^^^^^^^^^^^^^^^
    ...<3 lines>...
    )
    ^
  File "E:\atc\venv\Lib\site-packages\fastapi\routing.py", line 330, in run_endpoint_function
    return await run_in_threadpool(dependant.call, **values)
           ^^^^^^^^^^^^^^^^^^^^^^^^^^^^^^^^^^^^^^^^^^^^^^^^^
  File "E:\atc\venv\Lib\site-packages\starlette\concurrency.py", line 32, in run_in_threadpool
    return await anyio.to_thread.run_sync(func)
           ^^^^^^^^^^^^^^^^^^^^^^^^^^^^^^^^^^^^
  File "E:\atc\venv\Lib\site-packages\anyio\to_thread.py", line 63, in run_sync
    return await get_async_backend().run_sync_in_worker_thread(
           ^^^^^^^^^^^^^^^^^^^^^^^^^^^^^^^^^^^^^^^^^^^^^^^^^^^^
        func, args, abandon_on_cancel=abandon_on_cancel, limiter=limiter
        ^^^^^^^^^^^^^^^^^^^^^^^^^^^^^^^^^^^^^^^^^^^^^^^^^^^^^^^^^^^^^^^^
    )
    ^
  File "E:\atc\venv\Lib\site-packages\anyio\_backends\_asyncio.py", line 2518, in run_sync_in_worker_thread
    return await future
           ^^^^^^^^^^^^
  File "E:\atc\venv\Lib\site-packages\anyio\_backends\_asyncio.py", line 1002, in run
    result = context.run(func, *args)
  File "E:\atc\backend\main.py", line 820, in update_company_settings
    profile.charge_presets_json = serialize_charge_items(value or [])
                                  ~~~~~~~~~~~~~~~~~~~~~~^^^^^^^^^^^^^
  File "E:\atc\backend\main.py", line 188, in serialize_charge_items
    return json.dumps([item.model_dump() if hasattr(item, "model_dump") else item.dict() for item in items], ensure_ascii=False)
                                                                             ^^^^^^^^^
AttributeError: 'dict' object has no attribute 'dict'
2026-04-13 20:30:52,447 [ERROR] pos-api: Global error on /api/settings/company: 'dict' object has no attribute 'dict'
Traceback (most recent call last):
  File "E:\atc\venv\Lib\site-packages\starlette\middleware\errors.py", line 164, in __call__
    await self.app(scope, receive, _send)
  File "E:\atc\venv\Lib\site-packages\starlette\middleware\cors.py", line 96, in __call__
    await self.simple_response(scope, receive, send, request_headers=headers)
  File "E:\atc\venv\Lib\site-packages\starlette\middleware\cors.py", line 154, in simple_response
    await self.app(scope, receive, send)
  File "E:\atc\venv\Lib\site-packages\starlette\middleware\exceptions.py", line 63, in __call__
    await wrap_app_handling_exceptions(self.app, conn)(scope, receive, send)
  File "E:\atc\venv\Lib\site-packages\starlette\_exception_handler.py", line 53, in wrapped_app
    raise exc
  File "E:\atc\venv\Lib\site-packages\starlette\_exception_handler.py", line 42, in wrapped_app
    await app(scope, receive, sender)
  File "E:\atc\venv\Lib\site-packages\fastapi\middleware\asyncexitstack.py", line 18, in __call__
    await self.app(scope, receive, send)
  File "E:\atc\venv\Lib\site-packages\starlette\routing.py", line 660, in __call__
    await self.middleware_stack(scope, receive, send)
  File "E:\atc\venv\Lib\site-packages\starlette\routing.py", line 680, in app
    await route.handle(scope, receive, send)
  File "E:\atc\venv\Lib\site-packages\starlette\routing.py", line 276, in handle
    await self.app(scope, receive, send)
  File "E:\atc\venv\Lib\site-packages\fastapi\routing.py", line 134, in app
    await wrap_app_handling_exceptions(app, request)(scope, receive, send)
  File "E:\atc\venv\Lib\site-packages\starlette\_exception_handler.py", line 53, in wrapped_app
    raise exc
  File "E:\atc\venv\Lib\site-packages\starlette\_exception_handler.py", line 42, in wrapped_app
    await app(scope, receive, sender)
  File "E:\atc\venv\Lib\site-packages\fastapi\routing.py", line 120, in app
    response = await f(request)
               ^^^^^^^^^^^^^^^^
  File "E:\atc\venv\Lib\site-packages\fastapi\routing.py", line 674, in app
    raw_response = await run_endpoint_function(
                   ^^^^^^^^^^^^^^^^^^^^^^^^^^^^
    ...<3 lines>...
    )
    ^
  File "E:\atc\venv\Lib\site-packages\fastapi\routing.py", line 330, in run_endpoint_function
    return await run_in_threadpool(dependant.call, **values)
           ^^^^^^^^^^^^^^^^^^^^^^^^^^^^^^^^^^^^^^^^^^^^^^^^^
  File "E:\atc\venv\Lib\site-packages\starlette\concurrency.py", line 32, in run_in_threadpool
    return await anyio.to_thread.run_sync(func)
           ^^^^^^^^^^^^^^^^^^^^^^^^^^^^^^^^^^^^
  File "E:\atc\venv\Lib\site-packages\anyio\to_thread.py", line 63, in run_sync
    return await get_async_backend().run_sync_in_worker_thread(
           ^^^^^^^^^^^^^^^^^^^^^^^^^^^^^^^^^^^^^^^^^^^^^^^^^^^^
        func, args, abandon_on_cancel=abandon_on_cancel, limiter=limiter
        ^^^^^^^^^^^^^^^^^^^^^^^^^^^^^^^^^^^^^^^^^^^^^^^^^^^^^^^^^^^^^^^^
    )
    ^
  File "E:\atc\venv\Lib\site-packages\anyio\_backends\_asyncio.py", line 2518, in run_sync_in_worker_thread
    return await future
           ^^^^^^^^^^^^
  File "E:\atc\venv\Lib\site-packages\anyio\_backends\_asyncio.py", line 1002, in run
    result = context.run(func, *args)
  File "E:\atc\backend\main.py", line 820, in update_company_settings
    profile.charge_presets_json = serialize_charge_items(value or [])
                                  ~~~~~~~~~~~~~~~~~~~~~~^^^^^^^^^^^^^
  File "E:\atc\backend\main.py", line 188, in serialize_charge_items
    return json.dumps([item.model_dump() if hasattr(item, "model_dump") else item.dict() for item in items], ensure_ascii=False)
                                                                             ^^^^^^^^^
AttributeError: 'dict' object has no attribute 'dict'
2026-04-13 20:30:52,670 [ERROR] pos-api: Global error on /api/settings/company: 'dict' object has no attribute 'dict'
Traceback (most recent call last):
  File "E:\atc\venv\Lib\site-packages\starlette\middleware\errors.py", line 164, in __call__
    await self.app(scope, receive, _send)
  File "E:\atc\venv\Lib\site-packages\starlette\middleware\cors.py", line 96, in __call__
    await self.simple_response(scope, receive, send, request_headers=headers)
  File "E:\atc\venv\Lib\site-packages\starlette\middleware\cors.py", line 154, in simple_response
    await self.app(scope, receive, send)
  File "E:\atc\venv\Lib\site-packages\starlette\middleware\exceptions.py", line 63, in __call__
    await wrap_app_handling_exceptions(self.app, conn)(scope, receive, send)
  File "E:\atc\venv\Lib\site-packages\starlette\_exception_handler.py", line 53, in wrapped_app
    raise exc
  File "E:\atc\venv\Lib\site-packages\starlette\_exception_handler.py", line 42, in wrapped_app
    await app(scope, receive, sender)
  File "E:\atc\venv\Lib\site-packages\fastapi\middleware\asyncexitstack.py", line 18, in __call__
    await self.app(scope, receive, send)
  File "E:\atc\venv\Lib\site-packages\starlette\routing.py", line 660, in __call__
    await self.middleware_stack(scope, receive, send)
  File "E:\atc\venv\Lib\site-packages\starlette\routing.py", line 680, in app
    await route.handle(scope, receive, send)
  File "E:\atc\venv\Lib\site-packages\starlette\routing.py", line 276, in handle
    await self.app(scope, receive, send)
  File "E:\atc\venv\Lib\site-packages\fastapi\routing.py", line 134, in app
    await wrap_app_handling_exceptions(app, request)(scope, receive, send)
  File "E:\atc\venv\Lib\site-packages\starlette\_exception_handler.py", line 53, in wrapped_app
    raise exc
  File "E:\atc\venv\Lib\site-packages\starlette\_exception_handler.py", line 42, in wrapped_app
    await app(scope, receive, sender)
  File "E:\atc\venv\Lib\site-packages\fastapi\routing.py", line 120, in app
    response = await f(request)
               ^^^^^^^^^^^^^^^^
  File "E:\atc\venv\Lib\site-packages\fastapi\routing.py", line 674, in app
    raw_response = await run_endpoint_function(
                   ^^^^^^^^^^^^^^^^^^^^^^^^^^^^
    ...<3 lines>...
    )
    ^
  File "E:\atc\venv\Lib\site-packages\fastapi\routing.py", line 330, in run_endpoint_function
    return await run_in_threadpool(dependant.call, **values)
           ^^^^^^^^^^^^^^^^^^^^^^^^^^^^^^^^^^^^^^^^^^^^^^^^^
  File "E:\atc\venv\Lib\site-packages\starlette\concurrency.py", line 32, in run_in_threadpool
    return await anyio.to_thread.run_sync(func)
           ^^^^^^^^^^^^^^^^^^^^^^^^^^^^^^^^^^^^
  File "E:\atc\venv\Lib\site-packages\anyio\to_thread.py", line 63, in run_sync
    return await get_async_backend().run_sync_in_worker_thread(
           ^^^^^^^^^^^^^^^^^^^^^^^^^^^^^^^^^^^^^^^^^^^^^^^^^^^^
        func, args, abandon_on_cancel=abandon_on_cancel, limiter=limiter
        ^^^^^^^^^^^^^^^^^^^^^^^^^^^^^^^^^^^^^^^^^^^^^^^^^^^^^^^^^^^^^^^^
    )
    ^
  File "E:\atc\venv\Lib\site-packages\anyio\_backends\_asyncio.py", line 2518, in run_sync_in_worker_thread
    return await future
           ^^^^^^^^^^^^
  File "E:\atc\venv\Lib\site-packages\anyio\_backends\_asyncio.py", line 1002, in run
    result = context.run(func, *args)
  File "E:\atc\backend\main.py", line 820, in update_company_settings
    profile.charge_presets_json = serialize_charge_items(value or [])
                                  ~~~~~~~~~~~~~~~~~~~~~~^^^^^^^^^^^^^
  File "E:\atc\backend\main.py", line 188, in serialize_charge_items
    return json.dumps([item.model_dump() if hasattr(item, "model_dump") else item.dict() for item in items], ensure_ascii=False)
                                                                             ^^^^^^^^^
AttributeError: 'dict' object has no attribute 'dict'
2026-04-13 20:30:52,910 [ERROR] pos-api: Global error on /api/settings/company: 'dict' object has no attribute 'dict'
Traceback (most recent call last):
  File "E:\atc\venv\Lib\site-packages\starlette\middleware\errors.py", line 164, in __call__
    await self.app(scope, receive, _send)
  File "E:\atc\venv\Lib\site-packages\starlette\middleware\cors.py", line 96, in __call__
    await self.simple_response(scope, receive, send, request_headers=headers)
  File "E:\atc\venv\Lib\site-packages\starlette\middleware\cors.py", line 154, in simple_response
    await self.app(scope, receive, send)
  File "E:\atc\venv\Lib\site-packages\starlette\middleware\exceptions.py", line 63, in __call__
    await wrap_app_handling_exceptions(self.app, conn)(scope, receive, send)
  File "E:\atc\venv\Lib\site-packages\starlette\_exception_handler.py", line 53, in wrapped_app
    raise exc
  File "E:\atc\venv\Lib\site-packages\starlette\_exception_handler.py", line 42, in wrapped_app
    await app(scope, receive, sender)
  File "E:\atc\venv\Lib\site-packages\fastapi\middleware\asyncexitstack.py", line 18, in __call__
    await self.app(scope, receive, send)
  File "E:\atc\venv\Lib\site-packages\starlette\routing.py", line 660, in __call__
    await self.middleware_stack(scope, receive, send)
  File "E:\atc\venv\Lib\site-packages\starlette\routing.py", line 680, in app
    await route.handle(scope, receive, send)
  File "E:\atc\venv\Lib\site-packages\starlette\routing.py", line 276, in handle
    await self.app(scope, receive, send)
  File "E:\atc\venv\Lib\site-packages\fastapi\routing.py", line 134, in app
    await wrap_app_handling_exceptions(app, request)(scope, receive, send)
  File "E:\atc\venv\Lib\site-packages\starlette\_exception_handler.py", line 53, in wrapped_app
    raise exc
  File "E:\atc\venv\Lib\site-packages\starlette\_exception_handler.py", line 42, in wrapped_app
    await app(scope, receive, sender)
  File "E:\atc\venv\Lib\site-packages\fastapi\routing.py", line 120, in app
    response = await f(request)
               ^^^^^^^^^^^^^^^^
  File "E:\atc\venv\Lib\site-packages\fastapi\routing.py", line 674, in app
    raw_response = await run_endpoint_function(
                   ^^^^^^^^^^^^^^^^^^^^^^^^^^^^
    ...<3 lines>...
    )
    ^
  File "E:\atc\venv\Lib\site-packages\fastapi\routing.py", line 330, in run_endpoint_function
    return await run_in_threadpool(dependant.call, **values)
           ^^^^^^^^^^^^^^^^^^^^^^^^^^^^^^^^^^^^^^^^^^^^^^^^^
  File "E:\atc\venv\Lib\site-packages\starlette\concurrency.py", line 32, in run_in_threadpool
    return await anyio.to_thread.run_sync(func)
           ^^^^^^^^^^^^^^^^^^^^^^^^^^^^^^^^^^^^
  File "E:\atc\venv\Lib\site-packages\anyio\to_thread.py", line 63, in run_sync
    return await get_async_backend().run_sync_in_worker_thread(
           ^^^^^^^^^^^^^^^^^^^^^^^^^^^^^^^^^^^^^^^^^^^^^^^^^^^^
        func, args, abandon_on_cancel=abandon_on_cancel, limiter=limiter
        ^^^^^^^^^^^^^^^^^^^^^^^^^^^^^^^^^^^^^^^^^^^^^^^^^^^^^^^^^^^^^^^^
    )
    ^
  File "E:\atc\venv\Lib\site-packages\anyio\_backends\_asyncio.py", line 2518, in run_sync_in_worker_thread
    return await future
           ^^^^^^^^^^^^
  File "E:\atc\venv\Lib\site-packages\anyio\_backends\_asyncio.py", line 1002, in run
    result = context.run(func, *args)
  File "E:\atc\backend\main.py", line 820, in update_company_settings
    profile.charge_presets_json = serialize_charge_items(value or [])
                                  ~~~~~~~~~~~~~~~~~~~~~~^^^^^^^^^^^^^
  File "E:\atc\backend\main.py", line 188, in serialize_charge_items
    return json.dumps([item.model_dump() if hasattr(item, "model_dump") else item.dict() for item in items], ensure_ascii=False)
                                                                             ^^^^^^^^^
AttributeError: 'dict' object has no attribute 'dict'
2026-04-13 20:31:46,817 [INFO] pos-api: User logged in: owner (Role: Admin)
2026-04-13 20:32:24,023 [INFO] pos-api: User logged in: sunny (Role: Cashier)
2026-04-13 21:42:39,942 [INFO] pos-api: User logged in: owner (Role: Admin)
2026-04-13 21:54:12,703 [INFO] pos-api: User logged in: sunny (Role: Cashier)
2026-04-13 22:16:25,958 [INFO] pos-api: User logged in: owner (Role: Admin)
2026-04-13 23:41:56,713 [INFO] pos-api: User logged in: sunny (Role: Cashier)
2026-04-13 23:42:08,089 [INFO] pos-api: User logged in: owner (Role: Admin)
2026-04-13 23:50:19,685 [INFO] pos-api: Company settings updated
2026-04-13 23:50:21,337 [INFO] pos-api: Company settings updated
2026-04-13 23:50:21,913 [INFO] pos-api: Company settings updated
2026-04-13 23:50:22,416 [INFO] pos-api: Company settings updated
2026-04-13 23:53:42,172 [INFO] pos-api: Company settings updated
2026-04-13 23:54:06,303 [ERROR] pos-api: Global error on /api/settings/company: 'dict' object has no attribute 'dict'
Traceback (most recent call last):
  File "E:\atc\venv\Lib\site-packages\starlette\middleware\errors.py", line 164, in __call__
    await self.app(scope, receive, _send)
  File "E:\atc\venv\Lib\site-packages\starlette\middleware\cors.py", line 96, in __call__
    await self.simple_response(scope, receive, send, request_headers=headers)
  File "E:\atc\venv\Lib\site-packages\starlette\middleware\cors.py", line 154, in simple_response
    await self.app(scope, receive, send)
  File "E:\atc\venv\Lib\site-packages\starlette\middleware\exceptions.py", line 63, in __call__
    await wrap_app_handling_exceptions(self.app, conn)(scope, receive, send)
  File "E:\atc\venv\Lib\site-packages\starlette\_exception_handler.py", line 53, in wrapped_app
    raise exc
  File "E:\atc\venv\Lib\site-packages\starlette\_exception_handler.py", line 42, in wrapped_app
    await app(scope, receive, sender)
  File "E:\atc\venv\Lib\site-packages\fastapi\middleware\asyncexitstack.py", line 18, in __call__
    await self.app(scope, receive, send)
  File "E:\atc\venv\Lib\site-packages\starlette\routing.py", line 660, in __call__
    await self.middleware_stack(scope, receive, send)
  File "E:\atc\venv\Lib\site-packages\starlette\routing.py", line 680, in app
    await route.handle(scope, receive, send)
  File "E:\atc\venv\Lib\site-packages\starlette\routing.py", line 276, in handle
    await self.app(scope, receive, send)
  File "E:\atc\venv\Lib\site-packages\fastapi\routing.py", line 134, in app
    await wrap_app_handling_exceptions(app, request)(scope, receive, send)
  File "E:\atc\venv\Lib\site-packages\starlette\_exception_handler.py", line 53, in wrapped_app
    raise exc
  File "E:\atc\venv\Lib\site-packages\starlette\_exception_handler.py", line 42, in wrapped_app
    await app(scope, receive, sender)
  File "E:\atc\venv\Lib\site-packages\fastapi\routing.py", line 120, in app
    response = await f(request)
               ^^^^^^^^^^^^^^^^
  File "E:\atc\venv\Lib\site-packages\fastapi\routing.py", line 674, in app
    raw_response = await run_endpoint_function(
                   ^^^^^^^^^^^^^^^^^^^^^^^^^^^^
    ...<3 lines>...
    )
    ^
  File "E:\atc\venv\Lib\site-packages\fastapi\routing.py", line 330, in run_endpoint_function
    return await run_in_threadpool(dependant.call, **values)
           ^^^^^^^^^^^^^^^^^^^^^^^^^^^^^^^^^^^^^^^^^^^^^^^^^
  File "E:\atc\venv\Lib\site-packages\starlette\concurrency.py", line 32, in run_in_threadpool
    return await anyio.to_thread.run_sync(func)
           ^^^^^^^^^^^^^^^^^^^^^^^^^^^^^^^^^^^^
  File "E:\atc\venv\Lib\site-packages\anyio\to_thread.py", line 63, in run_sync
    return await get_async_backend().run_sync_in_worker_thread(
           ^^^^^^^^^^^^^^^^^^^^^^^^^^^^^^^^^^^^^^^^^^^^^^^^^^^^
        func, args, abandon_on_cancel=abandon_on_cancel, limiter=limiter
        ^^^^^^^^^^^^^^^^^^^^^^^^^^^^^^^^^^^^^^^^^^^^^^^^^^^^^^^^^^^^^^^^
    )
    ^
  File "E:\atc\venv\Lib\site-packages\anyio\_backends\_asyncio.py", line 2518, in run_sync_in_worker_thread
    return await future
           ^^^^^^^^^^^^
  File "E:\atc\venv\Lib\site-packages\anyio\_backends\_asyncio.py", line 1002, in run
    result = context.run(func, *args)
  File "E:\atc\backend\main.py", line 820, in update_company_settings
    if field == "charge_presets":
    
  File "E:\atc\backend\main.py", line 188, in serialize_charge_items
    return json.dumps([item.model_dump() if hasattr(item, "model_dump") else item.dict() for item in items], ensure_ascii=False)
                                                                             ^^^^^^^^^
AttributeError: 'dict' object has no attribute 'dict'
2026-04-13 23:54:12,698 [ERROR] pos-api: Global error on /api/settings/company: 'dict' object has no attribute 'dict'
Traceback (most recent call last):
  File "E:\atc\venv\Lib\site-packages\starlette\middleware\errors.py", line 164, in __call__
    await self.app(scope, receive, _send)
  File "E:\atc\venv\Lib\site-packages\starlette\middleware\cors.py", line 96, in __call__
    await self.simple_response(scope, receive, send, request_headers=headers)
  File "E:\atc\venv\Lib\site-packages\starlette\middleware\cors.py", line 154, in simple_response
    await self.app(scope, receive, send)
  File "E:\atc\venv\Lib\site-packages\starlette\middleware\exceptions.py", line 63, in __call__
    await wrap_app_handling_exceptions(self.app, conn)(scope, receive, send)
  File "E:\atc\venv\Lib\site-packages\starlette\_exception_handler.py", line 53, in wrapped_app
    raise exc
  File "E:\atc\venv\Lib\site-packages\starlette\_exception_handler.py", line 42, in wrapped_app
    await app(scope, receive, sender)
  File "E:\atc\venv\Lib\site-packages\fastapi\middleware\asyncexitstack.py", line 18, in __call__
    await self.app(scope, receive, send)
  File "E:\atc\venv\Lib\site-packages\starlette\routing.py", line 660, in __call__
    await self.middleware_stack(scope, receive, send)
  File "E:\atc\venv\Lib\site-packages\starlette\routing.py", line 680, in app
    await route.handle(scope, receive, send)
  File "E:\atc\venv\Lib\site-packages\starlette\routing.py", line 276, in handle
    await self.app(scope, receive, send)
  File "E:\atc\venv\Lib\site-packages\fastapi\routing.py", line 134, in app
    await wrap_app_handling_exceptions(app, request)(scope, receive, send)
  File "E:\atc\venv\Lib\site-packages\starlette\_exception_handler.py", line 53, in wrapped_app
    raise exc
  File "E:\atc\venv\Lib\site-packages\starlette\_exception_handler.py", line 42, in wrapped_app
    await app(scope, receive, sender)
  File "E:\atc\venv\Lib\site-packages\fastapi\routing.py", line 120, in app
    response = await f(request)
               ^^^^^^^^^^^^^^^^
  File "E:\atc\venv\Lib\site-packages\fastapi\routing.py", line 674, in app
    raw_response = await run_endpoint_function(
                   ^^^^^^^^^^^^^^^^^^^^^^^^^^^^
    ...<3 lines>...
    )
    ^
  File "E:\atc\venv\Lib\site-packages\fastapi\routing.py", line 330, in run_endpoint_function
    return await run_in_threadpool(dependant.call, **values)
           ^^^^^^^^^^^^^^^^^^^^^^^^^^^^^^^^^^^^^^^^^^^^^^^^^
  File "E:\atc\venv\Lib\site-packages\starlette\concurrency.py", line 32, in run_in_threadpool
    return await anyio.to_thread.run_sync(func)
           ^^^^^^^^^^^^^^^^^^^^^^^^^^^^^^^^^^^^
  File "E:\atc\venv\Lib\site-packages\anyio\to_thread.py", line 63, in run_sync
    return await get_async_backend().run_sync_in_worker_thread(
           ^^^^^^^^^^^^^^^^^^^^^^^^^^^^^^^^^^^^^^^^^^^^^^^^^^^^
        func, args, abandon_on_cancel=abandon_on_cancel, limiter=limiter
        ^^^^^^^^^^^^^^^^^^^^^^^^^^^^^^^^^^^^^^^^^^^^^^^^^^^^^^^^^^^^^^^^
    )
    ^
  File "E:\atc\venv\Lib\site-packages\anyio\_backends\_asyncio.py", line 2518, in run_sync_in_worker_thread
    return await future
           ^^^^^^^^^^^^
  File "E:\atc\venv\Lib\site-packages\anyio\_backends\_asyncio.py", line 1002, in run
    result = context.run(func, *args)
  File "E:\atc\backend\main.py", line 820, in update_company_settings
    if field == "charge_presets":
    
  File "E:\atc\backend\main.py", line 188, in serialize_charge_items
    return json.dumps([item.model_dump() if hasattr(item, "model_dump") else item.dict() for item in items], ensure_ascii=False)
                                                                             ^^^^^^^^^
AttributeError: 'dict' object has no attribute 'dict'
2026-04-18 20:42:43,983 [INFO] pos-api: Sale created: INV-20260418-0001 | Total: 770.5 | User: owner
2026-04-18 20:42:43,993 [ERROR] pos-api: Global error on /api/pos/sale: Object of type PaymentMethodOption is not JSON serializable
Traceback (most recent call last):
  File "E:\atc\venv\Lib\site-packages\starlette\middleware\errors.py", line 164, in __call__
    await self.app(scope, receive, _send)
  File "E:\atc\venv\Lib\site-packages\starlette\middleware\cors.py", line 96, in __call__
    await self.simple_response(scope, receive, send, request_headers=headers)
  File "E:\atc\venv\Lib\site-packages\starlette\middleware\cors.py", line 154, in simple_response
    await self.app(scope, receive, send)
  File "E:\atc\venv\Lib\site-packages\starlette\middleware\exceptions.py", line 63, in __call__
    await wrap_app_handling_exceptions(self.app, conn)(scope, receive, send)
  File "E:\atc\venv\Lib\site-packages\starlette\_exception_handler.py", line 53, in wrapped_app
    raise exc
  File "E:\atc\venv\Lib\site-packages\starlette\_exception_handler.py", line 42, in wrapped_app
    await app(scope, receive, sender)
  File "E:\atc\venv\Lib\site-packages\fastapi\middleware\asyncexitstack.py", line 18, in __call__
    await self.app(scope, receive, send)
  File "E:\atc\venv\Lib\site-packages\starlette\routing.py", line 660, in __call__
    await self.middleware_stack(scope, receive, send)
  File "E:\atc\venv\Lib\site-packages\starlette\routing.py", line 680, in app
    await route.handle(scope, receive, send)
  File "E:\atc\venv\Lib\site-packages\starlette\routing.py", line 276, in handle
    await self.app(scope, receive, send)
  File "E:\atc\venv\Lib\site-packages\fastapi\routing.py", line 134, in app
    await wrap_app_handling_exceptions(app, request)(scope, receive, send)
  File "E:\atc\venv\Lib\site-packages\starlette\_exception_handler.py", line 53, in wrapped_app
    raise exc
  File "E:\atc\venv\Lib\site-packages\starlette\_exception_handler.py", line 42, in wrapped_app
    await app(scope, receive, sender)
  File "E:\atc\venv\Lib\site-packages\fastapi\routing.py", line 120, in app
    response = await f(request)
               ^^^^^^^^^^^^^^^^
  File "E:\atc\venv\Lib\site-packages\fastapi\routing.py", line 674, in app
    raw_response = await run_endpoint_function(
                   ^^^^^^^^^^^^^^^^^^^^^^^^^^^^
    ...<3 lines>...
    )
    ^
  File "E:\atc\venv\Lib\site-packages\fastapi\routing.py", line 328, in run_endpoint_function
    return await dependant.call(**values)
           ^^^^^^^^^^^^^^^^^^^^^^^^^^^^^^
  File "E:\atc\backend\main.py", line 1097, in create_sale
    archive_sale_invoice(created_sale, get_or_create_company_profile(db))
    ~~~~~~~~~~~~~~~~~~~~^^^^^^^^^^^^^^^^^^^^^^^^^^^^^^^^^^^^^^^^^^^^^^^^^
  File "E:\atc\backend\main.py", line 692, in archive_sale_invoice
    json.dumps(build_invoice_archive_payload(sale, profile), ensure_ascii=False, indent=2),
    ~~~~~~~~~~^^^^^^^^^^^^^^^^^^^^^^^^^^^^^^^^^^^^^^^^^^^^^^^^^^^^^^^^^^^^^^^^^^^^^^^^^^^^
  File "C:\Program Files\WindowsApps\PythonSoftwareFoundation.Python.3.13_3.13.3568.0_x64__qbz5n2kfra8p0\Lib\json\__init__.py", line 242, in dumps
    **kw).encode(obj)
          ~~~~~~^^^^^
  File "C:\Program Files\WindowsApps\PythonSoftwareFoundation.Python.3.13_3.13.3568.0_x64__qbz5n2kfra8p0\Lib\json\encoder.py", line 202, in encode
    chunks = self.iterencode(o, _one_shot=True)
  File "C:\Program Files\WindowsApps\PythonSoftwareFoundation.Python.3.13_3.13.3568.0_x64__qbz5n2kfra8p0\Lib\json\encoder.py", line 263, in iterencode
    return _iterencode(o, 0)
  File "C:\Program Files\WindowsApps\PythonSoftwareFoundation.Python.3.13_3.13.3568.0_x64__qbz5n2kfra8p0\Lib\json\encoder.py", line 182, in default
    raise TypeError(f'Object of type {o.__class__.__name__} '
                    f'is not JSON serializable')
TypeError: Object of type PaymentMethodOption is not JSON serializable
2026-04-18 20:42:45,166 [INFO] pos-api: Sale created: INV-20260418-0002 | Total: 770.5 | User: owner
2026-04-18 20:42:45,169 [ERROR] pos-api: Global error on /api/pos/sale: Object of type PaymentMethodOption is not JSON serializable
Traceback (most recent call last):
  File "E:\atc\venv\Lib\site-packages\starlette\middleware\errors.py", line 164, in __call__
    await self.app(scope, receive, _send)
  File "E:\atc\venv\Lib\site-packages\starlette\middleware\cors.py", line 96, in __call__
    await self.simple_response(scope, receive, send, request_headers=headers)
  File "E:\atc\venv\Lib\site-packages\starlette\middleware\cors.py", line 154, in simple_response
    await self.app(scope, receive, send)
  File "E:\atc\venv\Lib\site-packages\starlette\middleware\exceptions.py", line 63, in __call__
    await wrap_app_handling_exceptions(self.app, conn)(scope, receive, send)
  File "E:\atc\venv\Lib\site-packages\starlette\_exception_handler.py", line 53, in wrapped_app
    raise exc
  File "E:\atc\venv\Lib\site-packages\starlette\_exception_handler.py", line 42, in wrapped_app
    await app(scope, receive, sender)
  File "E:\atc\venv\Lib\site-packages\fastapi\middleware\asyncexitstack.py", line 18, in __call__
    await self.app(scope, receive, send)
  File "E:\atc\venv\Lib\site-packages\starlette\routing.py", line 660, in __call__
    await self.middleware_stack(scope, receive, send)
  File "E:\atc\venv\Lib\site-packages\starlette\routing.py", line 680, in app
    await route.handle(scope, receive, send)
  File "E:\atc\venv\Lib\site-packages\starlette\routing.py", line 276, in handle
    await self.app(scope, receive, send)
  File "E:\atc\venv\Lib\site-packages\fastapi\routing.py", line 134, in app
    await wrap_app_handling_exceptions(app, request)(scope, receive, send)
  File "E:\atc\venv\Lib\site-packages\starlette\_exception_handler.py", line 53, in wrapped_app
    raise exc
  File "E:\atc\venv\Lib\site-packages\starlette\_exception_handler.py", line 42, in wrapped_app
    await app(scope, receive, sender)
  File "E:\atc\venv\Lib\site-packages\fastapi\routing.py", line 120, in app
    response = await f(request)
               ^^^^^^^^^^^^^^^^
  File "E:\atc\venv\Lib\site-packages\fastapi\routing.py", line 674, in app
    raw_response = await run_endpoint_function(
                   ^^^^^^^^^^^^^^^^^^^^^^^^^^^^
    ...<3 lines>...
    )
    ^
  File "E:\atc\venv\Lib\site-packages\fastapi\routing.py", line 328, in run_endpoint_function
    return await dependant.call(**values)
           ^^^^^^^^^^^^^^^^^^^^^^^^^^^^^^
  File "E:\atc\backend\main.py", line 1097, in create_sale
    archive_sale_invoice(created_sale, get_or_create_company_profile(db))
    ~~~~~~~~~~~~~~~~~~~~^^^^^^^^^^^^^^^^^^^^^^^^^^^^^^^^^^^^^^^^^^^^^^^^^
  File "E:\atc\backend\main.py", line 692, in archive_sale_invoice
    json.dumps(build_invoice_archive_payload(sale, profile), ensure_ascii=False, indent=2),
    ~~~~~~~~~~^^^^^^^^^^^^^^^^^^^^^^^^^^^^^^^^^^^^^^^^^^^^^^^^^^^^^^^^^^^^^^^^^^^^^^^^^^^^
  File "C:\Program Files\WindowsApps\PythonSoftwareFoundation.Python.3.13_3.13.3568.0_x64__qbz5n2kfra8p0\Lib\json\__init__.py", line 242, in dumps
    **kw).encode(obj)
          ~~~~~~^^^^^
  File "C:\Program Files\WindowsApps\PythonSoftwareFoundation.Python.3.13_3.13.3568.0_x64__qbz5n2kfra8p0\Lib\json\encoder.py", line 202, in encode
    chunks = self.iterencode(o, _one_shot=True)
  File "C:\Program Files\WindowsApps\PythonSoftwareFoundation.Python.3.13_3.13.3568.0_x64__qbz5n2kfra8p0\Lib\json\encoder.py", line 263, in iterencode
    return _iterencode(o, 0)
  File "C:\Program Files\WindowsApps\PythonSoftwareFoundation.Python.3.13_3.13.3568.0_x64__qbz5n2kfra8p0\Lib\json\encoder.py", line 182, in default
    raise TypeError(f'Object of type {o.__class__.__name__} '
                    f'is not JSON serializable')
TypeError: Object of type PaymentMethodOption is not JSON serializable
2026-04-18 20:42:45,756 [INFO] pos-api: Sale created: INV-20260418-0003 | Total: 770.5 | User: owner
2026-04-18 20:42:45,759 [ERROR] pos-api: Global error on /api/pos/sale: Object of type PaymentMethodOption is not JSON serializable
Traceback (most recent call last):
  File "E:\atc\venv\Lib\site-packages\starlette\middleware\errors.py", line 164, in __call__
    await self.app(scope, receive, _send)
  File "E:\atc\venv\Lib\site-packages\starlette\middleware\cors.py", line 96, in __call__
    await self.simple_response(scope, receive, send, request_headers=headers)
  File "E:\atc\venv\Lib\site-packages\starlette\middleware\cors.py", line 154, in simple_response
    await self.app(scope, receive, send)
  File "E:\atc\venv\Lib\site-packages\starlette\middleware\exceptions.py", line 63, in __call__
    await wrap_app_handling_exceptions(self.app, conn)(scope, receive, send)
  File "E:\atc\venv\Lib\site-packages\starlette\_exception_handler.py", line 53, in wrapped_app
    raise exc
  File "E:\atc\venv\Lib\site-packages\starlette\_exception_handler.py", line 42, in wrapped_app
    await app(scope, receive, sender)
  File "E:\atc\venv\Lib\site-packages\fastapi\middleware\asyncexitstack.py", line 18, in __call__
    await self.app(scope, receive, send)
  File "E:\atc\venv\Lib\site-packages\starlette\routing.py", line 660, in __call__
    await self.middleware_stack(scope, receive, send)
  File "E:\atc\venv\Lib\site-packages\starlette\routing.py", line 680, in app
    await route.handle(scope, receive, send)
  File "E:\atc\venv\Lib\site-packages\starlette\routing.py", line 276, in handle
    await self.app(scope, receive, send)
  File "E:\atc\venv\Lib\site-packages\fastapi\routing.py", line 134, in app
    await wrap_app_handling_exceptions(app, request)(scope, receive, send)
  File "E:\atc\venv\Lib\site-packages\starlette\_exception_handler.py", line 53, in wrapped_app
    raise exc
  File "E:\atc\venv\Lib\site-packages\starlette\_exception_handler.py", line 42, in wrapped_app
    await app(scope, receive, sender)
  File "E:\atc\venv\Lib\site-packages\fastapi\routing.py", line 120, in app
    response = await f(request)
               ^^^^^^^^^^^^^^^^
  File "E:\atc\venv\Lib\site-packages\fastapi\routing.py", line 674, in app
    raw_response = await run_endpoint_function(
                   ^^^^^^^^^^^^^^^^^^^^^^^^^^^^
    ...<3 lines>...
    )
    ^
  File "E:\atc\venv\Lib\site-packages\fastapi\routing.py", line 328, in run_endpoint_function
    return await dependant.call(**values)
           ^^^^^^^^^^^^^^^^^^^^^^^^^^^^^^
  File "E:\atc\backend\main.py", line 1097, in create_sale
    archive_sale_invoice(created_sale, get_or_create_company_profile(db))
    ~~~~~~~~~~~~~~~~~~~~^^^^^^^^^^^^^^^^^^^^^^^^^^^^^^^^^^^^^^^^^^^^^^^^^
  File "E:\atc\backend\main.py", line 692, in archive_sale_invoice
    json.dumps(build_invoice_archive_payload(sale, profile), ensure_ascii=False, indent=2),
    ~~~~~~~~~~^^^^^^^^^^^^^^^^^^^^^^^^^^^^^^^^^^^^^^^^^^^^^^^^^^^^^^^^^^^^^^^^^^^^^^^^^^^^
  File "C:\Program Files\WindowsApps\PythonSoftwareFoundation.Python.3.13_3.13.3568.0_x64__qbz5n2kfra8p0\Lib\json\__init__.py", line 242, in dumps
    **kw).encode(obj)
          ~~~~~~^^^^^
  File "C:\Program Files\WindowsApps\PythonSoftwareFoundation.Python.3.13_3.13.3568.0_x64__qbz5n2kfra8p0\Lib\json\encoder.py", line 202, in encode
    chunks = self.iterencode(o, _one_shot=True)
  File "C:\Program Files\WindowsApps\PythonSoftwareFoundation.Python.3.13_3.13.3568.0_x64__qbz5n2kfra8p0\Lib\json\encoder.py", line 263, in iterencode
    return _iterencode(o, 0)
  File "C:\Program Files\WindowsApps\PythonSoftwareFoundation.Python.3.13_3.13.3568.0_x64__qbz5n2kfra8p0\Lib\json\encoder.py", line 182, in default
    raise TypeError(f'Object of type {o.__class__.__name__} '
                    f'is not JSON serializable')
TypeError: Object of type PaymentMethodOption is not JSON serializable
2026-04-18 20:42:46,188 [INFO] pos-api: Sale created: INV-20260418-0004 | Total: 770.5 | User: owner
2026-04-18 20:42:46,191 [ERROR] pos-api: Global error on /api/pos/sale: Object of type PaymentMethodOption is not JSON serializable
Traceback (most recent call last):
  File "E:\atc\venv\Lib\site-packages\starlette\middleware\errors.py", line 164, in __call__
    await self.app(scope, receive, _send)
  File "E:\atc\venv\Lib\site-packages\starlette\middleware\cors.py", line 96, in __call__
    await self.simple_response(scope, receive, send, request_headers=headers)
  File "E:\atc\venv\Lib\site-packages\starlette\middleware\cors.py", line 154, in simple_response
    await self.app(scope, receive, send)
  File "E:\atc\venv\Lib\site-packages\starlette\middleware\exceptions.py", line 63, in __call__
    await wrap_app_handling_exceptions(self.app, conn)(scope, receive, send)
  File "E:\atc\venv\Lib\site-packages\starlette\_exception_handler.py", line 53, in wrapped_app
    raise exc
  File "E:\atc\venv\Lib\site-packages\starlette\_exception_handler.py", line 42, in wrapped_app
    await app(scope, receive, sender)
  File "E:\atc\venv\Lib\site-packages\fastapi\middleware\asyncexitstack.py", line 18, in __call__
    await self.app(scope, receive, send)
  File "E:\atc\venv\Lib\site-packages\starlette\routing.py", line 660, in __call__
    await self.middleware_stack(scope, receive, send)
  File "E:\atc\venv\Lib\site-packages\starlette\routing.py", line 680, in app
    await route.handle(scope, receive, send)
  File "E:\atc\venv\Lib\site-packages\starlette\routing.py", line 276, in handle
    await self.app(scope, receive, send)
  File "E:\atc\venv\Lib\site-packages\fastapi\routing.py", line 134, in app
    await wrap_app_handling_exceptions(app, request)(scope, receive, send)
  File "E:\atc\venv\Lib\site-packages\starlette\_exception_handler.py", line 53, in wrapped_app
    raise exc
  File "E:\atc\venv\Lib\site-packages\starlette\_exception_handler.py", line 42, in wrapped_app
    await app(scope, receive, sender)
  File "E:\atc\venv\Lib\site-packages\fastapi\routing.py", line 120, in app
    response = await f(request)
               ^^^^^^^^^^^^^^^^
  File "E:\atc\venv\Lib\site-packages\fastapi\routing.py", line 674, in app
    raw_response = await run_endpoint_function(
                   ^^^^^^^^^^^^^^^^^^^^^^^^^^^^
    ...<3 lines>...
    )
    ^
  File "E:\atc\venv\Lib\site-packages\fastapi\routing.py", line 328, in run_endpoint_function
    return await dependant.call(**values)
           ^^^^^^^^^^^^^^^^^^^^^^^^^^^^^^
  File "E:\atc\backend\main.py", line 1097, in create_sale
    archive_sale_invoice(created_sale, get_or_create_company_profile(db))
    ~~~~~~~~~~~~~~~~~~~~^^^^^^^^^^^^^^^^^^^^^^^^^^^^^^^^^^^^^^^^^^^^^^^^^
  File "E:\atc\backend\main.py", line 692, in archive_sale_invoice
    json.dumps(build_invoice_archive_payload(sale, profile), ensure_ascii=False, indent=2),
    ~~~~~~~~~~^^^^^^^^^^^^^^^^^^^^^^^^^^^^^^^^^^^^^^^^^^^^^^^^^^^^^^^^^^^^^^^^^^^^^^^^^^^^
  File "C:\Program Files\WindowsApps\PythonSoftwareFoundation.Python.3.13_3.13.3568.0_x64__qbz5n2kfra8p0\Lib\json\__init__.py", line 242, in dumps
    **kw).encode(obj)
          ~~~~~~^^^^^
  File "C:\Program Files\WindowsApps\PythonSoftwareFoundation.Python.3.13_3.13.3568.0_x64__qbz5n2kfra8p0\Lib\json\encoder.py", line 202, in encode
    chunks = self.iterencode(o, _one_shot=True)
  File "C:\Program Files\WindowsApps\PythonSoftwareFoundation.Python.3.13_3.13.3568.0_x64__qbz5n2kfra8p0\Lib\json\encoder.py", line 263, in iterencode
    return _iterencode(o, 0)
  File "C:\Program Files\WindowsApps\PythonSoftwareFoundation.Python.3.13_3.13.3568.0_x64__qbz5n2kfra8p0\Lib\json\encoder.py", line 182, in default
    raise TypeError(f'Object of type {o.__class__.__name__} '
                    f'is not JSON serializable')
TypeError: Object of type PaymentMethodOption is not JSON serializable
2026-04-18 20:42:46,451 [INFO] pos-api: Sale created: INV-20260418-0005 | Total: 770.5 | User: owner
2026-04-18 20:42:46,454 [ERROR] pos-api: Global error on /api/pos/sale: Object of type PaymentMethodOption is not JSON serializable
Traceback (most recent call last):
  File "E:\atc\venv\Lib\site-packages\starlette\middleware\errors.py", line 164, in __call__
    await self.app(scope, receive, _send)
  File "E:\atc\venv\Lib\site-packages\starlette\middleware\cors.py", line 96, in __call__
    await self.simple_response(scope, receive, send, request_headers=headers)
  File "E:\atc\venv\Lib\site-packages\starlette\middleware\cors.py", line 154, in simple_response
    await self.app(scope, receive, send)
  File "E:\atc\venv\Lib\site-packages\starlette\middleware\exceptions.py", line 63, in __call__
    await wrap_app_handling_exceptions(self.app, conn)(scope, receive, send)
  File "E:\atc\venv\Lib\site-packages\starlette\_exception_handler.py", line 53, in wrapped_app
    raise exc
  File "E:\atc\venv\Lib\site-packages\starlette\_exception_handler.py", line 42, in wrapped_app
    await app(scope, receive, sender)
  File "E:\atc\venv\Lib\site-packages\fastapi\middleware\asyncexitstack.py", line 18, in __call__
    await self.app(scope, receive, send)
  File "E:\atc\venv\Lib\site-packages\starlette\routing.py", line 660, in __call__
    await self.middleware_stack(scope, receive, send)
  File "E:\atc\venv\Lib\site-packages\starlette\routing.py", line 680, in app
    await route.handle(scope, receive, send)
  File "E:\atc\venv\Lib\site-packages\starlette\routing.py", line 276, in handle
    await self.app(scope, receive, send)
  File "E:\atc\venv\Lib\site-packages\fastapi\routing.py", line 134, in app
    await wrap_app_handling_exceptions(app, request)(scope, receive, send)
  File "E:\atc\venv\Lib\site-packages\starlette\_exception_handler.py", line 53, in wrapped_app
    raise exc
  File "E:\atc\venv\Lib\site-packages\starlette\_exception_handler.py", line 42, in wrapped_app
    await app(scope, receive, sender)
  File "E:\atc\venv\Lib\site-packages\fastapi\routing.py", line 120, in app
    response = await f(request)
               ^^^^^^^^^^^^^^^^
  File "E:\atc\venv\Lib\site-packages\fastapi\routing.py", line 674, in app
    raw_response = await run_endpoint_function(
                   ^^^^^^^^^^^^^^^^^^^^^^^^^^^^
    ...<3 lines>...
    )
    ^
  File "E:\atc\venv\Lib\site-packages\fastapi\routing.py", line 328, in run_endpoint_function
    return await dependant.call(**values)
           ^^^^^^^^^^^^^^^^^^^^^^^^^^^^^^
  File "E:\atc\backend\main.py", line 1097, in create_sale
    archive_sale_invoice(created_sale, get_or_create_company_profile(db))
    ~~~~~~~~~~~~~~~~~~~~^^^^^^^^^^^^^^^^^^^^^^^^^^^^^^^^^^^^^^^^^^^^^^^^^
  File "E:\atc\backend\main.py", line 692, in archive_sale_invoice
    json.dumps(build_invoice_archive_payload(sale, profile), ensure_ascii=False, indent=2),
    ~~~~~~~~~~^^^^^^^^^^^^^^^^^^^^^^^^^^^^^^^^^^^^^^^^^^^^^^^^^^^^^^^^^^^^^^^^^^^^^^^^^^^^
  File "C:\Program Files\WindowsApps\PythonSoftwareFoundation.Python.3.13_3.13.3568.0_x64__qbz5n2kfra8p0\Lib\json\__init__.py", line 242, in dumps
    **kw).encode(obj)
          ~~~~~~^^^^^
  File "C:\Program Files\WindowsApps\PythonSoftwareFoundation.Python.3.13_3.13.3568.0_x64__qbz5n2kfra8p0\Lib\json\encoder.py", line 202, in encode
    chunks = self.iterencode(o, _one_shot=True)
  File "C:\Program Files\WindowsApps\PythonSoftwareFoundation.Python.3.13_3.13.3568.0_x64__qbz5n2kfra8p0\Lib\json\encoder.py", line 263, in iterencode
    return _iterencode(o, 0)
  File "C:\Program Files\WindowsApps\PythonSoftwareFoundation.Python.3.13_3.13.3568.0_x64__qbz5n2kfra8p0\Lib\json\encoder.py", line 182, in default
    raise TypeError(f'Object of type {o.__class__.__name__} '
                    f'is not JSON serializable')
TypeError: Object of type PaymentMethodOption is not JSON serializable
2026-04-18 20:43:17,826 [ERROR] pos-api: Global error on /api/settings/company: 'dict' object has no attribute 'dict'
Traceback (most recent call last):
  File "E:\atc\venv\Lib\site-packages\starlette\middleware\errors.py", line 164, in __call__
    await self.app(scope, receive, _send)
  File "E:\atc\venv\Lib\site-packages\starlette\middleware\cors.py", line 96, in __call__
    await self.simple_response(scope, receive, send, request_headers=headers)
  File "E:\atc\venv\Lib\site-packages\starlette\middleware\cors.py", line 154, in simple_response
    await self.app(scope, receive, send)
  File "E:\atc\venv\Lib\site-packages\starlette\middleware\exceptions.py", line 63, in __call__
    await wrap_app_handling_exceptions(self.app, conn)(scope, receive, send)
  File "E:\atc\venv\Lib\site-packages\starlette\_exception_handler.py", line 53, in wrapped_app
    raise exc
  File "E:\atc\venv\Lib\site-packages\starlette\_exception_handler.py", line 42, in wrapped_app
    await app(scope, receive, sender)
  File "E:\atc\venv\Lib\site-packages\fastapi\middleware\asyncexitstack.py", line 18, in __call__
    await self.app(scope, receive, send)
  File "E:\atc\venv\Lib\site-packages\starlette\routing.py", line 660, in __call__
    await self.middleware_stack(scope, receive, send)
  File "E:\atc\venv\Lib\site-packages\starlette\routing.py", line 680, in app
    await route.handle(scope, receive, send)
  File "E:\atc\venv\Lib\site-packages\starlette\routing.py", line 276, in handle
    await self.app(scope, receive, send)
  File "E:\atc\venv\Lib\site-packages\fastapi\routing.py", line 134, in app
    await wrap_app_handling_exceptions(app, request)(scope, receive, send)
  File "E:\atc\venv\Lib\site-packages\starlette\_exception_handler.py", line 53, in wrapped_app
    raise exc
  File "E:\atc\venv\Lib\site-packages\starlette\_exception_handler.py", line 42, in wrapped_app
    await app(scope, receive, sender)
  File "E:\atc\venv\Lib\site-packages\fastapi\routing.py", line 120, in app
    response = await f(request)
               ^^^^^^^^^^^^^^^^
  File "E:\atc\venv\Lib\site-packages\fastapi\routing.py", line 674, in app
    raw_response = await run_endpoint_function(
                   ^^^^^^^^^^^^^^^^^^^^^^^^^^^^
    ...<3 lines>...
    )
    ^
  File "E:\atc\venv\Lib\site-packages\fastapi\routing.py", line 330, in run_endpoint_function
    return await run_in_threadpool(dependant.call, **values)
           ^^^^^^^^^^^^^^^^^^^^^^^^^^^^^^^^^^^^^^^^^^^^^^^^^
  File "E:\atc\venv\Lib\site-packages\starlette\concurrency.py", line 32, in run_in_threadpool
    return await anyio.to_thread.run_sync(func)
           ^^^^^^^^^^^^^^^^^^^^^^^^^^^^^^^^^^^^
  File "E:\atc\venv\Lib\site-packages\anyio\to_thread.py", line 63, in run_sync
    return await get_async_backend().run_sync_in_worker_thread(
           ^^^^^^^^^^^^^^^^^^^^^^^^^^^^^^^^^^^^^^^^^^^^^^^^^^^^
        func, args, abandon_on_cancel=abandon_on_cancel, limiter=limiter
        ^^^^^^^^^^^^^^^^^^^^^^^^^^^^^^^^^^^^^^^^^^^^^^^^^^^^^^^^^^^^^^^^
    )
    ^
  File "E:\atc\venv\Lib\site-packages\anyio\_backends\_asyncio.py", line 2518, in run_sync_in_worker_thread
    return await future
           ^^^^^^^^^^^^
  File "E:\atc\venv\Lib\site-packages\anyio\_backends\_asyncio.py", line 1002, in run
    result = context.run(func, *args)
  File "E:\atc\backend\main.py", line 828, in update_company_settings
    profile.payment_methods_json = serialize_charge_items(value or [])
                                   ~~~~~~~~~~~~~~~~~~~~~~^^^^^^^^^^^^^
  File "E:\atc\backend\main.py", line 188, in serialize_charge_items
    return json.dumps([item.model_dump() if hasattr(item, "model_dump") else item.dict() for item in items], ensure_ascii=False)
                                                                             ^^^^^^^^^
AttributeError: 'dict' object has no attribute 'dict'
2026-04-18 20:52:03,318 [INFO] pos-api: User logged in: owner (Role: Admin)
2026-04-18 20:52:07,331 [WARNING] pos-api: Failed login attempt for user: sunny
2026-04-18 20:52:09,074 [WARNING] pos-api: Failed login attempt for user: sunny
2026-04-18 20:52:11,169 [INFO] pos-api: User logged in: owner (Role: Admin)
2026-04-18 20:52:40,557 [INFO] pos-api: User logged in: sunny (Role: Cashier)
2026-04-18 20:53:22,659 [INFO] pos-api: User logged in: owner (Role: Admin)
2026-04-18 21:58:21,267 [INFO] pos-api: User logged in: owner (Role: Admin)
2026-04-18 21:59:20,507 [INFO] pos-api: User logged in: owner (Role: Admin)
2026-04-18 21:59:48,931 [INFO] pos-api: User logged in: sunny (Role: Cashier)
2026-04-18 22:15:49,511 [INFO] pos-api: User logged in: owner (Role: Admin)
2026-04-18 22:16:24,779 [INFO] pos-api: Sale created: INV-20260418-0006 | Total: 1633.0 | User: owner
2026-04-18 22:16:24,787 [ERROR] pos-api: Global error on /api/pos/sale: Object of type PaymentMethodOption is not JSON serializable
Traceback (most recent call last):
  File "E:\atc\venv\Lib\site-packages\starlette\middleware\errors.py", line 164, in __call__
    await self.app(scope, receive, _send)
  File "E:\atc\venv\Lib\site-packages\starlette\middleware\cors.py", line 96, in __call__
    await self.simple_response(scope, receive, send, request_headers=headers)
  File "E:\atc\venv\Lib\site-packages\starlette\middleware\cors.py", line 154, in simple_response
    await self.app(scope, receive, send)
  File "E:\atc\venv\Lib\site-packages\starlette\middleware\exceptions.py", line 63, in __call__
    await wrap_app_handling_exceptions(self.app, conn)(scope, receive, send)
  File "E:\atc\venv\Lib\site-packages\starlette\_exception_handler.py", line 53, in wrapped_app
    raise exc
  File "E:\atc\venv\Lib\site-packages\starlette\_exception_handler.py", line 42, in wrapped_app
    await app(scope, receive, sender)
  File "E:\atc\venv\Lib\site-packages\fastapi\middleware\asyncexitstack.py", line 18, in __call__
    await self.app(scope, receive, send)
  File "E:\atc\venv\Lib\site-packages\starlette\routing.py", line 660, in __call__
    await self.middleware_stack(scope, receive, send)
  File "E:\atc\venv\Lib\site-packages\starlette\routing.py", line 680, in app
    await route.handle(scope, receive, send)
  File "E:\atc\venv\Lib\site-packages\starlette\routing.py", line 276, in handle
    await self.app(scope, receive, send)
  File "E:\atc\venv\Lib\site-packages\fastapi\routing.py", line 134, in app
    await wrap_app_handling_exceptions(app, request)(scope, receive, send)
  File "E:\atc\venv\Lib\site-packages\starlette\_exception_handler.py", line 53, in wrapped_app
    raise exc
  File "E:\atc\venv\Lib\site-packages\starlette\_exception_handler.py", line 42, in wrapped_app
    await app(scope, receive, sender)
  File "E:\atc\venv\Lib\site-packages\fastapi\routing.py", line 120, in app
    response = await f(request)
               ^^^^^^^^^^^^^^^^
  File "E:\atc\venv\Lib\site-packages\fastapi\routing.py", line 674, in app
    raw_response = await run_endpoint_function(
                   ^^^^^^^^^^^^^^^^^^^^^^^^^^^^
    ...<3 lines>...
    )
    ^
  File "E:\atc\venv\Lib\site-packages\fastapi\routing.py", line 328, in run_endpoint_function
    return await dependant.call(**values)
           ^^^^^^^^^^^^^^^^^^^^^^^^^^^^^^
  File "E:\atc\backend\main.py", line 1097, in create_sale
    archive_sale_invoice(created_sale, get_or_create_company_profile(db))
    ~~~~~~~~~~~~~~~~~~~~^^^^^^^^^^^^^^^^^^^^^^^^^^^^^^^^^^^^^^^^^^^^^^^^^
  File "E:\atc\backend\main.py", line 692, in archive_sale_invoice
    json.dumps(build_invoice_archive_payload(sale, profile), ensure_ascii=False, indent=2),
    ~~~~~~~~~~^^^^^^^^^^^^^^^^^^^^^^^^^^^^^^^^^^^^^^^^^^^^^^^^^^^^^^^^^^^^^^^^^^^^^^^^^^^^
  File "C:\Program Files\WindowsApps\PythonSoftwareFoundation.Python.3.13_3.13.3568.0_x64__qbz5n2kfra8p0\Lib\json\__init__.py", line 242, in dumps
    **kw).encode(obj)
          ~~~~~~^^^^^
  File "C:\Program Files\WindowsApps\PythonSoftwareFoundation.Python.3.13_3.13.3568.0_x64__qbz5n2kfra8p0\Lib\json\encoder.py", line 202, in encode
    chunks = self.iterencode(o, _one_shot=True)
  File "C:\Program Files\WindowsApps\PythonSoftwareFoundation.Python.3.13_3.13.3568.0_x64__qbz5n2kfra8p0\Lib\json\encoder.py", line 263, in iterencode
    return _iterencode(o, 0)
  File "C:\Program Files\WindowsApps\PythonSoftwareFoundation.Python.3.13_3.13.3568.0_x64__qbz5n2kfra8p0\Lib\json\encoder.py", line 182, in default
    raise TypeError(f'Object of type {o.__class__.__name__} '
                    f'is not JSON serializable')
TypeError: Object of type PaymentMethodOption is not JSON serializable
2026-04-18 22:16:25,791 [INFO] pos-api: Sale created: INV-20260418-0007 | Total: 1633.0 | User: owner
2026-04-18 22:16:25,794 [ERROR] pos-api: Global error on /api/pos/sale: Object of type PaymentMethodOption is not JSON serializable
Traceback (most recent call last):
  File "E:\atc\venv\Lib\site-packages\starlette\middleware\errors.py", line 164, in __call__
    await self.app(scope, receive, _send)
  File "E:\atc\venv\Lib\site-packages\starlette\middleware\cors.py", line 96, in __call__
    await self.simple_response(scope, receive, send, request_headers=headers)
  File "E:\atc\venv\Lib\site-packages\starlette\middleware\cors.py", line 154, in simple_response
    await self.app(scope, receive, send)
  File "E:\atc\venv\Lib\site-packages\starlette\middleware\exceptions.py", line 63, in __call__
    await wrap_app_handling_exceptions(self.app, conn)(scope, receive, send)
  File "E:\atc\venv\Lib\site-packages\starlette\_exception_handler.py", line 53, in wrapped_app
    raise exc
  File "E:\atc\venv\Lib\site-packages\starlette\_exception_handler.py", line 42, in wrapped_app
    await app(scope, receive, sender)
  File "E:\atc\venv\Lib\site-packages\fastapi\middleware\asyncexitstack.py", line 18, in __call__
    await self.app(scope, receive, send)
  File "E:\atc\venv\Lib\site-packages\starlette\routing.py", line 660, in __call__
    await self.middleware_stack(scope, receive, send)
  File "E:\atc\venv\Lib\site-packages\starlette\routing.py", line 680, in app
    await route.handle(scope, receive, send)
  File "E:\atc\venv\Lib\site-packages\starlette\routing.py", line 276, in handle
    await self.app(scope, receive, send)
  File "E:\atc\venv\Lib\site-packages\fastapi\routing.py", line 134, in app
    await wrap_app_handling_exceptions(app, request)(scope, receive, send)
  File "E:\atc\venv\Lib\site-packages\starlette\_exception_handler.py", line 53, in wrapped_app
    raise exc
  File "E:\atc\venv\Lib\site-packages\starlette\_exception_handler.py", line 42, in wrapped_app
    await app(scope, receive, sender)
  File "E:\atc\venv\Lib\site-packages\fastapi\routing.py", line 120, in app
    response = await f(request)
               ^^^^^^^^^^^^^^^^
  File "E:\atc\venv\Lib\site-packages\fastapi\routing.py", line 674, in app
    raw_response = await run_endpoint_function(
                   ^^^^^^^^^^^^^^^^^^^^^^^^^^^^
    ...<3 lines>...
    )
    ^
  File "E:\atc\venv\Lib\site-packages\fastapi\routing.py", line 328, in run_endpoint_function
    return await dependant.call(**values)
           ^^^^^^^^^^^^^^^^^^^^^^^^^^^^^^
  File "E:\atc\backend\main.py", line 1097, in create_sale
    archive_sale_invoice(created_sale, get_or_create_company_profile(db))
    ~~~~~~~~~~~~~~~~~~~~^^^^^^^^^^^^^^^^^^^^^^^^^^^^^^^^^^^^^^^^^^^^^^^^^
  File "E:\atc\backend\main.py", line 692, in archive_sale_invoice
    json.dumps(build_invoice_archive_payload(sale, profile), ensure_ascii=False, indent=2),
    ~~~~~~~~~~^^^^^^^^^^^^^^^^^^^^^^^^^^^^^^^^^^^^^^^^^^^^^^^^^^^^^^^^^^^^^^^^^^^^^^^^^^^^
  File "C:\Program Files\WindowsApps\PythonSoftwareFoundation.Python.3.13_3.13.3568.0_x64__qbz5n2kfra8p0\Lib\json\__init__.py", line 242, in dumps
    **kw).encode(obj)
          ~~~~~~^^^^^
  File "C:\Program Files\WindowsApps\PythonSoftwareFoundation.Python.3.13_3.13.3568.0_x64__qbz5n2kfra8p0\Lib\json\encoder.py", line 202, in encode
    chunks = self.iterencode(o, _one_shot=True)
  File "C:\Program Files\WindowsApps\PythonSoftwareFoundation.Python.3.13_3.13.3568.0_x64__qbz5n2kfra8p0\Lib\json\encoder.py", line 263, in iterencode
    return _iterencode(o, 0)
  File "C:\Program Files\WindowsApps\PythonSoftwareFoundation.Python.3.13_3.13.3568.0_x64__qbz5n2kfra8p0\Lib\json\encoder.py", line 182, in default
    raise TypeError(f'Object of type {o.__class__.__name__} '
                    f'is not JSON serializable')
TypeError: Object of type PaymentMethodOption is not JSON serializable
2026-04-18 22:16:27,385 [INFO] pos-api: Sale created: INV-20260418-0008 | Total: 1633.0 | User: owner
2026-04-18 22:16:27,390 [ERROR] pos-api: Global error on /api/pos/sale: Object of type PaymentMethodOption is not JSON serializable
Traceback (most recent call last):
  File "E:\atc\venv\Lib\site-packages\starlette\middleware\errors.py", line 164, in __call__
    await self.app(scope, receive, _send)
  File "E:\atc\venv\Lib\site-packages\starlette\middleware\cors.py", line 96, in __call__
    await self.simple_response(scope, receive, send, request_headers=headers)
  File "E:\atc\venv\Lib\site-packages\starlette\middleware\cors.py", line 154, in simple_response
    await self.app(scope, receive, send)
  File "E:\atc\venv\Lib\site-packages\starlette\middleware\exceptions.py", line 63, in __call__
    await wrap_app_handling_exceptions(self.app, conn)(scope, receive, send)
  File "E:\atc\venv\Lib\site-packages\starlette\_exception_handler.py", line 53, in wrapped_app
    raise exc
  File "E:\atc\venv\Lib\site-packages\starlette\_exception_handler.py", line 42, in wrapped_app
    await app(scope, receive, sender)
  File "E:\atc\venv\Lib\site-packages\fastapi\middleware\asyncexitstack.py", line 18, in __call__
    await self.app(scope, receive, send)
  File "E:\atc\venv\Lib\site-packages\starlette\routing.py", line 660, in __call__
    await self.middleware_stack(scope, receive, send)
  File "E:\atc\venv\Lib\site-packages\starlette\routing.py", line 680, in app
    await route.handle(scope, receive, send)
  File "E:\atc\venv\Lib\site-packages\starlette\routing.py", line 276, in handle
    await self.app(scope, receive, send)
  File "E:\atc\venv\Lib\site-packages\fastapi\routing.py", line 134, in app
    await wrap_app_handling_exceptions(app, request)(scope, receive, send)
  File "E:\atc\venv\Lib\site-packages\starlette\_exception_handler.py", line 53, in wrapped_app
    raise exc
  File "E:\atc\venv\Lib\site-packages\starlette\_exception_handler.py", line 42, in wrapped_app
    await app(scope, receive, sender)
  File "E:\atc\venv\Lib\site-packages\fastapi\routing.py", line 120, in app
    response = await f(request)
               ^^^^^^^^^^^^^^^^
  File "E:\atc\venv\Lib\site-packages\fastapi\routing.py", line 674, in app
    raw_response = await run_endpoint_function(
                   ^^^^^^^^^^^^^^^^^^^^^^^^^^^^
    ...<3 lines>...
    )
    ^
  File "E:\atc\venv\Lib\site-packages\fastapi\routing.py", line 328, in run_endpoint_function
    return await dependant.call(**values)
           ^^^^^^^^^^^^^^^^^^^^^^^^^^^^^^
  File "E:\atc\backend\main.py", line 1097, in create_sale
    archive_sale_invoice(created_sale, get_or_create_company_profile(db))
    ~~~~~~~~~~~~~~~~~~~~^^^^^^^^^^^^^^^^^^^^^^^^^^^^^^^^^^^^^^^^^^^^^^^^^
  File "E:\atc\backend\main.py", line 692, in archive_sale_invoice
    json.dumps(build_invoice_archive_payload(sale, profile), ensure_ascii=False, indent=2),
    ~~~~~~~~~~^^^^^^^^^^^^^^^^^^^^^^^^^^^^^^^^^^^^^^^^^^^^^^^^^^^^^^^^^^^^^^^^^^^^^^^^^^^^
  File "C:\Program Files\WindowsApps\PythonSoftwareFoundation.Python.3.13_3.13.3568.0_x64__qbz5n2kfra8p0\Lib\json\__init__.py", line 242, in dumps
    **kw).encode(obj)
          ~~~~~~^^^^^
  File "C:\Program Files\WindowsApps\PythonSoftwareFoundation.Python.3.13_3.13.3568.0_x64__qbz5n2kfra8p0\Lib\json\encoder.py", line 202, in encode
    chunks = self.iterencode(o, _one_shot=True)
  File "C:\Program Files\WindowsApps\PythonSoftwareFoundation.Python.3.13_3.13.3568.0_x64__qbz5n2kfra8p0\Lib\json\encoder.py", line 263, in iterencode
    return _iterencode(o, 0)
  File "C:\Program Files\WindowsApps\PythonSoftwareFoundation.Python.3.13_3.13.3568.0_x64__qbz5n2kfra8p0\Lib\json\encoder.py", line 182, in default
    raise TypeError(f'Object of type {o.__class__.__name__} '
                    f'is not JSON serializable')
TypeError: Object of type PaymentMethodOption is not JSON serializable
2026-04-18 22:16:45,113 [INFO] pos-api: Sale created: INV-20260418-0009 | Total: 1633.0 | User: owner
2026-04-18 22:16:45,116 [ERROR] pos-api: Global error on /api/pos/sale: Object of type PaymentMethodOption is not JSON serializable
Traceback (most recent call last):
  File "E:\atc\venv\Lib\site-packages\starlette\middleware\errors.py", line 164, in __call__
    await self.app(scope, receive, _send)
  File "E:\atc\venv\Lib\site-packages\starlette\middleware\cors.py", line 96, in __call__
    await self.simple_response(scope, receive, send, request_headers=headers)
  File "E:\atc\venv\Lib\site-packages\starlette\middleware\cors.py", line 154, in simple_response
    await self.app(scope, receive, send)
  File "E:\atc\venv\Lib\site-packages\starlette\middleware\exceptions.py", line 63, in __call__
    await wrap_app_handling_exceptions(self.app, conn)(scope, receive, send)
  File "E:\atc\venv\Lib\site-packages\starlette\_exception_handler.py", line 53, in wrapped_app
    raise exc
  File "E:\atc\venv\Lib\site-packages\starlette\_exception_handler.py", line 42, in wrapped_app
    await app(scope, receive, sender)
  File "E:\atc\venv\Lib\site-packages\fastapi\middleware\asyncexitstack.py", line 18, in __call__
    await self.app(scope, receive, send)
  File "E:\atc\venv\Lib\site-packages\starlette\routing.py", line 660, in __call__
    await self.middleware_stack(scope, receive, send)
  File "E:\atc\venv\Lib\site-packages\starlette\routing.py", line 680, in app
    await route.handle(scope, receive, send)
  File "E:\atc\venv\Lib\site-packages\starlette\routing.py", line 276, in handle
    await self.app(scope, receive, send)
  File "E:\atc\venv\Lib\site-packages\fastapi\routing.py", line 134, in app
    await wrap_app_handling_exceptions(app, request)(scope, receive, send)
  File "E:\atc\venv\Lib\site-packages\starlette\_exception_handler.py", line 53, in wrapped_app
    raise exc
  File "E:\atc\venv\Lib\site-packages\starlette\_exception_handler.py", line 42, in wrapped_app
    await app(scope, receive, sender)
  File "E:\atc\venv\Lib\site-packages\fastapi\routing.py", line 120, in app
    response = await f(request)
               ^^^^^^^^^^^^^^^^
  File "E:\atc\venv\Lib\site-packages\fastapi\routing.py", line 674, in app
    raw_response = await run_endpoint_function(
                   ^^^^^^^^^^^^^^^^^^^^^^^^^^^^
    ...<3 lines>...
    )
    ^
  File "E:\atc\venv\Lib\site-packages\fastapi\routing.py", line 328, in run_endpoint_function
    return await dependant.call(**values)
           ^^^^^^^^^^^^^^^^^^^^^^^^^^^^^^
  File "E:\atc\backend\main.py", line 1097, in create_sale
    archive_sale_invoice(created_sale, get_or_create_company_profile(db))
    ~~~~~~~~~~~~~~~~~~~~^^^^^^^^^^^^^^^^^^^^^^^^^^^^^^^^^^^^^^^^^^^^^^^^^
  File "E:\atc\backend\main.py", line 692, in archive_sale_invoice
    json.dumps(build_invoice_archive_payload(sale, profile), ensure_ascii=False, indent=2),
    ~~~~~~~~~~^^^^^^^^^^^^^^^^^^^^^^^^^^^^^^^^^^^^^^^^^^^^^^^^^^^^^^^^^^^^^^^^^^^^^^^^^^^^
  File "C:\Program Files\WindowsApps\PythonSoftwareFoundation.Python.3.13_3.13.3568.0_x64__qbz5n2kfra8p0\Lib\json\__init__.py", line 242, in dumps
    **kw).encode(obj)
          ~~~~~~^^^^^
  File "C:\Program Files\WindowsApps\PythonSoftwareFoundation.Python.3.13_3.13.3568.0_x64__qbz5n2kfra8p0\Lib\json\encoder.py", line 202, in encode
    chunks = self.iterencode(o, _one_shot=True)
  File "C:\Program Files\WindowsApps\PythonSoftwareFoundation.Python.3.13_3.13.3568.0_x64__qbz5n2kfra8p0\Lib\json\encoder.py", line 263, in iterencode
    return _iterencode(o, 0)
  File "C:\Program Files\WindowsApps\PythonSoftwareFoundation.Python.3.13_3.13.3568.0_x64__qbz5n2kfra8p0\Lib\json\encoder.py", line 182, in default
    raise TypeError(f'Object of type {o.__class__.__name__} '
                    f'is not JSON serializable')
TypeError: Object of type PaymentMethodOption is not JSON serializable
2026-04-18 22:16:47,303 [INFO] pos-api: Sale created: INV-20260418-0010 | Total: 1633.0 | User: owner
2026-04-18 22:16:47,306 [ERROR] pos-api: Global error on /api/pos/sale: Object of type PaymentMethodOption is not JSON serializable
Traceback (most recent call last):
  File "E:\atc\venv\Lib\site-packages\starlette\middleware\errors.py", line 164, in __call__
    await self.app(scope, receive, _send)
  File "E:\atc\venv\Lib\site-packages\starlette\middleware\cors.py", line 96, in __call__
    await self.simple_response(scope, receive, send, request_headers=headers)
  File "E:\atc\venv\Lib\site-packages\starlette\middleware\cors.py", line 154, in simple_response
    await self.app(scope, receive, send)
  File "E:\atc\venv\Lib\site-packages\starlette\middleware\exceptions.py", line 63, in __call__
    await wrap_app_handling_exceptions(self.app, conn)(scope, receive, send)
  File "E:\atc\venv\Lib\site-packages\starlette\_exception_handler.py", line 53, in wrapped_app
    raise exc
  File "E:\atc\venv\Lib\site-packages\starlette\_exception_handler.py", line 42, in wrapped_app
    await app(scope, receive, sender)
  File "E:\atc\venv\Lib\site-packages\fastapi\middleware\asyncexitstack.py", line 18, in __call__
    await self.app(scope, receive, send)
  File "E:\atc\venv\Lib\site-packages\starlette\routing.py", line 660, in __call__
    await self.middleware_stack(scope, receive, send)
  File "E:\atc\venv\Lib\site-packages\starlette\routing.py", line 680, in app
    await route.handle(scope, receive, send)
  File "E:\atc\venv\Lib\site-packages\starlette\routing.py", line 276, in handle
    await self.app(scope, receive, send)
  File "E:\atc\venv\Lib\site-packages\fastapi\routing.py", line 134, in app
    await wrap_app_handling_exceptions(app, request)(scope, receive, send)
  File "E:\atc\venv\Lib\site-packages\starlette\_exception_handler.py", line 53, in wrapped_app
    raise exc
  File "E:\atc\venv\Lib\site-packages\starlette\_exception_handler.py", line 42, in wrapped_app
    await app(scope, receive, sender)
  File "E:\atc\venv\Lib\site-packages\fastapi\routing.py", line 120, in app
    response = await f(request)
               ^^^^^^^^^^^^^^^^
  File "E:\atc\venv\Lib\site-packages\fastapi\routing.py", line 674, in app
    raw_response = await run_endpoint_function(
                   ^^^^^^^^^^^^^^^^^^^^^^^^^^^^
    ...<3 lines>...
    )
    ^
  File "E:\atc\venv\Lib\site-packages\fastapi\routing.py", line 328, in run_endpoint_function
    return await dependant.call(**values)
           ^^^^^^^^^^^^^^^^^^^^^^^^^^^^^^
  File "E:\atc\backend\main.py", line 1097, in create_sale
    archive_sale_invoice(created_sale, get_or_create_company_profile(db))
    ~~~~~~~~~~~~~~~~~~~~^^^^^^^^^^^^^^^^^^^^^^^^^^^^^^^^^^^^^^^^^^^^^^^^^
  File "E:\atc\backend\main.py", line 692, in archive_sale_invoice
    json.dumps(build_invoice_archive_payload(sale, profile), ensure_ascii=False, indent=2),
    ~~~~~~~~~~^^^^^^^^^^^^^^^^^^^^^^^^^^^^^^^^^^^^^^^^^^^^^^^^^^^^^^^^^^^^^^^^^^^^^^^^^^^^
  File "C:\Program Files\WindowsApps\PythonSoftwareFoundation.Python.3.13_3.13.3568.0_x64__qbz5n2kfra8p0\Lib\json\__init__.py", line 242, in dumps
    **kw).encode(obj)
          ~~~~~~^^^^^
  File "C:\Program Files\WindowsApps\PythonSoftwareFoundation.Python.3.13_3.13.3568.0_x64__qbz5n2kfra8p0\Lib\json\encoder.py", line 202, in encode
    chunks = self.iterencode(o, _one_shot=True)
  File "C:\Program Files\WindowsApps\PythonSoftwareFoundation.Python.3.13_3.13.3568.0_x64__qbz5n2kfra8p0\Lib\json\encoder.py", line 263, in iterencode
    return _iterencode(o, 0)
  File "C:\Program Files\WindowsApps\PythonSoftwareFoundation.Python.3.13_3.13.3568.0_x64__qbz5n2kfra8p0\Lib\json\encoder.py", line 182, in default
    raise TypeError(f'Object of type {o.__class__.__name__} '
                    f'is not JSON serializable')
TypeError: Object of type PaymentMethodOption is not JSON serializable
2026-04-18 22:16:48,825 [INFO] pos-api: Sale created: INV-20260418-0011 | Total: 1633.0 | User: owner
2026-04-18 22:16:48,828 [ERROR] pos-api: Global error on /api/pos/sale: Object of type PaymentMethodOption is not JSON serializable
Traceback (most recent call last):
  File "E:\atc\venv\Lib\site-packages\starlette\middleware\errors.py", line 164, in __call__
    await self.app(scope, receive, _send)
  File "E:\atc\venv\Lib\site-packages\starlette\middleware\cors.py", line 96, in __call__
    await self.simple_response(scope, receive, send, request_headers=headers)
  File "E:\atc\venv\Lib\site-packages\starlette\middleware\cors.py", line 154, in simple_response
    await self.app(scope, receive, send)
  File "E:\atc\venv\Lib\site-packages\starlette\middleware\exceptions.py", line 63, in __call__
    await wrap_app_handling_exceptions(self.app, conn)(scope, receive, send)
  File "E:\atc\venv\Lib\site-packages\starlette\_exception_handler.py", line 53, in wrapped_app
    raise exc
  File "E:\atc\venv\Lib\site-packages\starlette\_exception_handler.py", line 42, in wrapped_app
    await app(scope, receive, sender)
  File "E:\atc\venv\Lib\site-packages\fastapi\middleware\asyncexitstack.py", line 18, in __call__
    await self.app(scope, receive, send)
  File "E:\atc\venv\Lib\site-packages\starlette\routing.py", line 660, in __call__
    await self.middleware_stack(scope, receive, send)
  File "E:\atc\venv\Lib\site-packages\starlette\routing.py", line 680, in app
    await route.handle(scope, receive, send)
  File "E:\atc\venv\Lib\site-packages\starlette\routing.py", line 276, in handle
    await self.app(scope, receive, send)
  File "E:\atc\venv\Lib\site-packages\fastapi\routing.py", line 134, in app
    await wrap_app_handling_exceptions(app, request)(scope, receive, send)
  File "E:\atc\venv\Lib\site-packages\starlette\_exception_handler.py", line 53, in wrapped_app
    raise exc
  File "E:\atc\venv\Lib\site-packages\starlette\_exception_handler.py", line 42, in wrapped_app
    await app(scope, receive, sender)
  File "E:\atc\venv\Lib\site-packages\fastapi\routing.py", line 120, in app
    response = await f(request)
               ^^^^^^^^^^^^^^^^
  File "E:\atc\venv\Lib\site-packages\fastapi\routing.py", line 674, in app
    raw_response = await run_endpoint_function(
                   ^^^^^^^^^^^^^^^^^^^^^^^^^^^^
    ...<3 lines>...
    )
    ^
  File "E:\atc\venv\Lib\site-packages\fastapi\routing.py", line 328, in run_endpoint_function
    return await dependant.call(**values)
           ^^^^^^^^^^^^^^^^^^^^^^^^^^^^^^
  File "E:\atc\backend\main.py", line 1097, in create_sale
    archive_sale_invoice(created_sale, get_or_create_company_profile(db))
    ~~~~~~~~~~~~~~~~~~~~^^^^^^^^^^^^^^^^^^^^^^^^^^^^^^^^^^^^^^^^^^^^^^^^^
  File "E:\atc\backend\main.py", line 692, in archive_sale_invoice
    json.dumps(build_invoice_archive_payload(sale, profile), ensure_ascii=False, indent=2),
    ~~~~~~~~~~^^^^^^^^^^^^^^^^^^^^^^^^^^^^^^^^^^^^^^^^^^^^^^^^^^^^^^^^^^^^^^^^^^^^^^^^^^^^
  File "C:\Program Files\WindowsApps\PythonSoftwareFoundation.Python.3.13_3.13.3568.0_x64__qbz5n2kfra8p0\Lib\json\__init__.py", line 242, in dumps
    **kw).encode(obj)
          ~~~~~~^^^^^
  File "C:\Program Files\WindowsApps\PythonSoftwareFoundation.Python.3.13_3.13.3568.0_x64__qbz5n2kfra8p0\Lib\json\encoder.py", line 202, in encode
    chunks = self.iterencode(o, _one_shot=True)
  File "C:\Program Files\WindowsApps\PythonSoftwareFoundation.Python.3.13_3.13.3568.0_x64__qbz5n2kfra8p0\Lib\json\encoder.py", line 263, in iterencode
    return _iterencode(o, 0)
  File "C:\Program Files\WindowsApps\PythonSoftwareFoundation.Python.3.13_3.13.3568.0_x64__qbz5n2kfra8p0\Lib\json\encoder.py", line 182, in default
    raise TypeError(f'Object of type {o.__class__.__name__} '
                    f'is not JSON serializable')
TypeError: Object of type PaymentMethodOption is not JSON serializable
2026-04-18 22:17:10,486 [WARNING] pos-api: Failed login attempt for user: sunny
2026-04-18 22:17:15,171 [INFO] pos-api: User logged in: owner (Role: Admin)
2026-04-18 22:17:37,956 [WARNING] pos-api: Failed login attempt for user: sunny
2026-04-18 22:17:38,738 [WARNING] pos-api: Failed login attempt for user: sunny
2026-04-18 22:17:45,892 [WARNING] pos-api: Failed login attempt for user: sunny
2026-04-18 22:17:47,706 [WARNING] pos-api: Failed login attempt for user: sunny
2026-04-18 22:17:52,442 [INFO] pos-api: User logged in: owner (Role: Admin)
2026-04-18 22:18:10,780 [INFO] pos-api: User logged in: sunny (Role: Cashier)
2026-04-18 22:20:32,781 [INFO] pos-api: User logged in: owner (Role: Admin)
2026-04-18 22:24:50,454 [ERROR] pos-api: Global error on /api/settings/company: 'dict' object has no attribute 'dict'
Traceback (most recent call last):
  File "E:\atc\venv\Lib\site-packages\starlette\middleware\errors.py", line 164, in __call__
    await self.app(scope, receive, _send)
  File "E:\atc\venv\Lib\site-packages\starlette\middleware\cors.py", line 96, in __call__
    await self.simple_response(scope, receive, send, request_headers=headers)
  File "E:\atc\venv\Lib\site-packages\starlette\middleware\cors.py", line 154, in simple_response
    await self.app(scope, receive, send)
  File "E:\atc\venv\Lib\site-packages\starlette\middleware\exceptions.py", line 63, in __call__
    await wrap_app_handling_exceptions(self.app, conn)(scope, receive, send)
  File "E:\atc\venv\Lib\site-packages\starlette\_exception_handler.py", line 53, in wrapped_app
    raise exc
  File "E:\atc\venv\Lib\site-packages\starlette\_exception_handler.py", line 42, in wrapped_app
    await app(scope, receive, sender)
  File "E:\atc\venv\Lib\site-packages\fastapi\middleware\asyncexitstack.py", line 18, in __call__
    await self.app(scope, receive, send)
  File "E:\atc\venv\Lib\site-packages\starlette\routing.py", line 660, in __call__
    await self.middleware_stack(scope, receive, send)
  File "E:\atc\venv\Lib\site-packages\starlette\routing.py", line 680, in app
    await route.handle(scope, receive, send)
  File "E:\atc\venv\Lib\site-packages\starlette\routing.py", line 276, in handle
    await self.app(scope, receive, send)
  File "E:\atc\venv\Lib\site-packages\fastapi\routing.py", line 134, in app
    await wrap_app_handling_exceptions(app, request)(scope, receive, send)
  File "E:\atc\venv\Lib\site-packages\starlette\_exception_handler.py", line 53, in wrapped_app
    raise exc
  File "E:\atc\venv\Lib\site-packages\starlette\_exception_handler.py", line 42, in wrapped_app
    await app(scope, receive, sender)
  File "E:\atc\venv\Lib\site-packages\fastapi\routing.py", line 120, in app
    response = await f(request)
               ^^^^^^^^^^^^^^^^
  File "E:\atc\venv\Lib\site-packages\fastapi\routing.py", line 674, in app
    raw_response = await run_endpoint_function(
                   ^^^^^^^^^^^^^^^^^^^^^^^^^^^^
    ...<3 lines>...
    )
    ^
  File "E:\atc\venv\Lib\site-packages\fastapi\routing.py", line 330, in run_endpoint_function
    return await run_in_threadpool(dependant.call, **values)
           ^^^^^^^^^^^^^^^^^^^^^^^^^^^^^^^^^^^^^^^^^^^^^^^^^
  File "E:\atc\venv\Lib\site-packages\starlette\concurrency.py", line 32, in run_in_threadpool
    return await anyio.to_thread.run_sync(func)
           ^^^^^^^^^^^^^^^^^^^^^^^^^^^^^^^^^^^^
  File "E:\atc\venv\Lib\site-packages\anyio\to_thread.py", line 63, in run_sync
    return await get_async_backend().run_sync_in_worker_thread(
           ^^^^^^^^^^^^^^^^^^^^^^^^^^^^^^^^^^^^^^^^^^^^^^^^^^^^
        func, args, abandon_on_cancel=abandon_on_cancel, limiter=limiter
        ^^^^^^^^^^^^^^^^^^^^^^^^^^^^^^^^^^^^^^^^^^^^^^^^^^^^^^^^^^^^^^^^
    )
    ^
  File "E:\atc\venv\Lib\site-packages\anyio\_backends\_asyncio.py", line 2518, in run_sync_in_worker_thread
    return await future
           ^^^^^^^^^^^^
  File "E:\atc\venv\Lib\site-packages\anyio\_backends\_asyncio.py", line 1002, in run
    result = context.run(func, *args)
  File "E:\atc\backend\main.py", line 828, in update_company_settings
    profile.payment_methods_json = serialize_charge_items(value or [])
                                   ~~~~~~~~~~~~~~~~~~~~~~^^^^^^^^^^^^^
  File "E:\atc\backend\main.py", line 188, in serialize_charge_items
    return json.dumps([item.model_dump() if hasattr(item, "model_dump") else item.dict() for item in items], ensure_ascii=False)
                                                                             ^^^^^^^^^
AttributeError: 'dict' object has no attribute 'dict'
2026-04-18 22:26:09,967 [INFO] pos-api: Sale created: INV-20260418-0012 | Total: 506.0 | User: owner
2026-04-18 22:26:09,975 [ERROR] pos-api: Global error on /api/pos/sale: Object of type PaymentMethodOption is not JSON serializable
Traceback (most recent call last):
  File "E:\atc\venv\Lib\site-packages\starlette\middleware\errors.py", line 164, in __call__
    await self.app(scope, receive, _send)
  File "E:\atc\venv\Lib\site-packages\starlette\middleware\cors.py", line 96, in __call__
    await self.simple_response(scope, receive, send, request_headers=headers)
  File "E:\atc\venv\Lib\site-packages\starlette\middleware\cors.py", line 154, in simple_response
    await self.app(scope, receive, send)
  File "E:\atc\venv\Lib\site-packages\starlette\middleware\exceptions.py", line 63, in __call__
    await wrap_app_handling_exceptions(self.app, conn)(scope, receive, send)
  File "E:\atc\venv\Lib\site-packages\starlette\_exception_handler.py", line 53, in wrapped_app
    raise exc
  File "E:\atc\venv\Lib\site-packages\starlette\_exception_handler.py", line 42, in wrapped_app
    await app(scope, receive, sender)
  File "E:\atc\venv\Lib\site-packages\fastapi\middleware\asyncexitstack.py", line 18, in __call__
    await self.app(scope, receive, send)
  File "E:\atc\venv\Lib\site-packages\starlette\routing.py", line 660, in __call__
    await self.middleware_stack(scope, receive, send)
  File "E:\atc\venv\Lib\site-packages\starlette\routing.py", line 680, in app
    await route.handle(scope, receive, send)
  File "E:\atc\venv\Lib\site-packages\starlette\routing.py", line 276, in handle
    await self.app(scope, receive, send)
  File "E:\atc\venv\Lib\site-packages\fastapi\routing.py", line 134, in app
    await wrap_app_handling_exceptions(app, request)(scope, receive, send)
  File "E:\atc\venv\Lib\site-packages\starlette\_exception_handler.py", line 53, in wrapped_app
    raise exc
  File "E:\atc\venv\Lib\site-packages\starlette\_exception_handler.py", line 42, in wrapped_app
    await app(scope, receive, sender)
  File "E:\atc\venv\Lib\site-packages\fastapi\routing.py", line 120, in app
    response = await f(request)
               ^^^^^^^^^^^^^^^^
  File "E:\atc\venv\Lib\site-packages\fastapi\routing.py", line 674, in app
    raw_response = await run_endpoint_function(
                   ^^^^^^^^^^^^^^^^^^^^^^^^^^^^
    ...<3 lines>...
    )
    ^
  File "E:\atc\venv\Lib\site-packages\fastapi\routing.py", line 328, in run_endpoint_function
    return await dependant.call(**values)
           ^^^^^^^^^^^^^^^^^^^^^^^^^^^^^^
  File "E:\atc\backend\main.py", line 1097, in create_sale
    archive_sale_invoice(created_sale, get_or_create_company_profile(db))
    ~~~~~~~~~~~~~~~~~~~~^^^^^^^^^^^^^^^^^^^^^^^^^^^^^^^^^^^^^^^^^^^^^^^^^
  File "E:\atc\backend\main.py", line 692, in archive_sale_invoice
    json.dumps(build_invoice_archive_payload(sale, profile), ensure_ascii=False, indent=2),
    ~~~~~~~~~~^^^^^^^^^^^^^^^^^^^^^^^^^^^^^^^^^^^^^^^^^^^^^^^^^^^^^^^^^^^^^^^^^^^^^^^^^^^^
  File "C:\Program Files\WindowsApps\PythonSoftwareFoundation.Python.3.13_3.13.3568.0_x64__qbz5n2kfra8p0\Lib\json\__init__.py", line 242, in dumps
    **kw).encode(obj)
          ~~~~~~^^^^^
  File "C:\Program Files\WindowsApps\PythonSoftwareFoundation.Python.3.13_3.13.3568.0_x64__qbz5n2kfra8p0\Lib\json\encoder.py", line 202, in encode
    chunks = self.iterencode(o, _one_shot=True)
  File "C:\Program Files\WindowsApps\PythonSoftwareFoundation.Python.3.13_3.13.3568.0_x64__qbz5n2kfra8p0\Lib\json\encoder.py", line 263, in iterencode
    return _iterencode(o, 0)
  File "C:\Program Files\WindowsApps\PythonSoftwareFoundation.Python.3.13_3.13.3568.0_x64__qbz5n2kfra8p0\Lib\json\encoder.py", line 182, in default
    raise TypeError(f'Object of type {o.__class__.__name__} '
                    f'is not JSON serializable')
TypeError: Object of type PaymentMethodOption is not JSON serializable
2026-04-18 22:26:10,681 [INFO] pos-api: Sale created: INV-20260418-0013 | Total: 506.0 | User: owner
2026-04-18 22:26:10,685 [ERROR] pos-api: Global error on /api/pos/sale: Object of type PaymentMethodOption is not JSON serializable
Traceback (most recent call last):
  File "E:\atc\venv\Lib\site-packages\starlette\middleware\errors.py", line 164, in __call__
    await self.app(scope, receive, _send)
  File "E:\atc\venv\Lib\site-packages\starlette\middleware\cors.py", line 96, in __call__
    await self.simple_response(scope, receive, send, request_headers=headers)
  File "E:\atc\venv\Lib\site-packages\starlette\middleware\cors.py", line 154, in simple_response
    await self.app(scope, receive, send)
  File "E:\atc\venv\Lib\site-packages\starlette\middleware\exceptions.py", line 63, in __call__
    await wrap_app_handling_exceptions(self.app, conn)(scope, receive, send)
  File "E:\atc\venv\Lib\site-packages\starlette\_exception_handler.py", line 53, in wrapped_app
    raise exc
  File "E:\atc\venv\Lib\site-packages\starlette\_exception_handler.py", line 42, in wrapped_app
    await app(scope, receive, sender)
  File "E:\atc\venv\Lib\site-packages\fastapi\middleware\asyncexitstack.py", line 18, in __call__
    await self.app(scope, receive, send)
  File "E:\atc\venv\Lib\site-packages\starlette\routing.py", line 660, in __call__
    await self.middleware_stack(scope, receive, send)
  File "E:\atc\venv\Lib\site-packages\starlette\routing.py", line 680, in app
    await route.handle(scope, receive, send)
  File "E:\atc\venv\Lib\site-packages\starlette\routing.py", line 276, in handle
    await self.app(scope, receive, send)
  File "E:\atc\venv\Lib\site-packages\fastapi\routing.py", line 134, in app
    await wrap_app_handling_exceptions(app, request)(scope, receive, send)
  File "E:\atc\venv\Lib\site-packages\starlette\_exception_handler.py", line 53, in wrapped_app
    raise exc
  File "E:\atc\venv\Lib\site-packages\starlette\_exception_handler.py", line 42, in wrapped_app
    await app(scope, receive, sender)
  File "E:\atc\venv\Lib\site-packages\fastapi\routing.py", line 120, in app
    response = await f(request)
               ^^^^^^^^^^^^^^^^
  File "E:\atc\venv\Lib\site-packages\fastapi\routing.py", line 674, in app
    raw_response = await run_endpoint_function(
                   ^^^^^^^^^^^^^^^^^^^^^^^^^^^^
    ...<3 lines>...
    )
    ^
  File "E:\atc\venv\Lib\site-packages\fastapi\routing.py", line 328, in run_endpoint_function
    return await dependant.call(**values)
           ^^^^^^^^^^^^^^^^^^^^^^^^^^^^^^
  File "E:\atc\backend\main.py", line 1097, in create_sale
    archive_sale_invoice(created_sale, get_or_create_company_profile(db))
    ~~~~~~~~~~~~~~~~~~~~^^^^^^^^^^^^^^^^^^^^^^^^^^^^^^^^^^^^^^^^^^^^^^^^^
  File "E:\atc\backend\main.py", line 692, in archive_sale_invoice
    json.dumps(build_invoice_archive_payload(sale, profile), ensure_ascii=False, indent=2),
    ~~~~~~~~~~^^^^^^^^^^^^^^^^^^^^^^^^^^^^^^^^^^^^^^^^^^^^^^^^^^^^^^^^^^^^^^^^^^^^^^^^^^^^
  File "C:\Program Files\WindowsApps\PythonSoftwareFoundation.Python.3.13_3.13.3568.0_x64__qbz5n2kfra8p0\Lib\json\__init__.py", line 242, in dumps
    **kw).encode(obj)
          ~~~~~~^^^^^
  File "C:\Program Files\WindowsApps\PythonSoftwareFoundation.Python.3.13_3.13.3568.0_x64__qbz5n2kfra8p0\Lib\json\encoder.py", line 202, in encode
    chunks = self.iterencode(o, _one_shot=True)
  File "C:\Program Files\WindowsApps\PythonSoftwareFoundation.Python.3.13_3.13.3568.0_x64__qbz5n2kfra8p0\Lib\json\encoder.py", line 263, in iterencode
    return _iterencode(o, 0)
  File "C:\Program Files\WindowsApps\PythonSoftwareFoundation.Python.3.13_3.13.3568.0_x64__qbz5n2kfra8p0\Lib\json\encoder.py", line 182, in default
    raise TypeError(f'Object of type {o.__class__.__name__} '
                    f'is not JSON serializable')
TypeError: Object of type PaymentMethodOption is not JSON serializable
2026-04-18 22:27:18,747 [INFO] pos-api: Sale created: INV-20260418-0014 | Total: 1069.5 | User: owner
2026-04-18 22:27:18,751 [ERROR] pos-api: Global error on /api/pos/sale: Object of type PaymentMethodOption is not JSON serializable
Traceback (most recent call last):
  File "E:\atc\venv\Lib\site-packages\starlette\middleware\errors.py", line 164, in __call__
    await self.app(scope, receive, _send)
  File "E:\atc\venv\Lib\site-packages\starlette\middleware\cors.py", line 96, in __call__
    await self.simple_response(scope, receive, send, request_headers=headers)
  File "E:\atc\venv\Lib\site-packages\starlette\middleware\cors.py", line 154, in simple_response
    await self.app(scope, receive, send)
  File "E:\atc\venv\Lib\site-packages\starlette\middleware\exceptions.py", line 63, in __call__
    await wrap_app_handling_exceptions(self.app, conn)(scope, receive, send)
  File "E:\atc\venv\Lib\site-packages\starlette\_exception_handler.py", line 53, in wrapped_app
    raise exc
  File "E:\atc\venv\Lib\site-packages\starlette\_exception_handler.py", line 42, in wrapped_app
    await app(scope, receive, sender)
  File "E:\atc\venv\Lib\site-packages\fastapi\middleware\asyncexitstack.py", line 18, in __call__
    await self.app(scope, receive, send)
  File "E:\atc\venv\Lib\site-packages\starlette\routing.py", line 660, in __call__
    await self.middleware_stack(scope, receive, send)
  File "E:\atc\venv\Lib\site-packages\starlette\routing.py", line 680, in app
    await route.handle(scope, receive, send)
  File "E:\atc\venv\Lib\site-packages\starlette\routing.py", line 276, in handle
    await self.app(scope, receive, send)
  File "E:\atc\venv\Lib\site-packages\fastapi\routing.py", line 134, in app
    await wrap_app_handling_exceptions(app, request)(scope, receive, send)
  File "E:\atc\venv\Lib\site-packages\starlette\_exception_handler.py", line 53, in wrapped_app
    raise exc
  File "E:\atc\venv\Lib\site-packages\starlette\_exception_handler.py", line 42, in wrapped_app
    await app(scope, receive, sender)
  File "E:\atc\venv\Lib\site-packages\fastapi\routing.py", line 120, in app
    response = await f(request)
               ^^^^^^^^^^^^^^^^
  File "E:\atc\venv\Lib\site-packages\fastapi\routing.py", line 674, in app
    raw_response = await run_endpoint_function(
                   ^^^^^^^^^^^^^^^^^^^^^^^^^^^^
    ...<3 lines>...
    )
    ^
  File "E:\atc\venv\Lib\site-packages\fastapi\routing.py", line 328, in run_endpoint_function
    return await dependant.call(**values)
           ^^^^^^^^^^^^^^^^^^^^^^^^^^^^^^
  File "E:\atc\backend\main.py", line 1097, in create_sale
    archive_sale_invoice(created_sale, get_or_create_company_profile(db))
    ~~~~~~~~~~~~~~~~~~~~^^^^^^^^^^^^^^^^^^^^^^^^^^^^^^^^^^^^^^^^^^^^^^^^^
  File "E:\atc\backend\main.py", line 692, in archive_sale_invoice
    json.dumps(build_invoice_archive_payload(sale, profile), ensure_ascii=False, indent=2),
    ~~~~~~~~~~^^^^^^^^^^^^^^^^^^^^^^^^^^^^^^^^^^^^^^^^^^^^^^^^^^^^^^^^^^^^^^^^^^^^^^^^^^^^
  File "C:\Program Files\WindowsApps\PythonSoftwareFoundation.Python.3.13_3.13.3568.0_x64__qbz5n2kfra8p0\Lib\json\__init__.py", line 242, in dumps
    **kw).encode(obj)
          ~~~~~~^^^^^
  File "C:\Program Files\WindowsApps\PythonSoftwareFoundation.Python.3.13_3.13.3568.0_x64__qbz5n2kfra8p0\Lib\json\encoder.py", line 202, in encode
    chunks = self.iterencode(o, _one_shot=True)
  File "C:\Program Files\WindowsApps\PythonSoftwareFoundation.Python.3.13_3.13.3568.0_x64__qbz5n2kfra8p0\Lib\json\encoder.py", line 263, in iterencode
    return _iterencode(o, 0)
  File "C:\Program Files\WindowsApps\PythonSoftwareFoundation.Python.3.13_3.13.3568.0_x64__qbz5n2kfra8p0\Lib\json\encoder.py", line 182, in default
    raise TypeError(f'Object of type {o.__class__.__name__} '
                    f'is not JSON serializable')
TypeError: Object of type PaymentMethodOption is not JSON serializable
2026-04-18 22:27:20,264 [INFO] pos-api: Sale created: INV-20260418-0015 | Total: 1069.5 | User: owner
2026-04-18 22:27:20,266 [ERROR] pos-api: Global error on /api/pos/sale: Object of type PaymentMethodOption is not JSON serializable
Traceback (most recent call last):
  File "E:\atc\venv\Lib\site-packages\starlette\middleware\errors.py", line 164, in __call__
    await self.app(scope, receive, _send)
  File "E:\atc\venv\Lib\site-packages\starlette\middleware\cors.py", line 96, in __call__
    await self.simple_response(scope, receive, send, request_headers=headers)
  File "E:\atc\venv\Lib\site-packages\starlette\middleware\cors.py", line 154, in simple_response
    await self.app(scope, receive, send)
  File "E:\atc\venv\Lib\site-packages\starlette\middleware\exceptions.py", line 63, in __call__
    await wrap_app_handling_exceptions(self.app, conn)(scope, receive, send)
  File "E:\atc\venv\Lib\site-packages\starlette\_exception_handler.py", line 53, in wrapped_app
    raise exc
  File "E:\atc\venv\Lib\site-packages\starlette\_exception_handler.py", line 42, in wrapped_app
    await app(scope, receive, sender)
  File "E:\atc\venv\Lib\site-packages\fastapi\middleware\asyncexitstack.py", line 18, in __call__
    await self.app(scope, receive, send)
  File "E:\atc\venv\Lib\site-packages\starlette\routing.py", line 660, in __call__
    await self.middleware_stack(scope, receive, send)
  File "E:\atc\venv\Lib\site-packages\starlette\routing.py", line 680, in app
    await route.handle(scope, receive, send)
  File "E:\atc\venv\Lib\site-packages\starlette\routing.py", line 276, in handle
    await self.app(scope, receive, send)
  File "E:\atc\venv\Lib\site-packages\fastapi\routing.py", line 134, in app
    await wrap_app_handling_exceptions(app, request)(scope, receive, send)
  File "E:\atc\venv\Lib\site-packages\starlette\_exception_handler.py", line 53, in wrapped_app
    raise exc
  File "E:\atc\venv\Lib\site-packages\starlette\_exception_handler.py", line 42, in wrapped_app
    await app(scope, receive, sender)
  File "E:\atc\venv\Lib\site-packages\fastapi\routing.py", line 120, in app
    response = await f(request)
               ^^^^^^^^^^^^^^^^
  File "E:\atc\venv\Lib\site-packages\fastapi\routing.py", line 674, in app
    raw_response = await run_endpoint_function(
                   ^^^^^^^^^^^^^^^^^^^^^^^^^^^^
    ...<3 lines>...
    )
    ^
  File "E:\atc\venv\Lib\site-packages\fastapi\routing.py", line 328, in run_endpoint_function
    return await dependant.call(**values)
           ^^^^^^^^^^^^^^^^^^^^^^^^^^^^^^
  File "E:\atc\backend\main.py", line 1097, in create_sale
    archive_sale_invoice(created_sale, get_or_create_company_profile(db))
    ~~~~~~~~~~~~~~~~~~~~^^^^^^^^^^^^^^^^^^^^^^^^^^^^^^^^^^^^^^^^^^^^^^^^^
  File "E:\atc\backend\main.py", line 692, in archive_sale_invoice
    json.dumps(build_invoice_archive_payload(sale, profile), ensure_ascii=False, indent=2),
    ~~~~~~~~~~^^^^^^^^^^^^^^^^^^^^^^^^^^^^^^^^^^^^^^^^^^^^^^^^^^^^^^^^^^^^^^^^^^^^^^^^^^^^
  File "C:\Program Files\WindowsApps\PythonSoftwareFoundation.Python.3.13_3.13.3568.0_x64__qbz5n2kfra8p0\Lib\json\__init__.py", line 242, in dumps
    **kw).encode(obj)
          ~~~~~~^^^^^
  File "C:\Program Files\WindowsApps\PythonSoftwareFoundation.Python.3.13_3.13.3568.0_x64__qbz5n2kfra8p0\Lib\json\encoder.py", line 202, in encode
    chunks = self.iterencode(o, _one_shot=True)
  File "C:\Program Files\WindowsApps\PythonSoftwareFoundation.Python.3.13_3.13.3568.0_x64__qbz5n2kfra8p0\Lib\json\encoder.py", line 263, in iterencode
    return _iterencode(o, 0)
  File "C:\Program Files\WindowsApps\PythonSoftwareFoundation.Python.3.13_3.13.3568.0_x64__qbz5n2kfra8p0\Lib\json\encoder.py", line 182, in default
    raise TypeError(f'Object of type {o.__class__.__name__} '
                    f'is not JSON serializable')
TypeError: Object of type PaymentMethodOption is not JSON serializable
2026-04-18 22:28:26,248 [INFO] pos-api: Sale created: INV-20260418-0016 | Total: 1414.5 | User: owner
2026-04-18 22:28:26,251 [ERROR] pos-api: Global error on /api/pos/sale: Object of type PaymentMethodOption is not JSON serializable
Traceback (most recent call last):
  File "E:\atc\venv\Lib\site-packages\starlette\middleware\errors.py", line 164, in __call__
    await self.app(scope, receive, _send)
  File "E:\atc\venv\Lib\site-packages\starlette\middleware\cors.py", line 96, in __call__
    await self.simple_response(scope, receive, send, request_headers=headers)
  File "E:\atc\venv\Lib\site-packages\starlette\middleware\cors.py", line 154, in simple_response
    await self.app(scope, receive, send)
  File "E:\atc\venv\Lib\site-packages\starlette\middleware\exceptions.py", line 63, in __call__
    await wrap_app_handling_exceptions(self.app, conn)(scope, receive, send)
  File "E:\atc\venv\Lib\site-packages\starlette\_exception_handler.py", line 53, in wrapped_app
    raise exc
  File "E:\atc\venv\Lib\site-packages\starlette\_exception_handler.py", line 42, in wrapped_app
    await app(scope, receive, sender)
  File "E:\atc\venv\Lib\site-packages\fastapi\middleware\asyncexitstack.py", line 18, in __call__
    await self.app(scope, receive, send)
  File "E:\atc\venv\Lib\site-packages\starlette\routing.py", line 660, in __call__
    await self.middleware_stack(scope, receive, send)
  File "E:\atc\venv\Lib\site-packages\starlette\routing.py", line 680, in app
    await route.handle(scope, receive, send)
  File "E:\atc\venv\Lib\site-packages\starlette\routing.py", line 276, in handle
    await self.app(scope, receive, send)
  File "E:\atc\venv\Lib\site-packages\fastapi\routing.py", line 134, in app
    await wrap_app_handling_exceptions(app, request)(scope, receive, send)
  File "E:\atc\venv\Lib\site-packages\starlette\_exception_handler.py", line 53, in wrapped_app
    raise exc
  File "E:\atc\venv\Lib\site-packages\starlette\_exception_handler.py", line 42, in wrapped_app
    await app(scope, receive, sender)
  File "E:\atc\venv\Lib\site-packages\fastapi\routing.py", line 120, in app
    response = await f(request)
               ^^^^^^^^^^^^^^^^
  File "E:\atc\venv\Lib\site-packages\fastapi\routing.py", line 674, in app
    raw_response = await run_endpoint_function(
                   ^^^^^^^^^^^^^^^^^^^^^^^^^^^^
    ...<3 lines>...
    )
    ^
  File "E:\atc\venv\Lib\site-packages\fastapi\routing.py", line 328, in run_endpoint_function
    return await dependant.call(**values)
           ^^^^^^^^^^^^^^^^^^^^^^^^^^^^^^
  File "E:\atc\backend\main.py", line 1097, in create_sale
    archive_sale_invoice(created_sale, get_or_create_company_profile(db))
    ~~~~~~~~~~~~~~~~~~~~^^^^^^^^^^^^^^^^^^^^^^^^^^^^^^^^^^^^^^^^^^^^^^^^^
  File "E:\atc\backend\main.py", line 692, in archive_sale_invoice
    json.dumps(build_invoice_archive_payload(sale, profile), ensure_ascii=False, indent=2),
    ~~~~~~~~~~^^^^^^^^^^^^^^^^^^^^^^^^^^^^^^^^^^^^^^^^^^^^^^^^^^^^^^^^^^^^^^^^^^^^^^^^^^^^
  File "C:\Program Files\WindowsApps\PythonSoftwareFoundation.Python.3.13_3.13.3568.0_x64__qbz5n2kfra8p0\Lib\json\__init__.py", line 242, in dumps
    **kw).encode(obj)
          ~~~~~~^^^^^
  File "C:\Program Files\WindowsApps\PythonSoftwareFoundation.Python.3.13_3.13.3568.0_x64__qbz5n2kfra8p0\Lib\json\encoder.py", line 202, in encode
    chunks = self.iterencode(o, _one_shot=True)
  File "C:\Program Files\WindowsApps\PythonSoftwareFoundation.Python.3.13_3.13.3568.0_x64__qbz5n2kfra8p0\Lib\json\encoder.py", line 263, in iterencode
    return _iterencode(o, 0)
  File "C:\Program Files\WindowsApps\PythonSoftwareFoundation.Python.3.13_3.13.3568.0_x64__qbz5n2kfra8p0\Lib\json\encoder.py", line 182, in default
    raise TypeError(f'Object of type {o.__class__.__name__} '
                    f'is not JSON serializable')
TypeError: Object of type PaymentMethodOption is not JSON serializable
2026-04-18 22:29:41,832 [INFO] pos-api: Sale created: INV-20260418-0017 | Total: 724.5 | User: owner
2026-04-18 22:29:41,840 [ERROR] pos-api: Global error on /api/pos/sale: Object of type PaymentMethodOption is not JSON serializable
Traceback (most recent call last):
  File "E:\atc\venv\Lib\site-packages\starlette\middleware\errors.py", line 164, in __call__
    await self.app(scope, receive, _send)
  File "E:\atc\venv\Lib\site-packages\starlette\middleware\cors.py", line 96, in __call__
    await self.simple_response(scope, receive, send, request_headers=headers)
  File "E:\atc\venv\Lib\site-packages\starlette\middleware\cors.py", line 154, in simple_response
    await self.app(scope, receive, send)
  File "E:\atc\venv\Lib\site-packages\starlette\middleware\exceptions.py", line 63, in __call__
    await wrap_app_handling_exceptions(self.app, conn)(scope, receive, send)
  File "E:\atc\venv\Lib\site-packages\starlette\_exception_handler.py", line 53, in wrapped_app
    raise exc
  File "E:\atc\venv\Lib\site-packages\starlette\_exception_handler.py", line 42, in wrapped_app
    await app(scope, receive, sender)
  File "E:\atc\venv\Lib\site-packages\fastapi\middleware\asyncexitstack.py", line 18, in __call__
    await self.app(scope, receive, send)
  File "E:\atc\venv\Lib\site-packages\starlette\routing.py", line 660, in __call__
    await self.middleware_stack(scope, receive, send)
  File "E:\atc\venv\Lib\site-packages\starlette\routing.py", line 680, in app
    await route.handle(scope, receive, send)
  File "E:\atc\venv\Lib\site-packages\starlette\routing.py", line 276, in handle
    await self.app(scope, receive, send)
  File "E:\atc\venv\Lib\site-packages\fastapi\routing.py", line 134, in app
    await wrap_app_handling_exceptions(app, request)(scope, receive, send)
  File "E:\atc\venv\Lib\site-packages\starlette\_exception_handler.py", line 53, in wrapped_app
    raise exc
  File "E:\atc\venv\Lib\site-packages\starlette\_exception_handler.py", line 42, in wrapped_app
    await app(scope, receive, sender)
  File "E:\atc\venv\Lib\site-packages\fastapi\routing.py", line 120, in app
    response = await f(request)
               ^^^^^^^^^^^^^^^^
  File "E:\atc\venv\Lib\site-packages\fastapi\routing.py", line 674, in app
    raw_response = await run_endpoint_function(
                   ^^^^^^^^^^^^^^^^^^^^^^^^^^^^
    ...<3 lines>...
    )
    ^
  File "E:\atc\venv\Lib\site-packages\fastapi\routing.py", line 328, in run_endpoint_function
    return await dependant.call(**values)
           ^^^^^^^^^^^^^^^^^^^^^^^^^^^^^^
  File "E:\atc\backend\main.py", line 1097, in create_sale
    archive_sale_invoice(created_sale, get_or_create_company_profile(db))
    ~~~~~~~~~~~~~~~~~~~~^^^^^^^^^^^^^^^^^^^^^^^^^^^^^^^^^^^^^^^^^^^^^^^^^
  File "E:\atc\backend\main.py", line 692, in archive_sale_invoice
    json.dumps(build_invoice_archive_payload(sale, profile), ensure_ascii=False, indent=2),
    ~~~~~~~~~~^^^^^^^^^^^^^^^^^^^^^^^^^^^^^^^^^^^^^^^^^^^^^^^^^^^^^^^^^^^^^^^^^^^^^^^^^^^^
  File "C:\Program Files\WindowsApps\PythonSoftwareFoundation.Python.3.13_3.13.3568.0_x64__qbz5n2kfra8p0\Lib\json\__init__.py", line 242, in dumps
    **kw).encode(obj)
          ~~~~~~^^^^^
  File "C:\Program Files\WindowsApps\PythonSoftwareFoundation.Python.3.13_3.13.3568.0_x64__qbz5n2kfra8p0\Lib\json\encoder.py", line 202, in encode
    chunks = self.iterencode(o, _one_shot=True)
  File "C:\Program Files\WindowsApps\PythonSoftwareFoundation.Python.3.13_3.13.3568.0_x64__qbz5n2kfra8p0\Lib\json\encoder.py", line 263, in iterencode
    return _iterencode(o, 0)
  File "C:\Program Files\WindowsApps\PythonSoftwareFoundation.Python.3.13_3.13.3568.0_x64__qbz5n2kfra8p0\Lib\json\encoder.py", line 182, in default
    raise TypeError(f'Object of type {o.__class__.__name__} '
                    f'is not JSON serializable')
TypeError: Object of type PaymentMethodOption is not JSON serializable
2026-04-18 22:29:42,697 [INFO] pos-api: Sale created: INV-20260418-0018 | Total: 724.5 | User: owner
2026-04-18 22:29:42,700 [ERROR] pos-api: Global error on /api/pos/sale: Object of type PaymentMethodOption is not JSON serializable
Traceback (most recent call last):
  File "E:\atc\venv\Lib\site-packages\starlette\middleware\errors.py", line 164, in __call__
    await self.app(scope, receive, _send)
  File "E:\atc\venv\Lib\site-packages\starlette\middleware\cors.py", line 96, in __call__
    await self.simple_response(scope, receive, send, request_headers=headers)
  File "E:\atc\venv\Lib\site-packages\starlette\middleware\cors.py", line 154, in simple_response
    await self.app(scope, receive, send)
  File "E:\atc\venv\Lib\site-packages\starlette\middleware\exceptions.py", line 63, in __call__
    await wrap_app_handling_exceptions(self.app, conn)(scope, receive, send)
  File "E:\atc\venv\Lib\site-packages\starlette\_exception_handler.py", line 53, in wrapped_app
    raise exc
  File "E:\atc\venv\Lib\site-packages\starlette\_exception_handler.py", line 42, in wrapped_app
    await app(scope, receive, sender)
  File "E:\atc\venv\Lib\site-packages\fastapi\middleware\asyncexitstack.py", line 18, in __call__
    await self.app(scope, receive, send)
  File "E:\atc\venv\Lib\site-packages\starlette\routing.py", line 660, in __call__
    await self.middleware_stack(scope, receive, send)
  File "E:\atc\venv\Lib\site-packages\starlette\routing.py", line 680, in app
    await route.handle(scope, receive, send)
  File "E:\atc\venv\Lib\site-packages\starlette\routing.py", line 276, in handle
    await self.app(scope, receive, send)
  File "E:\atc\venv\Lib\site-packages\fastapi\routing.py", line 134, in app
    await wrap_app_handling_exceptions(app, request)(scope, receive, send)
  File "E:\atc\venv\Lib\site-packages\starlette\_exception_handler.py", line 53, in wrapped_app
    raise exc
  File "E:\atc\venv\Lib\site-packages\starlette\_exception_handler.py", line 42, in wrapped_app
    await app(scope, receive, sender)
  File "E:\atc\venv\Lib\site-packages\fastapi\routing.py", line 120, in app
    response = await f(request)
               ^^^^^^^^^^^^^^^^
  File "E:\atc\venv\Lib\site-packages\fastapi\routing.py", line 674, in app
    raw_response = await run_endpoint_function(
                   ^^^^^^^^^^^^^^^^^^^^^^^^^^^^
    ...<3 lines>...
    )
    ^
  File "E:\atc\venv\Lib\site-packages\fastapi\routing.py", line 328, in run_endpoint_function
    return await dependant.call(**values)
           ^^^^^^^^^^^^^^^^^^^^^^^^^^^^^^
  File "E:\atc\backend\main.py", line 1097, in create_sale
    archive_sale_invoice(created_sale, get_or_create_company_profile(db))
    ~~~~~~~~~~~~~~~~~~~~^^^^^^^^^^^^^^^^^^^^^^^^^^^^^^^^^^^^^^^^^^^^^^^^^
  File "E:\atc\backend\main.py", line 692, in archive_sale_invoice
    json.dumps(build_invoice_archive_payload(sale, profile), ensure_ascii=False, indent=2),
    ~~~~~~~~~~^^^^^^^^^^^^^^^^^^^^^^^^^^^^^^^^^^^^^^^^^^^^^^^^^^^^^^^^^^^^^^^^^^^^^^^^^^^^
  File "C:\Program Files\WindowsApps\PythonSoftwareFoundation.Python.3.13_3.13.3568.0_x64__qbz5n2kfra8p0\Lib\json\__init__.py", line 242, in dumps
    **kw).encode(obj)
          ~~~~~~^^^^^
  File "C:\Program Files\WindowsApps\PythonSoftwareFoundation.Python.3.13_3.13.3568.0_x64__qbz5n2kfra8p0\Lib\json\encoder.py", line 202, in encode
    chunks = self.iterencode(o, _one_shot=True)
  File "C:\Program Files\WindowsApps\PythonSoftwareFoundation.Python.3.13_3.13.3568.0_x64__qbz5n2kfra8p0\Lib\json\encoder.py", line 263, in iterencode
    return _iterencode(o, 0)
  File "C:\Program Files\WindowsApps\PythonSoftwareFoundation.Python.3.13_3.13.3568.0_x64__qbz5n2kfra8p0\Lib\json\encoder.py", line 182, in default
    raise TypeError(f'Object of type {o.__class__.__name__} '
                    f'is not JSON serializable')
TypeError: Object of type PaymentMethodOption is not JSON serializable
2026-04-18 22:29:43,264 [INFO] pos-api: Sale created: INV-20260418-0019 | Total: 724.5 | User: owner
2026-04-18 22:29:43,266 [ERROR] pos-api: Global error on /api/pos/sale: Object of type PaymentMethodOption is not JSON serializable
Traceback (most recent call last):
  File "E:\atc\venv\Lib\site-packages\starlette\middleware\errors.py", line 164, in __call__
    await self.app(scope, receive, _send)
  File "E:\atc\venv\Lib\site-packages\starlette\middleware\cors.py", line 96, in __call__
    await self.simple_response(scope, receive, send, request_headers=headers)
  File "E:\atc\venv\Lib\site-packages\starlette\middleware\cors.py", line 154, in simple_response
    await self.app(scope, receive, send)
  File "E:\atc\venv\Lib\site-packages\starlette\middleware\exceptions.py", line 63, in __call__
    await wrap_app_handling_exceptions(self.app, conn)(scope, receive, send)
  File "E:\atc\venv\Lib\site-packages\starlette\_exception_handler.py", line 53, in wrapped_app
    raise exc
  File "E:\atc\venv\Lib\site-packages\starlette\_exception_handler.py", line 42, in wrapped_app
    await app(scope, receive, sender)
  File "E:\atc\venv\Lib\site-packages\fastapi\middleware\asyncexitstack.py", line 18, in __call__
    await self.app(scope, receive, send)
  File "E:\atc\venv\Lib\site-packages\starlette\routing.py", line 660, in __call__
    await self.middleware_stack(scope, receive, send)
  File "E:\atc\venv\Lib\site-packages\starlette\routing.py", line 680, in app
    await route.handle(scope, receive, send)
  File "E:\atc\venv\Lib\site-packages\starlette\routing.py", line 276, in handle
    await self.app(scope, receive, send)
  File "E:\atc\venv\Lib\site-packages\fastapi\routing.py", line 134, in app
    await wrap_app_handling_exceptions(app, request)(scope, receive, send)
  File "E:\atc\venv\Lib\site-packages\starlette\_exception_handler.py", line 53, in wrapped_app
    raise exc
  File "E:\atc\venv\Lib\site-packages\starlette\_exception_handler.py", line 42, in wrapped_app
    await app(scope, receive, sender)
  File "E:\atc\venv\Lib\site-packages\fastapi\routing.py", line 120, in app
    response = await f(request)
               ^^^^^^^^^^^^^^^^
  File "E:\atc\venv\Lib\site-packages\fastapi\routing.py", line 674, in app
    raw_response = await run_endpoint_function(
                   ^^^^^^^^^^^^^^^^^^^^^^^^^^^^
    ...<3 lines>...
    )
    ^
  File "E:\atc\venv\Lib\site-packages\fastapi\routing.py", line 328, in run_endpoint_function
    return await dependant.call(**values)
           ^^^^^^^^^^^^^^^^^^^^^^^^^^^^^^
  File "E:\atc\backend\main.py", line 1097, in create_sale
    archive_sale_invoice(created_sale, get_or_create_company_profile(db))
    ~~~~~~~~~~~~~~~~~~~~^^^^^^^^^^^^^^^^^^^^^^^^^^^^^^^^^^^^^^^^^^^^^^^^^
  File "E:\atc\backend\main.py", line 692, in archive_sale_invoice
    json.dumps(build_invoice_archive_payload(sale, profile), ensure_ascii=False, indent=2),
    ~~~~~~~~~~^^^^^^^^^^^^^^^^^^^^^^^^^^^^^^^^^^^^^^^^^^^^^^^^^^^^^^^^^^^^^^^^^^^^^^^^^^^^
  File "C:\Program Files\WindowsApps\PythonSoftwareFoundation.Python.3.13_3.13.3568.0_x64__qbz5n2kfra8p0\Lib\json\__init__.py", line 242, in dumps
    **kw).encode(obj)
          ~~~~~~^^^^^
  File "C:\Program Files\WindowsApps\PythonSoftwareFoundation.Python.3.13_3.13.3568.0_x64__qbz5n2kfra8p0\Lib\json\encoder.py", line 202, in encode
    chunks = self.iterencode(o, _one_shot=True)
  File "C:\Program Files\WindowsApps\PythonSoftwareFoundation.Python.3.13_3.13.3568.0_x64__qbz5n2kfra8p0\Lib\json\encoder.py", line 263, in iterencode
    return _iterencode(o, 0)
  File "C:\Program Files\WindowsApps\PythonSoftwareFoundation.Python.3.13_3.13.3568.0_x64__qbz5n2kfra8p0\Lib\json\encoder.py", line 182, in default
    raise TypeError(f'Object of type {o.__class__.__name__} '
                    f'is not JSON serializable')
TypeError: Object of type PaymentMethodOption is not JSON serializable
2026-04-18 23:26:07,801 [INFO] pos-api: Sale created: INV-20260418-0020 | Total: 402.5 | User: owner
2026-04-18 23:26:07,826 [ERROR] pos-api: Global error on /api/pos/sale: Object of type PaymentMethodOption is not JSON serializable
Traceback (most recent call last):
  File "C:\Users\PC\AppData\Local\Packages\PythonSoftwareFoundation.Python.3.13_qbz5n2kfra8p0\LocalCache\local-packages\Python313\site-packages\starlette\middleware\errors.py", line 164, in __call__
    await self.app(scope, receive, _send)
  File "C:\Users\PC\AppData\Local\Packages\PythonSoftwareFoundation.Python.3.13_qbz5n2kfra8p0\LocalCache\local-packages\Python313\site-packages\starlette\middleware\cors.py", line 96, in __call__
    await self.simple_response(scope, receive, send, request_headers=headers)
  File "C:\Users\PC\AppData\Local\Packages\PythonSoftwareFoundation.Python.3.13_qbz5n2kfra8p0\LocalCache\local-packages\Python313\site-packages\starlette\middleware\cors.py", line 154, in simple_response
    await self.app(scope, receive, send)
  File "C:\Users\PC\AppData\Local\Packages\PythonSoftwareFoundation.Python.3.13_qbz5n2kfra8p0\LocalCache\local-packages\Python313\site-packages\starlette\middleware\exceptions.py", line 63, in __call__
    await wrap_app_handling_exceptions(self.app, conn)(scope, receive, send)
  File "C:\Users\PC\AppData\Local\Packages\PythonSoftwareFoundation.Python.3.13_qbz5n2kfra8p0\LocalCache\local-packages\Python313\site-packages\starlette\_exception_handler.py", line 53, in wrapped_app
    raise exc
  File "C:\Users\PC\AppData\Local\Packages\PythonSoftwareFoundation.Python.3.13_qbz5n2kfra8p0\LocalCache\local-packages\Python313\site-packages\starlette\_exception_handler.py", line 42, in wrapped_app
    await app(scope, receive, sender)
  File "C:\Users\PC\AppData\Local\Packages\PythonSoftwareFoundation.Python.3.13_qbz5n2kfra8p0\LocalCache\local-packages\Python313\site-packages\fastapi\middleware\asyncexitstack.py", line 18, in __call__
    await self.app(scope, receive, send)
  File "C:\Users\PC\AppData\Local\Packages\PythonSoftwareFoundation.Python.3.13_qbz5n2kfra8p0\LocalCache\local-packages\Python313\site-packages\starlette\routing.py", line 660, in __call__
    await self.middleware_stack(scope, receive, send)
  File "C:\Users\PC\AppData\Local\Packages\PythonSoftwareFoundation.Python.3.13_qbz5n2kfra8p0\LocalCache\local-packages\Python313\site-packages\starlette\routing.py", line 680, in app
    await route.handle(scope, receive, send)
  File "C:\Users\PC\AppData\Local\Packages\PythonSoftwareFoundation.Python.3.13_qbz5n2kfra8p0\LocalCache\local-packages\Python313\site-packages\starlette\routing.py", line 276, in handle
    await self.app(scope, receive, send)
  File "C:\Users\PC\AppData\Local\Packages\PythonSoftwareFoundation.Python.3.13_qbz5n2kfra8p0\LocalCache\local-packages\Python313\site-packages\fastapi\routing.py", line 134, in app
    await wrap_app_handling_exceptions(app, request)(scope, receive, send)
  File "C:\Users\PC\AppData\Local\Packages\PythonSoftwareFoundation.Python.3.13_qbz5n2kfra8p0\LocalCache\local-packages\Python313\site-packages\starlette\_exception_handler.py", line 53, in wrapped_app
    raise exc
  File "C:\Users\PC\AppData\Local\Packages\PythonSoftwareFoundation.Python.3.13_qbz5n2kfra8p0\LocalCache\local-packages\Python313\site-packages\starlette\_exception_handler.py", line 42, in wrapped_app
    await app(scope, receive, sender)
  File "C:\Users\PC\AppData\Local\Packages\PythonSoftwareFoundation.Python.3.13_qbz5n2kfra8p0\LocalCache\local-packages\Python313\site-packages\fastapi\routing.py", line 120, in app
    response = await f(request)
               ^^^^^^^^^^^^^^^^
  File "C:\Users\PC\AppData\Local\Packages\PythonSoftwareFoundation.Python.3.13_qbz5n2kfra8p0\LocalCache\local-packages\Python313\site-packages\fastapi\routing.py", line 674, in app
    raw_response = await run_endpoint_function(
                   ^^^^^^^^^^^^^^^^^^^^^^^^^^^^
    ...<3 lines>...
    )
    ^
  File "C:\Users\PC\AppData\Local\Packages\PythonSoftwareFoundation.Python.3.13_qbz5n2kfra8p0\LocalCache\local-packages\Python313\site-packages\fastapi\routing.py", line 328, in run_endpoint_function
    return await dependant.call(**values)
           ^^^^^^^^^^^^^^^^^^^^^^^^^^^^^^
  File "E:\atc\backend\main.py", line 1097, in create_sale
    archive_sale_invoice(created_sale, get_or_create_company_profile(db))
    ~~~~~~~~~~~~~~~~~~~~^^^^^^^^^^^^^^^^^^^^^^^^^^^^^^^^^^^^^^^^^^^^^^^^^
  File "E:\atc\backend\main.py", line 692, in archive_sale_invoice
    json.dumps(build_invoice_archive_payload(sale, profile), ensure_ascii=False, indent=2),
    ~~~~~~~~~~^^^^^^^^^^^^^^^^^^^^^^^^^^^^^^^^^^^^^^^^^^^^^^^^^^^^^^^^^^^^^^^^^^^^^^^^^^^^
  File "C:\Program Files\WindowsApps\PythonSoftwareFoundation.Python.3.13_3.13.3568.0_x64__qbz5n2kfra8p0\Lib\json\__init__.py", line 242, in dumps
    **kw).encode(obj)
          ~~~~~~^^^^^
  File "C:\Program Files\WindowsApps\PythonSoftwareFoundation.Python.3.13_3.13.3568.0_x64__qbz5n2kfra8p0\Lib\json\encoder.py", line 202, in encode
    chunks = self.iterencode(o, _one_shot=True)
  File "C:\Program Files\WindowsApps\PythonSoftwareFoundation.Python.3.13_3.13.3568.0_x64__qbz5n2kfra8p0\Lib\json\encoder.py", line 263, in iterencode
    return _iterencode(o, 0)
  File "C:\Program Files\WindowsApps\PythonSoftwareFoundation.Python.3.13_3.13.3568.0_x64__qbz5n2kfra8p0\Lib\json\encoder.py", line 182, in default
    raise TypeError(f'Object of type {o.__class__.__name__} '
                    f'is not JSON serializable')
TypeError: Object of type PaymentMethodOption is not JSON serializable
2026-04-18 23:26:08,826 [INFO] pos-api: Sale created: INV-20260418-0021 | Total: 402.5 | User: owner
2026-04-18 23:26:08,829 [ERROR] pos-api: Global error on /api/pos/sale: Object of type PaymentMethodOption is not JSON serializable
Traceback (most recent call last):
  File "C:\Users\PC\AppData\Local\Packages\PythonSoftwareFoundation.Python.3.13_qbz5n2kfra8p0\LocalCache\local-packages\Python313\site-packages\starlette\middleware\errors.py", line 164, in __call__
    await self.app(scope, receive, _send)
  File "C:\Users\PC\AppData\Local\Packages\PythonSoftwareFoundation.Python.3.13_qbz5n2kfra8p0\LocalCache\local-packages\Python313\site-packages\starlette\middleware\cors.py", line 96, in __call__
    await self.simple_response(scope, receive, send, request_headers=headers)
  File "C:\Users\PC\AppData\Local\Packages\PythonSoftwareFoundation.Python.3.13_qbz5n2kfra8p0\LocalCache\local-packages\Python313\site-packages\starlette\middleware\cors.py", line 154, in simple_response
    await self.app(scope, receive, send)
  File "C:\Users\PC\AppData\Local\Packages\PythonSoftwareFoundation.Python.3.13_qbz5n2kfra8p0\LocalCache\local-packages\Python313\site-packages\starlette\middleware\exceptions.py", line 63, in __call__
    await wrap_app_handling_exceptions(self.app, conn)(scope, receive, send)
  File "C:\Users\PC\AppData\Local\Packages\PythonSoftwareFoundation.Python.3.13_qbz5n2kfra8p0\LocalCache\local-packages\Python313\site-packages\starlette\_exception_handler.py", line 53, in wrapped_app
    raise exc
  File "C:\Users\PC\AppData\Local\Packages\PythonSoftwareFoundation.Python.3.13_qbz5n2kfra8p0\LocalCache\local-packages\Python313\site-packages\starlette\_exception_handler.py", line 42, in wrapped_app
    await app(scope, receive, sender)
  File "C:\Users\PC\AppData\Local\Packages\PythonSoftwareFoundation.Python.3.13_qbz5n2kfra8p0\LocalCache\local-packages\Python313\site-packages\fastapi\middleware\asyncexitstack.py", line 18, in __call__
    await self.app(scope, receive, send)
  File "C:\Users\PC\AppData\Local\Packages\PythonSoftwareFoundation.Python.3.13_qbz5n2kfra8p0\LocalCache\local-packages\Python313\site-packages\starlette\routing.py", line 660, in __call__
    await self.middleware_stack(scope, receive, send)
  File "C:\Users\PC\AppData\Local\Packages\PythonSoftwareFoundation.Python.3.13_qbz5n2kfra8p0\LocalCache\local-packages\Python313\site-packages\starlette\routing.py", line 680, in app
    await route.handle(scope, receive, send)
  File "C:\Users\PC\AppData\Local\Packages\PythonSoftwareFoundation.Python.3.13_qbz5n2kfra8p0\LocalCache\local-packages\Python313\site-packages\starlette\routing.py", line 276, in handle
    await self.app(scope, receive, send)
  File "C:\Users\PC\AppData\Local\Packages\PythonSoftwareFoundation.Python.3.13_qbz5n2kfra8p0\LocalCache\local-packages\Python313\site-packages\fastapi\routing.py", line 134, in app
    await wrap_app_handling_exceptions(app, request)(scope, receive, send)
  File "C:\Users\PC\AppData\Local\Packages\PythonSoftwareFoundation.Python.3.13_qbz5n2kfra8p0\LocalCache\local-packages\Python313\site-packages\starlette\_exception_handler.py", line 53, in wrapped_app
    raise exc
  File "C:\Users\PC\AppData\Local\Packages\PythonSoftwareFoundation.Python.3.13_qbz5n2kfra8p0\LocalCache\local-packages\Python313\site-packages\starlette\_exception_handler.py", line 42, in wrapped_app
    await app(scope, receive, sender)
  File "C:\Users\PC\AppData\Local\Packages\PythonSoftwareFoundation.Python.3.13_qbz5n2kfra8p0\LocalCache\local-packages\Python313\site-packages\fastapi\routing.py", line 120, in app
    response = await f(request)
               ^^^^^^^^^^^^^^^^
  File "C:\Users\PC\AppData\Local\Packages\PythonSoftwareFoundation.Python.3.13_qbz5n2kfra8p0\LocalCache\local-packages\Python313\site-packages\fastapi\routing.py", line 674, in app
    raw_response = await run_endpoint_function(
                   ^^^^^^^^^^^^^^^^^^^^^^^^^^^^
    ...<3 lines>...
    )
    ^
  File "C:\Users\PC\AppData\Local\Packages\PythonSoftwareFoundation.Python.3.13_qbz5n2kfra8p0\LocalCache\local-packages\Python313\site-packages\fastapi\routing.py", line 328, in run_endpoint_function
    return await dependant.call(**values)
           ^^^^^^^^^^^^^^^^^^^^^^^^^^^^^^
  File "E:\atc\backend\main.py", line 1097, in create_sale
    archive_sale_invoice(created_sale, get_or_create_company_profile(db))
    ~~~~~~~~~~~~~~~~~~~~^^^^^^^^^^^^^^^^^^^^^^^^^^^^^^^^^^^^^^^^^^^^^^^^^
  File "E:\atc\backend\main.py", line 692, in archive_sale_invoice
    json.dumps(build_invoice_archive_payload(sale, profile), ensure_ascii=False, indent=2),
    ~~~~~~~~~~^^^^^^^^^^^^^^^^^^^^^^^^^^^^^^^^^^^^^^^^^^^^^^^^^^^^^^^^^^^^^^^^^^^^^^^^^^^^
  File "C:\Program Files\WindowsApps\PythonSoftwareFoundation.Python.3.13_3.13.3568.0_x64__qbz5n2kfra8p0\Lib\json\__init__.py", line 242, in dumps
    **kw).encode(obj)
          ~~~~~~^^^^^
  File "C:\Program Files\WindowsApps\PythonSoftwareFoundation.Python.3.13_3.13.3568.0_x64__qbz5n2kfra8p0\Lib\json\encoder.py", line 202, in encode
    chunks = self.iterencode(o, _one_shot=True)
  File "C:\Program Files\WindowsApps\PythonSoftwareFoundation.Python.3.13_3.13.3568.0_x64__qbz5n2kfra8p0\Lib\json\encoder.py", line 263, in iterencode
    return _iterencode(o, 0)
  File "C:\Program Files\WindowsApps\PythonSoftwareFoundation.Python.3.13_3.13.3568.0_x64__qbz5n2kfra8p0\Lib\json\encoder.py", line 182, in default
    raise TypeError(f'Object of type {o.__class__.__name__} '
                    f'is not JSON serializable')
TypeError: Object of type PaymentMethodOption is not JSON serializable
2026-04-18 23:36:03,918 [INFO] pos-api: Sale created: INV-20260418-0022 | Total: 1058.0 | User: sunny
2026-04-18 23:36:03,923 [ERROR] pos-api: Global error on /api/pos/sale: Object of type PaymentMethodOption is not JSON serializable
Traceback (most recent call last):
  File "C:\Users\PC\AppData\Local\Packages\PythonSoftwareFoundation.Python.3.13_qbz5n2kfra8p0\LocalCache\local-packages\Python313\site-packages\starlette\middleware\errors.py", line 164, in __call__
    await self.app(scope, receive, _send)
  File "C:\Users\PC\AppData\Local\Packages\PythonSoftwareFoundation.Python.3.13_qbz5n2kfra8p0\LocalCache\local-packages\Python313\site-packages\starlette\middleware\cors.py", line 96, in __call__
    await self.simple_response(scope, receive, send, request_headers=headers)
  File "C:\Users\PC\AppData\Local\Packages\PythonSoftwareFoundation.Python.3.13_qbz5n2kfra8p0\LocalCache\local-packages\Python313\site-packages\starlette\middleware\cors.py", line 154, in simple_response
    await self.app(scope, receive, send)
  File "C:\Users\PC\AppData\Local\Packages\PythonSoftwareFoundation.Python.3.13_qbz5n2kfra8p0\LocalCache\local-packages\Python313\site-packages\starlette\middleware\exceptions.py", line 63, in __call__
    await wrap_app_handling_exceptions(self.app, conn)(scope, receive, send)
  File "C:\Users\PC\AppData\Local\Packages\PythonSoftwareFoundation.Python.3.13_qbz5n2kfra8p0\LocalCache\local-packages\Python313\site-packages\starlette\_exception_handler.py", line 53, in wrapped_app
    raise exc
  File "C:\Users\PC\AppData\Local\Packages\PythonSoftwareFoundation.Python.3.13_qbz5n2kfra8p0\LocalCache\local-packages\Python313\site-packages\starlette\_exception_handler.py", line 42, in wrapped_app
    await app(scope, receive, sender)
  File "C:\Users\PC\AppData\Local\Packages\PythonSoftwareFoundation.Python.3.13_qbz5n2kfra8p0\LocalCache\local-packages\Python313\site-packages\fastapi\middleware\asyncexitstack.py", line 18, in __call__
    await self.app(scope, receive, send)
  File "C:\Users\PC\AppData\Local\Packages\PythonSoftwareFoundation.Python.3.13_qbz5n2kfra8p0\LocalCache\local-packages\Python313\site-packages\starlette\routing.py", line 660, in __call__
    await self.middleware_stack(scope, receive, send)
  File "C:\Users\PC\AppData\Local\Packages\PythonSoftwareFoundation.Python.3.13_qbz5n2kfra8p0\LocalCache\local-packages\Python313\site-packages\starlette\routing.py", line 680, in app
    await route.handle(scope, receive, send)
  File "C:\Users\PC\AppData\Local\Packages\PythonSoftwareFoundation.Python.3.13_qbz5n2kfra8p0\LocalCache\local-packages\Python313\site-packages\starlette\routing.py", line 276, in handle
    await self.app(scope, receive, send)
  File "C:\Users\PC\AppData\Local\Packages\PythonSoftwareFoundation.Python.3.13_qbz5n2kfra8p0\LocalCache\local-packages\Python313\site-packages\fastapi\routing.py", line 134, in app
    await wrap_app_handling_exceptions(app, request)(scope, receive, send)
  File "C:\Users\PC\AppData\Local\Packages\PythonSoftwareFoundation.Python.3.13_qbz5n2kfra8p0\LocalCache\local-packages\Python313\site-packages\starlette\_exception_handler.py", line 53, in wrapped_app
    raise exc
  File "C:\Users\PC\AppData\Local\Packages\PythonSoftwareFoundation.Python.3.13_qbz5n2kfra8p0\LocalCache\local-packages\Python313\site-packages\starlette\_exception_handler.py", line 42, in wrapped_app
    await app(scope, receive, sender)
  File "C:\Users\PC\AppData\Local\Packages\PythonSoftwareFoundation.Python.3.13_qbz5n2kfra8p0\LocalCache\local-packages\Python313\site-packages\fastapi\routing.py", line 120, in app
    response = await f(request)
               ^^^^^^^^^^^^^^^^
  File "C:\Users\PC\AppData\Local\Packages\PythonSoftwareFoundation.Python.3.13_qbz5n2kfra8p0\LocalCache\local-packages\Python313\site-packages\fastapi\routing.py", line 674, in app
    raw_response = await run_endpoint_function(
                   ^^^^^^^^^^^^^^^^^^^^^^^^^^^^
    ...<3 lines>...
    )
    ^
  File "C:\Users\PC\AppData\Local\Packages\PythonSoftwareFoundation.Python.3.13_qbz5n2kfra8p0\LocalCache\local-packages\Python313\site-packages\fastapi\routing.py", line 328, in run_endpoint_function
    return await dependant.call(**values)
           ^^^^^^^^^^^^^^^^^^^^^^^^^^^^^^
  File "E:\atc\backend\main.py", line 1097, in create_sale
    archive_sale_invoice(created_sale, get_or_create_company_profile(db))
    ~~~~~~~~~~~~~~~~~~~~^^^^^^^^^^^^^^^^^^^^^^^^^^^^^^^^^^^^^^^^^^^^^^^^^
  File "E:\atc\backend\main.py", line 692, in archive_sale_invoice
    json.dumps(build_invoice_archive_payload(sale, profile), ensure_ascii=False, indent=2),
    ~~~~~~~~~~^^^^^^^^^^^^^^^^^^^^^^^^^^^^^^^^^^^^^^^^^^^^^^^^^^^^^^^^^^^^^^^^^^^^^^^^^^^^
  File "C:\Program Files\WindowsApps\PythonSoftwareFoundation.Python.3.13_3.13.3568.0_x64__qbz5n2kfra8p0\Lib\json\__init__.py", line 242, in dumps
    **kw).encode(obj)
          ~~~~~~^^^^^
  File "C:\Program Files\WindowsApps\PythonSoftwareFoundation.Python.3.13_3.13.3568.0_x64__qbz5n2kfra8p0\Lib\json\encoder.py", line 202, in encode
    chunks = self.iterencode(o, _one_shot=True)
  File "C:\Program Files\WindowsApps\PythonSoftwareFoundation.Python.3.13_3.13.3568.0_x64__qbz5n2kfra8p0\Lib\json\encoder.py", line 263, in iterencode
    return _iterencode(o, 0)
  File "C:\Program Files\WindowsApps\PythonSoftwareFoundation.Python.3.13_3.13.3568.0_x64__qbz5n2kfra8p0\Lib\json\encoder.py", line 182, in default
    raise TypeError(f'Object of type {o.__class__.__name__} '
                    f'is not JSON serializable')
TypeError: Object of type PaymentMethodOption is not JSON serializable
2026-04-18 23:44:05,085 [ERROR] asyncio: Exception in callback _ProactorBasePipeTransport._call_connection_lost()
handle: <Handle _ProactorBasePipeTransport._call_connection_lost()>
Traceback (most recent call last):
  File "C:\Program Files\WindowsApps\PythonSoftwareFoundation.Python.3.13_3.13.3568.0_x64__qbz5n2kfra8p0\Lib\asyncio\events.py", line 89, in _run
    self._context.run(self._callback, *self._args)
    ~~~~~~~~~~~~~~~~~^^^^^^^^^^^^^^^^^^^^^^^^^^^^^
  File "C:\Program Files\WindowsApps\PythonSoftwareFoundation.Python.3.13_3.13.3568.0_x64__qbz5n2kfra8p0\Lib\asyncio\proactor_events.py", line 165, in _call_connection_lost
    self._sock.shutdown(socket.SHUT_RDWR)
    ~~~~~~~~~~~~~~~~~~~^^^^^^^^^^^^^^^^^^
ConnectionResetError: [WinError 10054] An existing connection was forcibly closed by the remote host
2026-04-18 23:44:05,088 [ERROR] asyncio: Exception in callback _ProactorBasePipeTransport._call_connection_lost()
handle: <Handle _ProactorBasePipeTransport._call_connection_lost()>
Traceback (most recent call last):
  File "C:\Program Files\WindowsApps\PythonSoftwareFoundation.Python.3.13_3.13.3568.0_x64__qbz5n2kfra8p0\Lib\asyncio\events.py", line 89, in _run
    self._context.run(self._callback, *self._args)
    ~~~~~~~~~~~~~~~~~^^^^^^^^^^^^^^^^^^^^^^^^^^^^^
  File "C:\Program Files\WindowsApps\PythonSoftwareFoundation.Python.3.13_3.13.3568.0_x64__qbz5n2kfra8p0\Lib\asyncio\proactor_events.py", line 165, in _call_connection_lost
    self._sock.shutdown(socket.SHUT_RDWR)
    ~~~~~~~~~~~~~~~~~~~^^^^^^^^^^^^^^^^^^
ConnectionResetError: [WinError 10054] An existing connection was forcibly closed by the remote host
2026-04-18 23:44:09,058 [INFO] pos-api: User logged in: owner (Role: Admin)
2026-04-18 23:50:29,275 [INFO] pos-api: Sale created: INV-20260418-0023 | Total: 552.0 | User: owner
2026-04-18 23:50:29,284 [ERROR] pos-api: Global error on /api/pos/sale: Object of type PaymentMethodOption is not JSON serializable
Traceback (most recent call last):
  File "E:\atc\venv\Lib\site-packages\starlette\middleware\errors.py", line 164, in __call__
    await self.app(scope, receive, _send)
  File "E:\atc\venv\Lib\site-packages\starlette\middleware\cors.py", line 96, in __call__
    await self.simple_response(scope, receive, send, request_headers=headers)
  File "E:\atc\venv\Lib\site-packages\starlette\middleware\cors.py", line 154, in simple_response
    await self.app(scope, receive, send)
  File "E:\atc\venv\Lib\site-packages\starlette\middleware\exceptions.py", line 63, in __call__
    await wrap_app_handling_exceptions(self.app, conn)(scope, receive, send)
  File "E:\atc\venv\Lib\site-packages\starlette\_exception_handler.py", line 53, in wrapped_app
    raise exc
  File "E:\atc\venv\Lib\site-packages\starlette\_exception_handler.py", line 42, in wrapped_app
    await app(scope, receive, sender)
  File "E:\atc\venv\Lib\site-packages\fastapi\middleware\asyncexitstack.py", line 18, in __call__
    await self.app(scope, receive, send)
  File "E:\atc\venv\Lib\site-packages\starlette\routing.py", line 660, in __call__
    await self.middleware_stack(scope, receive, send)
  File "E:\atc\venv\Lib\site-packages\starlette\routing.py", line 680, in app
    await route.handle(scope, receive, send)
  File "E:\atc\venv\Lib\site-packages\starlette\routing.py", line 276, in handle
    await self.app(scope, receive, send)
  File "E:\atc\venv\Lib\site-packages\fastapi\routing.py", line 134, in app
    await wrap_app_handling_exceptions(app, request)(scope, receive, send)
  File "E:\atc\venv\Lib\site-packages\starlette\_exception_handler.py", line 53, in wrapped_app
    raise exc
  File "E:\atc\venv\Lib\site-packages\starlette\_exception_handler.py", line 42, in wrapped_app
    await app(scope, receive, sender)
  File "E:\atc\venv\Lib\site-packages\fastapi\routing.py", line 120, in app
    response = await f(request)
               ^^^^^^^^^^^^^^^^
  File "E:\atc\venv\Lib\site-packages\fastapi\routing.py", line 674, in app
    raw_response = await run_endpoint_function(
                   ^^^^^^^^^^^^^^^^^^^^^^^^^^^^
    ...<3 lines>...
    )
    ^
  File "E:\atc\venv\Lib\site-packages\fastapi\routing.py", line 328, in run_endpoint_function
    return await dependant.call(**values)
           ^^^^^^^^^^^^^^^^^^^^^^^^^^^^^^
  File "E:\atc\backend\main.py", line 1097, in create_sale
    archive_sale_invoice(created_sale, get_or_create_company_profile(db))
    ~~~~~~~~~~~~~~~~~~~~^^^^^^^^^^^^^^^^^^^^^^^^^^^^^^^^^^^^^^^^^^^^^^^^^
  File "E:\atc\backend\main.py", line 692, in archive_sale_invoice
    json.dumps(build_invoice_archive_payload(sale, profile), ensure_ascii=False, indent=2),
    ~~~~~~~~~~^^^^^^^^^^^^^^^^^^^^^^^^^^^^^^^^^^^^^^^^^^^^^^^^^^^^^^^^^^^^^^^^^^^^^^^^^^^^
  File "C:\Program Files\WindowsApps\PythonSoftwareFoundation.Python.3.13_3.13.3568.0_x64__qbz5n2kfra8p0\Lib\json\__init__.py", line 242, in dumps
    **kw).encode(obj)
          ~~~~~~^^^^^
  File "C:\Program Files\WindowsApps\PythonSoftwareFoundation.Python.3.13_3.13.3568.0_x64__qbz5n2kfra8p0\Lib\json\encoder.py", line 202, in encode
    chunks = self.iterencode(o, _one_shot=True)
  File "C:\Program Files\WindowsApps\PythonSoftwareFoundation.Python.3.13_3.13.3568.0_x64__qbz5n2kfra8p0\Lib\json\encoder.py", line 263, in iterencode
    return _iterencode(o, 0)
  File "C:\Program Files\WindowsApps\PythonSoftwareFoundation.Python.3.13_3.13.3568.0_x64__qbz5n2kfra8p0\Lib\json\encoder.py", line 182, in default
    raise TypeError(f'Object of type {o.__class__.__name__} '
                    f'is not JSON serializable')
TypeError: Object of type PaymentMethodOption is not JSON serializable
2026-04-19 00:00:38,533 [INFO] pos-api: Sale created: INV-20260419-0001 | Total: 253.0 | User: owner
2026-04-19 00:00:38,542 [ERROR] pos-api: Global error on /api/pos/sale: Object of type PaymentMethodOption is not JSON serializable
Traceback (most recent call last):
  File "C:\Users\PC\AppData\Local\Packages\PythonSoftwareFoundation.Python.3.13_qbz5n2kfra8p0\LocalCache\local-packages\Python313\site-packages\starlette\middleware\errors.py", line 164, in __call__
    await self.app(scope, receive, _send)
  File "C:\Users\PC\AppData\Local\Packages\PythonSoftwareFoundation.Python.3.13_qbz5n2kfra8p0\LocalCache\local-packages\Python313\site-packages\starlette\middleware\cors.py", line 96, in __call__
    await self.simple_response(scope, receive, send, request_headers=headers)
  File "C:\Users\PC\AppData\Local\Packages\PythonSoftwareFoundation.Python.3.13_qbz5n2kfra8p0\LocalCache\local-packages\Python313\site-packages\starlette\middleware\cors.py", line 154, in simple_response
    await self.app(scope, receive, send)
  File "C:\Users\PC\AppData\Local\Packages\PythonSoftwareFoundation.Python.3.13_qbz5n2kfra8p0\LocalCache\local-packages\Python313\site-packages\starlette\middleware\exceptions.py", line 63, in __call__
    await wrap_app_handling_exceptions(self.app, conn)(scope, receive, send)
  File "C:\Users\PC\AppData\Local\Packages\PythonSoftwareFoundation.Python.3.13_qbz5n2kfra8p0\LocalCache\local-packages\Python313\site-packages\starlette\_exception_handler.py", line 53, in wrapped_app
    raise exc
  File "C:\Users\PC\AppData\Local\Packages\PythonSoftwareFoundation.Python.3.13_qbz5n2kfra8p0\LocalCache\local-packages\Python313\site-packages\starlette\_exception_handler.py", line 42, in wrapped_app
    await app(scope, receive, sender)
  File "C:\Users\PC\AppData\Local\Packages\PythonSoftwareFoundation.Python.3.13_qbz5n2kfra8p0\LocalCache\local-packages\Python313\site-packages\fastapi\middleware\asyncexitstack.py", line 18, in __call__
    await self.app(scope, receive, send)
  File "C:\Users\PC\AppData\Local\Packages\PythonSoftwareFoundation.Python.3.13_qbz5n2kfra8p0\LocalCache\local-packages\Python313\site-packages\starlette\routing.py", line 660, in __call__
    await self.middleware_stack(scope, receive, send)
  File "C:\Users\PC\AppData\Local\Packages\PythonSoftwareFoundation.Python.3.13_qbz5n2kfra8p0\LocalCache\local-packages\Python313\site-packages\starlette\routing.py", line 680, in app
    await route.handle(scope, receive, send)
  File "C:\Users\PC\AppData\Local\Packages\PythonSoftwareFoundation.Python.3.13_qbz5n2kfra8p0\LocalCache\local-packages\Python313\site-packages\starlette\routing.py", line 276, in handle
    await self.app(scope, receive, send)
  File "C:\Users\PC\AppData\Local\Packages\PythonSoftwareFoundation.Python.3.13_qbz5n2kfra8p0\LocalCache\local-packages\Python313\site-packages\fastapi\routing.py", line 134, in app
    await wrap_app_handling_exceptions(app, request)(scope, receive, send)
  File "C:\Users\PC\AppData\Local\Packages\PythonSoftwareFoundation.Python.3.13_qbz5n2kfra8p0\LocalCache\local-packages\Python313\site-packages\starlette\_exception_handler.py", line 53, in wrapped_app
    raise exc
  File "C:\Users\PC\AppData\Local\Packages\PythonSoftwareFoundation.Python.3.13_qbz5n2kfra8p0\LocalCache\local-packages\Python313\site-packages\starlette\_exception_handler.py", line 42, in wrapped_app
    await app(scope, receive, sender)
  File "C:\Users\PC\AppData\Local\Packages\PythonSoftwareFoundation.Python.3.13_qbz5n2kfra8p0\LocalCache\local-packages\Python313\site-packages\fastapi\routing.py", line 120, in app
    response = await f(request)
               ^^^^^^^^^^^^^^^^
  File "C:\Users\PC\AppData\Local\Packages\PythonSoftwareFoundation.Python.3.13_qbz5n2kfra8p0\LocalCache\local-packages\Python313\site-packages\fastapi\routing.py", line 674, in app
    raw_response = await run_endpoint_function(
                   ^^^^^^^^^^^^^^^^^^^^^^^^^^^^
    ...<3 lines>...
    )
    ^
  File "C:\Users\PC\AppData\Local\Packages\PythonSoftwareFoundation.Python.3.13_qbz5n2kfra8p0\LocalCache\local-packages\Python313\site-packages\fastapi\routing.py", line 328, in run_endpoint_function
    return await dependant.call(**values)
           ^^^^^^^^^^^^^^^^^^^^^^^^^^^^^^
  File "E:\atc\backend\main.py", line 1097, in create_sale
    archive_sale_invoice(created_sale, get_or_create_company_profile(db))
    ~~~~~~~~~~~~~~~~~~~~^^^^^^^^^^^^^^^^^^^^^^^^^^^^^^^^^^^^^^^^^^^^^^^^^
  File "E:\atc\backend\main.py", line 692, in archive_sale_invoice
    json.dumps(build_invoice_archive_payload(sale, profile), ensure_ascii=False, indent=2),
    ~~~~~~~~~~^^^^^^^^^^^^^^^^^^^^^^^^^^^^^^^^^^^^^^^^^^^^^^^^^^^^^^^^^^^^^^^^^^^^^^^^^^^^
  File "C:\Program Files\WindowsApps\PythonSoftwareFoundation.Python.3.13_3.13.3568.0_x64__qbz5n2kfra8p0\Lib\json\__init__.py", line 242, in dumps
    **kw).encode(obj)
          ~~~~~~^^^^^
  File "C:\Program Files\WindowsApps\PythonSoftwareFoundation.Python.3.13_3.13.3568.0_x64__qbz5n2kfra8p0\Lib\json\encoder.py", line 202, in encode
    chunks = self.iterencode(o, _one_shot=True)
  File "C:\Program Files\WindowsApps\PythonSoftwareFoundation.Python.3.13_3.13.3568.0_x64__qbz5n2kfra8p0\Lib\json\encoder.py", line 263, in iterencode
    return _iterencode(o, 0)
  File "C:\Program Files\WindowsApps\PythonSoftwareFoundation.Python.3.13_3.13.3568.0_x64__qbz5n2kfra8p0\Lib\json\encoder.py", line 182, in default
    raise TypeError(f'Object of type {o.__class__.__name__} '
                    f'is not JSON serializable')
TypeError: Object of type PaymentMethodOption is not JSON serializable
2026-04-19 00:14:51,293 [INFO] pos-api: User logged in: owner (Role: Admin)
2026-04-19 20:35:26,902 [INFO] pos-api: User logged in: owner (Role: Admin)
2026-04-20 15:17:51,466 [INFO] pos-api: User logged in: owner (Role: Admin)
2026-04-20 15:18:13,145 [INFO] pos-api: Sale created: INV-20260420-0001 | Total: 379.5 | User: owner
2026-04-20 15:18:13,155 [ERROR] pos-api: Global error on /api/pos/sale: Object of type PaymentMethodOption is not JSON serializable
Traceback (most recent call last):
  File "E:\atc\venv\Lib\site-packages\starlette\middleware\errors.py", line 164, in __call__
    await self.app(scope, receive, _send)
  File "E:\atc\venv\Lib\site-packages\starlette\middleware\cors.py", line 96, in __call__
    await self.simple_response(scope, receive, send, request_headers=headers)
  File "E:\atc\venv\Lib\site-packages\starlette\middleware\cors.py", line 154, in simple_response
    await self.app(scope, receive, send)
  File "E:\atc\venv\Lib\site-packages\starlette\middleware\exceptions.py", line 63, in __call__
    await wrap_app_handling_exceptions(self.app, conn)(scope, receive, send)
  File "E:\atc\venv\Lib\site-packages\starlette\_exception_handler.py", line 53, in wrapped_app
    raise exc
  File "E:\atc\venv\Lib\site-packages\starlette\_exception_handler.py", line 42, in wrapped_app
    await app(scope, receive, sender)
  File "E:\atc\venv\Lib\site-packages\fastapi\middleware\asyncexitstack.py", line 18, in __call__
    await self.app(scope, receive, send)
  File "E:\atc\venv\Lib\site-packages\starlette\routing.py", line 660, in __call__
    await self.middleware_stack(scope, receive, send)
  File "E:\atc\venv\Lib\site-packages\starlette\routing.py", line 680, in app
    await route.handle(scope, receive, send)
  File "E:\atc\venv\Lib\site-packages\starlette\routing.py", line 276, in handle
    await self.app(scope, receive, send)
  File "E:\atc\venv\Lib\site-packages\fastapi\routing.py", line 134, in app
    await wrap_app_handling_exceptions(app, request)(scope, receive, send)
  File "E:\atc\venv\Lib\site-packages\starlette\_exception_handler.py", line 53, in wrapped_app
    raise exc
  File "E:\atc\venv\Lib\site-packages\starlette\_exception_handler.py", line 42, in wrapped_app
    await app(scope, receive, sender)
  File "E:\atc\venv\Lib\site-packages\fastapi\routing.py", line 120, in app
    response = await f(request)
               ^^^^^^^^^^^^^^^^
  File "E:\atc\venv\Lib\site-packages\fastapi\routing.py", line 674, in app
    raw_response = await run_endpoint_function(
                   ^^^^^^^^^^^^^^^^^^^^^^^^^^^^
    ...<3 lines>...
    )
    ^
  File "E:\atc\venv\Lib\site-packages\fastapi\routing.py", line 328, in run_endpoint_function
    return await dependant.call(**values)
           ^^^^^^^^^^^^^^^^^^^^^^^^^^^^^^
  File "E:\atc\backend\main.py", line 1120, in create_sale
    archive_sale_invoice(created_sale, get_or_create_company_profile(db))
    ~~~~~~~~~~~~~~~~~~~~^^^^^^^^^^^^^^^^^^^^^^^^^^^^^^^^^^^^^^^^^^^^^^^^^
  File "E:\atc\backend\main.py", line 701, in archive_sale_invoice
    json.dumps(build_invoice_archive_payload(sale, profile), ensure_ascii=False, indent=2),
    ~~~~~~~~~~^^^^^^^^^^^^^^^^^^^^^^^^^^^^^^^^^^^^^^^^^^^^^^^^^^^^^^^^^^^^^^^^^^^^^^^^^^^^
  File "C:\Program Files\WindowsApps\PythonSoftwareFoundation.Python.3.13_3.13.3568.0_x64__qbz5n2kfra8p0\Lib\json\__init__.py", line 242, in dumps
    **kw).encode(obj)
          ~~~~~~^^^^^
  File "C:\Program Files\WindowsApps\PythonSoftwareFoundation.Python.3.13_3.13.3568.0_x64__qbz5n2kfra8p0\Lib\json\encoder.py", line 202, in encode
    chunks = self.iterencode(o, _one_shot=True)
  File "C:\Program Files\WindowsApps\PythonSoftwareFoundation.Python.3.13_3.13.3568.0_x64__qbz5n2kfra8p0\Lib\json\encoder.py", line 263, in iterencode
    return _iterencode(o, 0)
  File "C:\Program Files\WindowsApps\PythonSoftwareFoundation.Python.3.13_3.13.3568.0_x64__qbz5n2kfra8p0\Lib\json\encoder.py", line 182, in default
    raise TypeError(f'Object of type {o.__class__.__name__} '
                    f'is not JSON serializable')
TypeError: Object of type PaymentMethodOption is not JSON serializable
2026-04-20 15:18:15,309 [INFO] pos-api: Sale created: INV-20260420-0002 | Total: 379.5 | User: owner
2026-04-20 15:18:15,312 [ERROR] pos-api: Global error on /api/pos/sale: Object of type PaymentMethodOption is not JSON serializable
Traceback (most recent call last):
  File "E:\atc\venv\Lib\site-packages\starlette\middleware\errors.py", line 164, in __call__
    await self.app(scope, receive, _send)
  File "E:\atc\venv\Lib\site-packages\starlette\middleware\cors.py", line 96, in __call__
    await self.simple_response(scope, receive, send, request_headers=headers)
  File "E:\atc\venv\Lib\site-packages\starlette\middleware\cors.py", line 154, in simple_response
    await self.app(scope, receive, send)
  File "E:\atc\venv\Lib\site-packages\starlette\middleware\exceptions.py", line 63, in __call__
    await wrap_app_handling_exceptions(self.app, conn)(scope, receive, send)
  File "E:\atc\venv\Lib\site-packages\starlette\_exception_handler.py", line 53, in wrapped_app
    raise exc
  File "E:\atc\venv\Lib\site-packages\starlette\_exception_handler.py", line 42, in wrapped_app
    await app(scope, receive, sender)
  File "E:\atc\venv\Lib\site-packages\fastapi\middleware\asyncexitstack.py", line 18, in __call__
    await self.app(scope, receive, send)
  File "E:\atc\venv\Lib\site-packages\starlette\routing.py", line 660, in __call__
    await self.middleware_stack(scope, receive, send)
  File "E:\atc\venv\Lib\site-packages\starlette\routing.py", line 680, in app
    await route.handle(scope, receive, send)
  File "E:\atc\venv\Lib\site-packages\starlette\routing.py", line 276, in handle
    await self.app(scope, receive, send)
  File "E:\atc\venv\Lib\site-packages\fastapi\routing.py", line 134, in app
    await wrap_app_handling_exceptions(app, request)(scope, receive, send)
  File "E:\atc\venv\Lib\site-packages\starlette\_exception_handler.py", line 53, in wrapped_app
    raise exc
  File "E:\atc\venv\Lib\site-packages\starlette\_exception_handler.py", line 42, in wrapped_app
    await app(scope, receive, sender)
  File "E:\atc\venv\Lib\site-packages\fastapi\routing.py", line 120, in app
    response = await f(request)
               ^^^^^^^^^^^^^^^^
  File "E:\atc\venv\Lib\site-packages\fastapi\routing.py", line 674, in app
    raw_response = await run_endpoint_function(
                   ^^^^^^^^^^^^^^^^^^^^^^^^^^^^
    ...<3 lines>...
    )
    ^
  File "E:\atc\venv\Lib\site-packages\fastapi\routing.py", line 328, in run_endpoint_function
    return await dependant.call(**values)
           ^^^^^^^^^^^^^^^^^^^^^^^^^^^^^^
  File "E:\atc\backend\main.py", line 1120, in create_sale
    archive_sale_invoice(created_sale, get_or_create_company_profile(db))
    ~~~~~~~~~~~~~~~~~~~~^^^^^^^^^^^^^^^^^^^^^^^^^^^^^^^^^^^^^^^^^^^^^^^^^
  File "E:\atc\backend\main.py", line 701, in archive_sale_invoice
    json.dumps(build_invoice_archive_payload(sale, profile), ensure_ascii=False, indent=2),
    ~~~~~~~~~~^^^^^^^^^^^^^^^^^^^^^^^^^^^^^^^^^^^^^^^^^^^^^^^^^^^^^^^^^^^^^^^^^^^^^^^^^^^^
  File "C:\Program Files\WindowsApps\PythonSoftwareFoundation.Python.3.13_3.13.3568.0_x64__qbz5n2kfra8p0\Lib\json\__init__.py", line 242, in dumps
    **kw).encode(obj)
          ~~~~~~^^^^^
  File "C:\Program Files\WindowsApps\PythonSoftwareFoundation.Python.3.13_3.13.3568.0_x64__qbz5n2kfra8p0\Lib\json\encoder.py", line 202, in encode
    chunks = self.iterencode(o, _one_shot=True)
  File "C:\Program Files\WindowsApps\PythonSoftwareFoundation.Python.3.13_3.13.3568.0_x64__qbz5n2kfra8p0\Lib\json\encoder.py", line 263, in iterencode
    return _iterencode(o, 0)
  File "C:\Program Files\WindowsApps\PythonSoftwareFoundation.Python.3.13_3.13.3568.0_x64__qbz5n2kfra8p0\Lib\json\encoder.py", line 182, in default
    raise TypeError(f'Object of type {o.__class__.__name__} '
                    f'is not JSON serializable')
TypeError: Object of type PaymentMethodOption is not JSON serializable
2026-04-20 15:18:45,915 [INFO] pos-api: Sale created: INV-20260420-0003 | Total: 759.0 | User: owner
2026-04-20 15:18:45,918 [ERROR] pos-api: Global error on /api/pos/sale: Object of type PaymentMethodOption is not JSON serializable
Traceback (most recent call last):
  File "E:\atc\venv\Lib\site-packages\starlette\middleware\errors.py", line 164, in __call__
    await self.app(scope, receive, _send)
  File "E:\atc\venv\Lib\site-packages\starlette\middleware\cors.py", line 96, in __call__
    await self.simple_response(scope, receive, send, request_headers=headers)
  File "E:\atc\venv\Lib\site-packages\starlette\middleware\cors.py", line 154, in simple_response
    await self.app(scope, receive, send)
  File "E:\atc\venv\Lib\site-packages\starlette\middleware\exceptions.py", line 63, in __call__
    await wrap_app_handling_exceptions(self.app, conn)(scope, receive, send)
  File "E:\atc\venv\Lib\site-packages\starlette\_exception_handler.py", line 53, in wrapped_app
    raise exc
  File "E:\atc\venv\Lib\site-packages\starlette\_exception_handler.py", line 42, in wrapped_app
    await app(scope, receive, sender)
  File "E:\atc\venv\Lib\site-packages\fastapi\middleware\asyncexitstack.py", line 18, in __call__
    await self.app(scope, receive, send)
  File "E:\atc\venv\Lib\site-packages\starlette\routing.py", line 660, in __call__
    await self.middleware_stack(scope, receive, send)
  File "E:\atc\venv\Lib\site-packages\starlette\routing.py", line 680, in app
    await route.handle(scope, receive, send)
  File "E:\atc\venv\Lib\site-packages\starlette\routing.py", line 276, in handle
    await self.app(scope, receive, send)
  File "E:\atc\venv\Lib\site-packages\fastapi\routing.py", line 134, in app
    await wrap_app_handling_exceptions(app, request)(scope, receive, send)
  File "E:\atc\venv\Lib\site-packages\starlette\_exception_handler.py", line 53, in wrapped_app
    raise exc
  File "E:\atc\venv\Lib\site-packages\starlette\_exception_handler.py", line 42, in wrapped_app
    await app(scope, receive, sender)
  File "E:\atc\venv\Lib\site-packages\fastapi\routing.py", line 120, in app
    response = await f(request)
               ^^^^^^^^^^^^^^^^
  File "E:\atc\venv\Lib\site-packages\fastapi\routing.py", line 674, in app
    raw_response = await run_endpoint_function(
                   ^^^^^^^^^^^^^^^^^^^^^^^^^^^^
    ...<3 lines>...
    )
    ^
  File "E:\atc\venv\Lib\site-packages\fastapi\routing.py", line 328, in run_endpoint_function
    return await dependant.call(**values)
           ^^^^^^^^^^^^^^^^^^^^^^^^^^^^^^
  File "E:\atc\backend\main.py", line 1120, in create_sale
    archive_sale_invoice(created_sale, get_or_create_company_profile(db))
    ~~~~~~~~~~~~~~~~~~~~^^^^^^^^^^^^^^^^^^^^^^^^^^^^^^^^^^^^^^^^^^^^^^^^^
  File "E:\atc\backend\main.py", line 701, in archive_sale_invoice
    json.dumps(build_invoice_archive_payload(sale, profile), ensure_ascii=False, indent=2),
    ~~~~~~~~~~^^^^^^^^^^^^^^^^^^^^^^^^^^^^^^^^^^^^^^^^^^^^^^^^^^^^^^^^^^^^^^^^^^^^^^^^^^^^
  File "C:\Program Files\WindowsApps\PythonSoftwareFoundation.Python.3.13_3.13.3568.0_x64__qbz5n2kfra8p0\Lib\json\__init__.py", line 242, in dumps
    **kw).encode(obj)
          ~~~~~~^^^^^
  File "C:\Program Files\WindowsApps\PythonSoftwareFoundation.Python.3.13_3.13.3568.0_x64__qbz5n2kfra8p0\Lib\json\encoder.py", line 202, in encode
    chunks = self.iterencode(o, _one_shot=True)
  File "C:\Program Files\WindowsApps\PythonSoftwareFoundation.Python.3.13_3.13.3568.0_x64__qbz5n2kfra8p0\Lib\json\encoder.py", line 263, in iterencode
    return _iterencode(o, 0)
  File "C:\Program Files\WindowsApps\PythonSoftwareFoundation.Python.3.13_3.13.3568.0_x64__qbz5n2kfra8p0\Lib\json\encoder.py", line 182, in default
    raise TypeError(f'Object of type {o.__class__.__name__} '
                    f'is not JSON serializable')
TypeError: Object of type PaymentMethodOption is not JSON serializable
2026-04-20 15:22:07,777 [ERROR] pos-api: Global error on /api/settings/company: 'dict' object has no attribute 'dict'
Traceback (most recent call last):
  File "E:\atc\venv\Lib\site-packages\starlette\middleware\errors.py", line 164, in __call__
    await self.app(scope, receive, _send)
  File "E:\atc\venv\Lib\site-packages\starlette\middleware\cors.py", line 96, in __call__
    await self.simple_response(scope, receive, send, request_headers=headers)
  File "E:\atc\venv\Lib\site-packages\starlette\middleware\cors.py", line 154, in simple_response
    await self.app(scope, receive, send)
  File "E:\atc\venv\Lib\site-packages\starlette\middleware\exceptions.py", line 63, in __call__
    await wrap_app_handling_exceptions(self.app, conn)(scope, receive, send)
  File "E:\atc\venv\Lib\site-packages\starlette\_exception_handler.py", line 53, in wrapped_app
    raise exc
  File "E:\atc\venv\Lib\site-packages\starlette\_exception_handler.py", line 42, in wrapped_app
    await app(scope, receive, sender)
  File "E:\atc\venv\Lib\site-packages\fastapi\middleware\asyncexitstack.py", line 18, in __call__
    await self.app(scope, receive, send)
  File "E:\atc\venv\Lib\site-packages\starlette\routing.py", line 660, in __call__
    await self.middleware_stack(scope, receive, send)
  File "E:\atc\venv\Lib\site-packages\starlette\routing.py", line 680, in app
    await route.handle(scope, receive, send)
  File "E:\atc\venv\Lib\site-packages\starlette\routing.py", line 276, in handle
    await self.app(scope, receive, send)
  File "E:\atc\venv\Lib\site-packages\fastapi\routing.py", line 134, in app
    await wrap_app_handling_exceptions(app, request)(scope, receive, send)
  File "E:\atc\venv\Lib\site-packages\starlette\_exception_handler.py", line 53, in wrapped_app
    raise exc
  File "E:\atc\venv\Lib\site-packages\starlette\_exception_handler.py", line 42, in wrapped_app
    await app(scope, receive, sender)
  File "E:\atc\venv\Lib\site-packages\fastapi\routing.py", line 120, in app
    response = await f(request)
               ^^^^^^^^^^^^^^^^
  File "E:\atc\venv\Lib\site-packages\fastapi\routing.py", line 674, in app
    raw_response = await run_endpoint_function(
                   ^^^^^^^^^^^^^^^^^^^^^^^^^^^^
    ...<3 lines>...
    )
    ^
  File "E:\atc\venv\Lib\site-packages\fastapi\routing.py", line 330, in run_endpoint_function
    return await run_in_threadpool(dependant.call, **values)
           ^^^^^^^^^^^^^^^^^^^^^^^^^^^^^^^^^^^^^^^^^^^^^^^^^
  File "E:\atc\venv\Lib\site-packages\starlette\concurrency.py", line 32, in run_in_threadpool
    return await anyio.to_thread.run_sync(func)
           ^^^^^^^^^^^^^^^^^^^^^^^^^^^^^^^^^^^^
  File "E:\atc\venv\Lib\site-packages\anyio\to_thread.py", line 63, in run_sync
    return await get_async_backend().run_sync_in_worker_thread(
           ^^^^^^^^^^^^^^^^^^^^^^^^^^^^^^^^^^^^^^^^^^^^^^^^^^^^
        func, args, abandon_on_cancel=abandon_on_cancel, limiter=limiter
        ^^^^^^^^^^^^^^^^^^^^^^^^^^^^^^^^^^^^^^^^^^^^^^^^^^^^^^^^^^^^^^^^
    )
    ^
  File "E:\atc\venv\Lib\site-packages\anyio\_backends\_asyncio.py", line 2518, in run_sync_in_worker_thread
    return await future
           ^^^^^^^^^^^^
  File "E:\atc\venv\Lib\site-packages\anyio\_backends\_asyncio.py", line 1002, in run
    result = context.run(func, *args)
  File "E:\atc\backend\main.py", line 853, in update_company_settings
    profile.payment_methods_json = serialize_charge_items(value or [])
                                   ~~~~~~~~~~~~~~~~~~~~~~^^^^^^^^^^^^^
  File "E:\atc\backend\main.py", line 195, in serialize_charge_items
    return json.dumps([item.model_dump() if hasattr(item, "model_dump") else item.dict() for item in items], ensure_ascii=False)
                                                                             ^^^^^^^^^
AttributeError: 'dict' object has no attribute 'dict'
2026-04-20 15:22:21,207 [ERROR] pos-api: Global error on /api/settings/company: 'dict' object has no attribute 'dict'
Traceback (most recent call last):
  File "E:\atc\venv\Lib\site-packages\starlette\middleware\errors.py", line 164, in __call__
    await self.app(scope, receive, _send)
  File "E:\atc\venv\Lib\site-packages\starlette\middleware\cors.py", line 96, in __call__
    await self.simple_response(scope, receive, send, request_headers=headers)
  File "E:\atc\venv\Lib\site-packages\starlette\middleware\cors.py", line 154, in simple_response
    await self.app(scope, receive, send)
  File "E:\atc\venv\Lib\site-packages\starlette\middleware\exceptions.py", line 63, in __call__
    await wrap_app_handling_exceptions(self.app, conn)(scope, receive, send)
  File "E:\atc\venv\Lib\site-packages\starlette\_exception_handler.py", line 53, in wrapped_app
    raise exc
  File "E:\atc\venv\Lib\site-packages\starlette\_exception_handler.py", line 42, in wrapped_app
    await app(scope, receive, sender)
  File "E:\atc\venv\Lib\site-packages\fastapi\middleware\asyncexitstack.py", line 18, in __call__
    await self.app(scope, receive, send)
  File "E:\atc\venv\Lib\site-packages\starlette\routing.py", line 660, in __call__
    await self.middleware_stack(scope, receive, send)
  File "E:\atc\venv\Lib\site-packages\starlette\routing.py", line 680, in app
    await route.handle(scope, receive, send)
  File "E:\atc\venv\Lib\site-packages\starlette\routing.py", line 276, in handle
    await self.app(scope, receive, send)
  File "E:\atc\venv\Lib\site-packages\fastapi\routing.py", line 134, in app
    await wrap_app_handling_exceptions(app, request)(scope, receive, send)
  File "E:\atc\venv\Lib\site-packages\starlette\_exception_handler.py", line 53, in wrapped_app
    raise exc
  File "E:\atc\venv\Lib\site-packages\starlette\_exception_handler.py", line 42, in wrapped_app
    await app(scope, receive, sender)
  File "E:\atc\venv\Lib\site-packages\fastapi\routing.py", line 120, in app
    response = await f(request)
               ^^^^^^^^^^^^^^^^
  File "E:\atc\venv\Lib\site-packages\fastapi\routing.py", line 674, in app
    raw_response = await run_endpoint_function(
                   ^^^^^^^^^^^^^^^^^^^^^^^^^^^^
    ...<3 lines>...
    )
    ^
  File "E:\atc\venv\Lib\site-packages\fastapi\routing.py", line 330, in run_endpoint_function
    return await run_in_threadpool(dependant.call, **values)
           ^^^^^^^^^^^^^^^^^^^^^^^^^^^^^^^^^^^^^^^^^^^^^^^^^
  File "E:\atc\venv\Lib\site-packages\starlette\concurrency.py", line 32, in run_in_threadpool
    return await anyio.to_thread.run_sync(func)
           ^^^^^^^^^^^^^^^^^^^^^^^^^^^^^^^^^^^^
  File "E:\atc\venv\Lib\site-packages\anyio\to_thread.py", line 63, in run_sync
    return await get_async_backend().run_sync_in_worker_thread(
           ^^^^^^^^^^^^^^^^^^^^^^^^^^^^^^^^^^^^^^^^^^^^^^^^^^^^
        func, args, abandon_on_cancel=abandon_on_cancel, limiter=limiter
        ^^^^^^^^^^^^^^^^^^^^^^^^^^^^^^^^^^^^^^^^^^^^^^^^^^^^^^^^^^^^^^^^
    )
    ^
  File "E:\atc\venv\Lib\site-packages\anyio\_backends\_asyncio.py", line 2518, in run_sync_in_worker_thread
    return await future
           ^^^^^^^^^^^^
  File "E:\atc\venv\Lib\site-packages\anyio\_backends\_asyncio.py", line 1002, in run
    result = context.run(func, *args)
  File "E:\atc\backend\main.py", line 853, in update_company_settings
    profile.payment_methods_json = serialize_charge_items(value or [])
                                   ~~~~~~~~~~~~~~~~~~~~~~^^^^^^^^^^^^^
  File "E:\atc\backend\main.py", line 195, in serialize_charge_items
    return json.dumps([item.model_dump() if hasattr(item, "model_dump") else item.dict() for item in items], ensure_ascii=False)
                                                                             ^^^^^^^^^
AttributeError: 'dict' object has no attribute 'dict'
2026-04-20 15:22:48,416 [ERROR] pos-api: Global error on /api/settings/company: 'dict' object has no attribute 'dict'
Traceback (most recent call last):
  File "E:\atc\venv\Lib\site-packages\starlette\middleware\errors.py", line 164, in __call__
    await self.app(scope, receive, _send)
  File "E:\atc\venv\Lib\site-packages\starlette\middleware\cors.py", line 96, in __call__
    await self.simple_response(scope, receive, send, request_headers=headers)
  File "E:\atc\venv\Lib\site-packages\starlette\middleware\cors.py", line 154, in simple_response
    await self.app(scope, receive, send)
  File "E:\atc\venv\Lib\site-packages\starlette\middleware\exceptions.py", line 63, in __call__
    await wrap_app_handling_exceptions(self.app, conn)(scope, receive, send)
  File "E:\atc\venv\Lib\site-packages\starlette\_exception_handler.py", line 53, in wrapped_app
    raise exc
  File "E:\atc\venv\Lib\site-packages\starlette\_exception_handler.py", line 42, in wrapped_app
    await app(scope, receive, sender)
  File "E:\atc\venv\Lib\site-packages\fastapi\middleware\asyncexitstack.py", line 18, in __call__
    await self.app(scope, receive, send)
  File "E:\atc\venv\Lib\site-packages\starlette\routing.py", line 660, in __call__
    await self.middleware_stack(scope, receive, send)
  File "E:\atc\venv\Lib\site-packages\starlette\routing.py", line 680, in app
    await route.handle(scope, receive, send)
  File "E:\atc\venv\Lib\site-packages\starlette\routing.py", line 276, in handle
    await self.app(scope, receive, send)
  File "E:\atc\venv\Lib\site-packages\fastapi\routing.py", line 134, in app
    await wrap_app_handling_exceptions(app, request)(scope, receive, send)
  File "E:\atc\venv\Lib\site-packages\starlette\_exception_handler.py", line 53, in wrapped_app
    raise exc
  File "E:\atc\venv\Lib\site-packages\starlette\_exception_handler.py", line 42, in wrapped_app
    await app(scope, receive, sender)
  File "E:\atc\venv\Lib\site-packages\fastapi\routing.py", line 120, in app
    response = await f(request)
               ^^^^^^^^^^^^^^^^
  File "E:\atc\venv\Lib\site-packages\fastapi\routing.py", line 674, in app
    raw_response = await run_endpoint_function(
                   ^^^^^^^^^^^^^^^^^^^^^^^^^^^^
    ...<3 lines>...
    )
    ^
  File "E:\atc\venv\Lib\site-packages\fastapi\routing.py", line 330, in run_endpoint_function
    return await run_in_threadpool(dependant.call, **values)
           ^^^^^^^^^^^^^^^^^^^^^^^^^^^^^^^^^^^^^^^^^^^^^^^^^
  File "E:\atc\venv\Lib\site-packages\starlette\concurrency.py", line 32, in run_in_threadpool
    return await anyio.to_thread.run_sync(func)
           ^^^^^^^^^^^^^^^^^^^^^^^^^^^^^^^^^^^^
  File "E:\atc\venv\Lib\site-packages\anyio\to_thread.py", line 63, in run_sync
    return await get_async_backend().run_sync_in_worker_thread(
           ^^^^^^^^^^^^^^^^^^^^^^^^^^^^^^^^^^^^^^^^^^^^^^^^^^^^
        func, args, abandon_on_cancel=abandon_on_cancel, limiter=limiter
        ^^^^^^^^^^^^^^^^^^^^^^^^^^^^^^^^^^^^^^^^^^^^^^^^^^^^^^^^^^^^^^^^
    )
    ^
  File "E:\atc\venv\Lib\site-packages\anyio\_backends\_asyncio.py", line 2518, in run_sync_in_worker_thread
    return await future
           ^^^^^^^^^^^^
  File "E:\atc\venv\Lib\site-packages\anyio\_backends\_asyncio.py", line 1002, in run
    result = context.run(func, *args)
  File "E:\atc\backend\main.py", line 853, in update_company_settings
    profile.payment_methods_json = serialize_charge_items(value or [])
                                   ~~~~~~~~~~~~~~~~~~~~~~^^^^^^^^^^^^^
  File "E:\atc\backend\main.py", line 195, in serialize_charge_items
    return json.dumps([item.model_dump() if hasattr(item, "model_dump") else item.dict() for item in items], ensure_ascii=False)
                                                                             ^^^^^^^^^
AttributeError: 'dict' object has no attribute 'dict'
2026-04-20 15:23:25,264 [ERROR] pos-api: Global error on /api/settings/company: 'dict' object has no attribute 'dict'
Traceback (most recent call last):
  File "E:\atc\venv\Lib\site-packages\starlette\middleware\errors.py", line 164, in __call__
    await self.app(scope, receive, _send)
  File "E:\atc\venv\Lib\site-packages\starlette\middleware\cors.py", line 96, in __call__
    await self.simple_response(scope, receive, send, request_headers=headers)
  File "E:\atc\venv\Lib\site-packages\starlette\middleware\cors.py", line 154, in simple_response
    await self.app(scope, receive, send)
  File "E:\atc\venv\Lib\site-packages\starlette\middleware\exceptions.py", line 63, in __call__
    await wrap_app_handling_exceptions(self.app, conn)(scope, receive, send)
  File "E:\atc\venv\Lib\site-packages\starlette\_exception_handler.py", line 53, in wrapped_app
    raise exc
  File "E:\atc\venv\Lib\site-packages\starlette\_exception_handler.py", line 42, in wrapped_app
    await app(scope, receive, sender)
  File "E:\atc\venv\Lib\site-packages\fastapi\middleware\asyncexitstack.py", line 18, in __call__
    await self.app(scope, receive, send)
  File "E:\atc\venv\Lib\site-packages\starlette\routing.py", line 660, in __call__
    await self.middleware_stack(scope, receive, send)
  File "E:\atc\venv\Lib\site-packages\starlette\routing.py", line 680, in app
    await route.handle(scope, receive, send)
  File "E:\atc\venv\Lib\site-packages\starlette\routing.py", line 276, in handle
    await self.app(scope, receive, send)
  File "E:\atc\venv\Lib\site-packages\fastapi\routing.py", line 134, in app
    await wrap_app_handling_exceptions(app, request)(scope, receive, send)
  File "E:\atc\venv\Lib\site-packages\starlette\_exception_handler.py", line 53, in wrapped_app
    raise exc
  File "E:\atc\venv\Lib\site-packages\starlette\_exception_handler.py", line 42, in wrapped_app
    await app(scope, receive, sender)
  File "E:\atc\venv\Lib\site-packages\fastapi\routing.py", line 120, in app
    response = await f(request)
               ^^^^^^^^^^^^^^^^
  File "E:\atc\venv\Lib\site-packages\fastapi\routing.py", line 674, in app
    raw_response = await run_endpoint_function(
                   ^^^^^^^^^^^^^^^^^^^^^^^^^^^^
    ...<3 lines>...
    )
    ^
  File "E:\atc\venv\Lib\site-packages\fastapi\routing.py", line 330, in run_endpoint_function
    return await run_in_threadpool(dependant.call, **values)
           ^^^^^^^^^^^^^^^^^^^^^^^^^^^^^^^^^^^^^^^^^^^^^^^^^
  File "E:\atc\venv\Lib\site-packages\starlette\concurrency.py", line 32, in run_in_threadpool
    return await anyio.to_thread.run_sync(func)
           ^^^^^^^^^^^^^^^^^^^^^^^^^^^^^^^^^^^^
  File "E:\atc\venv\Lib\site-packages\anyio\to_thread.py", line 63, in run_sync
    return await get_async_backend().run_sync_in_worker_thread(
           ^^^^^^^^^^^^^^^^^^^^^^^^^^^^^^^^^^^^^^^^^^^^^^^^^^^^
        func, args, abandon_on_cancel=abandon_on_cancel, limiter=limiter
        ^^^^^^^^^^^^^^^^^^^^^^^^^^^^^^^^^^^^^^^^^^^^^^^^^^^^^^^^^^^^^^^^
    )
    ^
  File "E:\atc\venv\Lib\site-packages\anyio\_backends\_asyncio.py", line 2518, in run_sync_in_worker_thread
    return await future
           ^^^^^^^^^^^^
  File "E:\atc\venv\Lib\site-packages\anyio\_backends\_asyncio.py", line 1002, in run
    result = context.run(func, *args)
  File "E:\atc\backend\main.py", line 853, in update_company_settings
    profile.payment_methods_json = serialize_charge_items(value or [])
                                   ~~~~~~~~~~~~~~~~~~~~~~^^^^^^^^^^^^^
  File "E:\atc\backend\main.py", line 195, in serialize_charge_items
    return json.dumps([item.model_dump() if hasattr(item, "model_dump") else item.dict() for item in items], ensure_ascii=False)
                                                                             ^^^^^^^^^
AttributeError: 'dict' object has no attribute 'dict'
2026-04-20 15:23:25,527 [ERROR] pos-api: Global error on /api/settings/company: 'dict' object has no attribute 'dict'
Traceback (most recent call last):
  File "E:\atc\venv\Lib\site-packages\starlette\middleware\errors.py", line 164, in __call__
    await self.app(scope, receive, _send)
  File "E:\atc\venv\Lib\site-packages\starlette\middleware\cors.py", line 96, in __call__
    await self.simple_response(scope, receive, send, request_headers=headers)
  File "E:\atc\venv\Lib\site-packages\starlette\middleware\cors.py", line 154, in simple_response
    await self.app(scope, receive, send)
  File "E:\atc\venv\Lib\site-packages\starlette\middleware\exceptions.py", line 63, in __call__
    await wrap_app_handling_exceptions(self.app, conn)(scope, receive, send)
  File "E:\atc\venv\Lib\site-packages\starlette\_exception_handler.py", line 53, in wrapped_app
    raise exc
  File "E:\atc\venv\Lib\site-packages\starlette\_exception_handler.py", line 42, in wrapped_app
    await app(scope, receive, sender)
  File "E:\atc\venv\Lib\site-packages\fastapi\middleware\asyncexitstack.py", line 18, in __call__
    await self.app(scope, receive, send)
  File "E:\atc\venv\Lib\site-packages\starlette\routing.py", line 660, in __call__
    await self.middleware_stack(scope, receive, send)
  File "E:\atc\venv\Lib\site-packages\starlette\routing.py", line 680, in app
    await route.handle(scope, receive, send)
  File "E:\atc\venv\Lib\site-packages\starlette\routing.py", line 276, in handle
    await self.app(scope, receive, send)
  File "E:\atc\venv\Lib\site-packages\fastapi\routing.py", line 134, in app
    await wrap_app_handling_exceptions(app, request)(scope, receive, send)
  File "E:\atc\venv\Lib\site-packages\starlette\_exception_handler.py", line 53, in wrapped_app
    raise exc
  File "E:\atc\venv\Lib\site-packages\starlette\_exception_handler.py", line 42, in wrapped_app
    await app(scope, receive, sender)
  File "E:\atc\venv\Lib\site-packages\fastapi\routing.py", line 120, in app
    response = await f(request)
               ^^^^^^^^^^^^^^^^
  File "E:\atc\venv\Lib\site-packages\fastapi\routing.py", line 674, in app
    raw_response = await run_endpoint_function(
                   ^^^^^^^^^^^^^^^^^^^^^^^^^^^^
    ...<3 lines>...
    )
    ^
  File "E:\atc\venv\Lib\site-packages\fastapi\routing.py", line 330, in run_endpoint_function
    return await run_in_threadpool(dependant.call, **values)
           ^^^^^^^^^^^^^^^^^^^^^^^^^^^^^^^^^^^^^^^^^^^^^^^^^
  File "E:\atc\venv\Lib\site-packages\starlette\concurrency.py", line 32, in run_in_threadpool
    return await anyio.to_thread.run_sync(func)
           ^^^^^^^^^^^^^^^^^^^^^^^^^^^^^^^^^^^^
  File "E:\atc\venv\Lib\site-packages\anyio\to_thread.py", line 63, in run_sync
    return await get_async_backend().run_sync_in_worker_thread(
           ^^^^^^^^^^^^^^^^^^^^^^^^^^^^^^^^^^^^^^^^^^^^^^^^^^^^
        func, args, abandon_on_cancel=abandon_on_cancel, limiter=limiter
        ^^^^^^^^^^^^^^^^^^^^^^^^^^^^^^^^^^^^^^^^^^^^^^^^^^^^^^^^^^^^^^^^
    )
    ^
  File "E:\atc\venv\Lib\site-packages\anyio\_backends\_asyncio.py", line 2518, in run_sync_in_worker_thread
    return await future
           ^^^^^^^^^^^^
  File "E:\atc\venv\Lib\site-packages\anyio\_backends\_asyncio.py", line 1002, in run
    result = context.run(func, *args)
  File "E:\atc\backend\main.py", line 853, in update_company_settings
    profile.payment_methods_json = serialize_charge_items(value or [])
                                   ~~~~~~~~~~~~~~~~~~~~~~^^^^^^^^^^^^^
  File "E:\atc\backend\main.py", line 195, in serialize_charge_items
    return json.dumps([item.model_dump() if hasattr(item, "model_dump") else item.dict() for item in items], ensure_ascii=False)
                                                                             ^^^^^^^^^
AttributeError: 'dict' object has no attribute 'dict'
2026-04-20 15:24:03,989 [INFO] pos-api: User logged in: owner (Role: Admin)
2026-04-20 15:24:54,151 [INFO] pos-api: User logged in: sunny (Role: Cashier)
2026-04-20 15:25:37,460 [INFO] pos-api: Sale created: INV-20260420-0004 | Total: 460.0 | User: sunny
2026-04-20 15:25:37,463 [ERROR] pos-api: Global error on /api/pos/sale: Object of type PaymentMethodOption is not JSON serializable
Traceback (most recent call last):
  File "E:\atc\venv\Lib\site-packages\starlette\middleware\errors.py", line 164, in __call__
    await self.app(scope, receive, _send)
  File "E:\atc\venv\Lib\site-packages\starlette\middleware\cors.py", line 96, in __call__
    await self.simple_response(scope, receive, send, request_headers=headers)
  File "E:\atc\venv\Lib\site-packages\starlette\middleware\cors.py", line 154, in simple_response
    await self.app(scope, receive, send)
  File "E:\atc\venv\Lib\site-packages\starlette\middleware\exceptions.py", line 63, in __call__
    await wrap_app_handling_exceptions(self.app, conn)(scope, receive, send)
  File "E:\atc\venv\Lib\site-packages\starlette\_exception_handler.py", line 53, in wrapped_app
    raise exc
  File "E:\atc\venv\Lib\site-packages\starlette\_exception_handler.py", line 42, in wrapped_app
    await app(scope, receive, sender)
  File "E:\atc\venv\Lib\site-packages\fastapi\middleware\asyncexitstack.py", line 18, in __call__
    await self.app(scope, receive, send)
  File "E:\atc\venv\Lib\site-packages\starlette\routing.py", line 660, in __call__
    await self.middleware_stack(scope, receive, send)
  File "E:\atc\venv\Lib\site-packages\starlette\routing.py", line 680, in app
    await route.handle(scope, receive, send)
  File "E:\atc\venv\Lib\site-packages\starlette\routing.py", line 276, in handle
    await self.app(scope, receive, send)
  File "E:\atc\venv\Lib\site-packages\fastapi\routing.py", line 134, in app
    await wrap_app_handling_exceptions(app, request)(scope, receive, send)
  File "E:\atc\venv\Lib\site-packages\starlette\_exception_handler.py", line 53, in wrapped_app
    raise exc
  File "E:\atc\venv\Lib\site-packages\starlette\_exception_handler.py", line 42, in wrapped_app
    await app(scope, receive, sender)
  File "E:\atc\venv\Lib\site-packages\fastapi\routing.py", line 120, in app
    response = await f(request)
               ^^^^^^^^^^^^^^^^
  File "E:\atc\venv\Lib\site-packages\fastapi\routing.py", line 674, in app
    raw_response = await run_endpoint_function(
                   ^^^^^^^^^^^^^^^^^^^^^^^^^^^^
    ...<3 lines>...
    )
    ^
  File "E:\atc\venv\Lib\site-packages\fastapi\routing.py", line 328, in run_endpoint_function
    return await dependant.call(**values)
           ^^^^^^^^^^^^^^^^^^^^^^^^^^^^^^
  File "E:\atc\backend\main.py", line 1120, in create_sale
    archive_sale_invoice(created_sale, get_or_create_company_profile(db))
    ~~~~~~~~~~~~~~~~~~~~^^^^^^^^^^^^^^^^^^^^^^^^^^^^^^^^^^^^^^^^^^^^^^^^^
  File "E:\atc\backend\main.py", line 701, in archive_sale_invoice
    json.dumps(build_invoice_archive_payload(sale, profile), ensure_ascii=False, indent=2),
    ~~~~~~~~~~^^^^^^^^^^^^^^^^^^^^^^^^^^^^^^^^^^^^^^^^^^^^^^^^^^^^^^^^^^^^^^^^^^^^^^^^^^^^
  File "C:\Program Files\WindowsApps\PythonSoftwareFoundation.Python.3.13_3.13.3568.0_x64__qbz5n2kfra8p0\Lib\json\__init__.py", line 242, in dumps
    **kw).encode(obj)
          ~~~~~~^^^^^
  File "C:\Program Files\WindowsApps\PythonSoftwareFoundation.Python.3.13_3.13.3568.0_x64__qbz5n2kfra8p0\Lib\json\encoder.py", line 202, in encode
    chunks = self.iterencode(o, _one_shot=True)
  File "C:\Program Files\WindowsApps\PythonSoftwareFoundation.Python.3.13_3.13.3568.0_x64__qbz5n2kfra8p0\Lib\json\encoder.py", line 263, in iterencode
    return _iterencode(o, 0)
  File "C:\Program Files\WindowsApps\PythonSoftwareFoundation.Python.3.13_3.13.3568.0_x64__qbz5n2kfra8p0\Lib\json\encoder.py", line 182, in default
    raise TypeError(f'Object of type {o.__class__.__name__} '
                    f'is not JSON serializable')
TypeError: Object of type PaymentMethodOption is not JSON serializable
2026-04-20 15:25:42,538 [INFO] pos-api: Sale created: INV-20260420-0005 | Total: 460.0 | User: sunny
2026-04-20 15:25:42,540 [ERROR] pos-api: Global error on /api/pos/sale: Object of type PaymentMethodOption is not JSON serializable
Traceback (most recent call last):
  File "E:\atc\venv\Lib\site-packages\starlette\middleware\errors.py", line 164, in __call__
    await self.app(scope, receive, _send)
  File "E:\atc\venv\Lib\site-packages\starlette\middleware\cors.py", line 96, in __call__
    await self.simple_response(scope, receive, send, request_headers=headers)
  File "E:\atc\venv\Lib\site-packages\starlette\middleware\cors.py", line 154, in simple_response
    await self.app(scope, receive, send)
  File "E:\atc\venv\Lib\site-packages\starlette\middleware\exceptions.py", line 63, in __call__
    await wrap_app_handling_exceptions(self.app, conn)(scope, receive, send)
  File "E:\atc\venv\Lib\site-packages\starlette\_exception_handler.py", line 53, in wrapped_app
    raise exc
  File "E:\atc\venv\Lib\site-packages\starlette\_exception_handler.py", line 42, in wrapped_app
    await app(scope, receive, sender)
  File "E:\atc\venv\Lib\site-packages\fastapi\middleware\asyncexitstack.py", line 18, in __call__
    await self.app(scope, receive, send)
  File "E:\atc\venv\Lib\site-packages\starlette\routing.py", line 660, in __call__
    await self.middleware_stack(scope, receive, send)
  File "E:\atc\venv\Lib\site-packages\starlette\routing.py", line 680, in app
    await route.handle(scope, receive, send)
  File "E:\atc\venv\Lib\site-packages\starlette\routing.py", line 276, in handle
    await self.app(scope, receive, send)
  File "E:\atc\venv\Lib\site-packages\fastapi\routing.py", line 134, in app
    await wrap_app_handling_exceptions(app, request)(scope, receive, send)
  File "E:\atc\venv\Lib\site-packages\starlette\_exception_handler.py", line 53, in wrapped_app
    raise exc
  File "E:\atc\venv\Lib\site-packages\starlette\_exception_handler.py", line 42, in wrapped_app
    await app(scope, receive, sender)
  File "E:\atc\venv\Lib\site-packages\fastapi\routing.py", line 120, in app
    response = await f(request)
               ^^^^^^^^^^^^^^^^
  File "E:\atc\venv\Lib\site-packages\fastapi\routing.py", line 674, in app
    raw_response = await run_endpoint_function(
                   ^^^^^^^^^^^^^^^^^^^^^^^^^^^^
    ...<3 lines>...
    )
    ^
  File "E:\atc\venv\Lib\site-packages\fastapi\routing.py", line 328, in run_endpoint_function
    return await dependant.call(**values)
           ^^^^^^^^^^^^^^^^^^^^^^^^^^^^^^
  File "E:\atc\backend\main.py", line 1120, in create_sale
    archive_sale_invoice(created_sale, get_or_create_company_profile(db))
    ~~~~~~~~~~~~~~~~~~~~^^^^^^^^^^^^^^^^^^^^^^^^^^^^^^^^^^^^^^^^^^^^^^^^^
  File "E:\atc\backend\main.py", line 701, in archive_sale_invoice
    json.dumps(build_invoice_archive_payload(sale, profile), ensure_ascii=False, indent=2),
    ~~~~~~~~~~^^^^^^^^^^^^^^^^^^^^^^^^^^^^^^^^^^^^^^^^^^^^^^^^^^^^^^^^^^^^^^^^^^^^^^^^^^^^
  File "C:\Program Files\WindowsApps\PythonSoftwareFoundation.Python.3.13_3.13.3568.0_x64__qbz5n2kfra8p0\Lib\json\__init__.py", line 242, in dumps
    **kw).encode(obj)
          ~~~~~~^^^^^
  File "C:\Program Files\WindowsApps\PythonSoftwareFoundation.Python.3.13_3.13.3568.0_x64__qbz5n2kfra8p0\Lib\json\encoder.py", line 202, in encode
    chunks = self.iterencode(o, _one_shot=True)
  File "C:\Program Files\WindowsApps\PythonSoftwareFoundation.Python.3.13_3.13.3568.0_x64__qbz5n2kfra8p0\Lib\json\encoder.py", line 263, in iterencode
    return _iterencode(o, 0)
  File "C:\Program Files\WindowsApps\PythonSoftwareFoundation.Python.3.13_3.13.3568.0_x64__qbz5n2kfra8p0\Lib\json\encoder.py", line 182, in default
    raise TypeError(f'Object of type {o.__class__.__name__} '
                    f'is not JSON serializable')
TypeError: Object of type PaymentMethodOption is not JSON serializable
2026-04-20 16:27:40,580 [INFO] pos-api: User logged in: owner (Role: Admin)
2026-04-20 16:28:41,238 [INFO] pos-api: Sale created: INV-20260420-0006 | Total: 230.0 | User: owner
2026-04-20 16:28:41,245 [ERROR] pos-api: Global error on /api/pos/sale: Object of type PaymentMethodOption is not JSON serializable
Traceback (most recent call last):
  File "E:\atc\venv\Lib\site-packages\starlette\middleware\errors.py", line 164, in __call__
    await self.app(scope, receive, _send)
  File "E:\atc\venv\Lib\site-packages\starlette\middleware\cors.py", line 96, in __call__
    await self.simple_response(scope, receive, send, request_headers=headers)
  File "E:\atc\venv\Lib\site-packages\starlette\middleware\cors.py", line 154, in simple_response
    await self.app(scope, receive, send)
  File "E:\atc\venv\Lib\site-packages\starlette\middleware\exceptions.py", line 63, in __call__
    await wrap_app_handling_exceptions(self.app, conn)(scope, receive, send)
  File "E:\atc\venv\Lib\site-packages\starlette\_exception_handler.py", line 53, in wrapped_app
    raise exc
  File "E:\atc\venv\Lib\site-packages\starlette\_exception_handler.py", line 42, in wrapped_app
    await app(scope, receive, sender)
  File "E:\atc\venv\Lib\site-packages\fastapi\middleware\asyncexitstack.py", line 18, in __call__
    await self.app(scope, receive, send)
  File "E:\atc\venv\Lib\site-packages\starlette\routing.py", line 660, in __call__
    await self.middleware_stack(scope, receive, send)
  File "E:\atc\venv\Lib\site-packages\starlette\routing.py", line 680, in app
    await route.handle(scope, receive, send)
  File "E:\atc\venv\Lib\site-packages\starlette\routing.py", line 276, in handle
    await self.app(scope, receive, send)
  File "E:\atc\venv\Lib\site-packages\fastapi\routing.py", line 134, in app
    await wrap_app_handling_exceptions(app, request)(scope, receive, send)
  File "E:\atc\venv\Lib\site-packages\starlette\_exception_handler.py", line 53, in wrapped_app
    raise exc
  File "E:\atc\venv\Lib\site-packages\starlette\_exception_handler.py", line 42, in wrapped_app
    await app(scope, receive, sender)
  File "E:\atc\venv\Lib\site-packages\fastapi\routing.py", line 120, in app
    response = await f(request)
               ^^^^^^^^^^^^^^^^
  File "E:\atc\venv\Lib\site-packages\fastapi\routing.py", line 674, in app
    raw_response = await run_endpoint_function(
                   ^^^^^^^^^^^^^^^^^^^^^^^^^^^^
    ...<3 lines>...
    )
    ^
  File "E:\atc\venv\Lib\site-packages\fastapi\routing.py", line 328, in run_endpoint_function
    return await dependant.call(**values)
           ^^^^^^^^^^^^^^^^^^^^^^^^^^^^^^
  File "E:\atc\backend\main.py", line 1273, in create_sale
    archive_sale_invoice(created_sale, get_or_create_company_profile(db))
    ~~~~~~~~~~~~~~~~~~~~^^^^^^^^^^^^^^^^^^^^^^^^^^^^^^^^^^^^^^^^^^^^^^^^^
  File "E:\atc\backend\main.py", line 854, in archive_sale_invoice
    json.dumps(build_invoice_archive_payload(sale, profile), ensure_ascii=False, indent=2),
    ~~~~~~~~~~^^^^^^^^^^^^^^^^^^^^^^^^^^^^^^^^^^^^^^^^^^^^^^^^^^^^^^^^^^^^^^^^^^^^^^^^^^^^
  File "C:\Program Files\WindowsApps\PythonSoftwareFoundation.Python.3.13_3.13.3568.0_x64__qbz5n2kfra8p0\Lib\json\__init__.py", line 242, in dumps
    **kw).encode(obj)
          ~~~~~~^^^^^
  File "C:\Program Files\WindowsApps\PythonSoftwareFoundation.Python.3.13_3.13.3568.0_x64__qbz5n2kfra8p0\Lib\json\encoder.py", line 202, in encode
    chunks = self.iterencode(o, _one_shot=True)
  File "C:\Program Files\WindowsApps\PythonSoftwareFoundation.Python.3.13_3.13.3568.0_x64__qbz5n2kfra8p0\Lib\json\encoder.py", line 263, in iterencode
    return _iterencode(o, 0)
  File "C:\Program Files\WindowsApps\PythonSoftwareFoundation.Python.3.13_3.13.3568.0_x64__qbz5n2kfra8p0\Lib\json\encoder.py", line 182, in default
    raise TypeError(f'Object of type {o.__class__.__name__} '
                    f'is not JSON serializable')
TypeError: Object of type PaymentMethodOption is not JSON serializable
2026-04-20 16:33:38,116 [INFO] pos-api: Sale created: INV-20260420-0007 | Total: 241.5 | User: owner
2026-04-20 16:33:38,118 [ERROR] pos-api: Global error on /api/pos/sale: Object of type PaymentMethodOption is not JSON serializable
Traceback (most recent call last):
  File "E:\atc\venv\Lib\site-packages\starlette\middleware\errors.py", line 164, in __call__
    await self.app(scope, receive, _send)
  File "E:\atc\venv\Lib\site-packages\starlette\middleware\cors.py", line 96, in __call__
    await self.simple_response(scope, receive, send, request_headers=headers)
  File "E:\atc\venv\Lib\site-packages\starlette\middleware\cors.py", line 154, in simple_response
    await self.app(scope, receive, send)
  File "E:\atc\venv\Lib\site-packages\starlette\middleware\exceptions.py", line 63, in __call__
    await wrap_app_handling_exceptions(self.app, conn)(scope, receive, send)
  File "E:\atc\venv\Lib\site-packages\starlette\_exception_handler.py", line 53, in wrapped_app
    raise exc
  File "E:\atc\venv\Lib\site-packages\starlette\_exception_handler.py", line 42, in wrapped_app
    await app(scope, receive, sender)
  File "E:\atc\venv\Lib\site-packages\fastapi\middleware\asyncexitstack.py", line 18, in __call__
    await self.app(scope, receive, send)
  File "E:\atc\venv\Lib\site-packages\starlette\routing.py", line 660, in __call__
    await self.middleware_stack(scope, receive, send)
  File "E:\atc\venv\Lib\site-packages\starlette\routing.py", line 680, in app
    await route.handle(scope, receive, send)
  File "E:\atc\venv\Lib\site-packages\starlette\routing.py", line 276, in handle
    await self.app(scope, receive, send)
  File "E:\atc\venv\Lib\site-packages\fastapi\routing.py", line 134, in app
    await wrap_app_handling_exceptions(app, request)(scope, receive, send)
  File "E:\atc\venv\Lib\site-packages\starlette\_exception_handler.py", line 53, in wrapped_app
    raise exc
  File "E:\atc\venv\Lib\site-packages\starlette\_exception_handler.py", line 42, in wrapped_app
    await app(scope, receive, sender)
  File "E:\atc\venv\Lib\site-packages\fastapi\routing.py", line 120, in app
    response = await f(request)
               ^^^^^^^^^^^^^^^^
  File "E:\atc\venv\Lib\site-packages\fastapi\routing.py", line 674, in app
    raw_response = await run_endpoint_function(
                   ^^^^^^^^^^^^^^^^^^^^^^^^^^^^
    ...<3 lines>...
    )
    ^
  File "E:\atc\venv\Lib\site-packages\fastapi\routing.py", line 328, in run_endpoint_function
    return await dependant.call(**values)
           ^^^^^^^^^^^^^^^^^^^^^^^^^^^^^^
  File "E:\atc\backend\main.py", line 1273, in create_sale
    archive_sale_invoice(created_sale, get_or_create_company_profile(db))
    ~~~~~~~~~~~~~~~~~~~~^^^^^^^^^^^^^^^^^^^^^^^^^^^^^^^^^^^^^^^^^^^^^^^^^
  File "E:\atc\backend\main.py", line 854, in archive_sale_invoice
    json.dumps(build_invoice_archive_payload(sale, profile), ensure_ascii=False, indent=2),
    ~~~~~~~~~~^^^^^^^^^^^^^^^^^^^^^^^^^^^^^^^^^^^^^^^^^^^^^^^^^^^^^^^^^^^^^^^^^^^^^^^^^^^^
  File "C:\Program Files\WindowsApps\PythonSoftwareFoundation.Python.3.13_3.13.3568.0_x64__qbz5n2kfra8p0\Lib\json\__init__.py", line 242, in dumps
    **kw).encode(obj)
          ~~~~~~^^^^^
  File "C:\Program Files\WindowsApps\PythonSoftwareFoundation.Python.3.13_3.13.3568.0_x64__qbz5n2kfra8p0\Lib\json\encoder.py", line 202, in encode
    chunks = self.iterencode(o, _one_shot=True)
  File "C:\Program Files\WindowsApps\PythonSoftwareFoundation.Python.3.13_3.13.3568.0_x64__qbz5n2kfra8p0\Lib\json\encoder.py", line 263, in iterencode
    return _iterencode(o, 0)
  File "C:\Program Files\WindowsApps\PythonSoftwareFoundation.Python.3.13_3.13.3568.0_x64__qbz5n2kfra8p0\Lib\json\encoder.py", line 182, in default
    raise TypeError(f'Object of type {o.__class__.__name__} '
                    f'is not JSON serializable')
TypeError: Object of type PaymentMethodOption is not JSON serializable
2026-04-20 17:38:17,454 [INFO] pos-api: User logged in: owner (Role: Admin)
2026-04-20 21:28:21,577 [INFO] pos-api: User logged in: owner (Role: Admin)
2026-04-20 21:44:18,339 [INFO] pos-api: User logged in: owner (Role: Admin)
2026-04-20 21:44:21,351 [ERROR] asyncio: Exception in callback _ProactorBasePipeTransport._call_connection_lost()
handle: <Handle _ProactorBasePipeTransport._call_connection_lost()>
Traceback (most recent call last):
  File "C:\Program Files\WindowsApps\PythonSoftwareFoundation.Python.3.13_3.13.3568.0_x64__qbz5n2kfra8p0\Lib\asyncio\events.py", line 89, in _run
    self._context.run(self._callback, *self._args)
    ~~~~~~~~~~~~~~~~~^^^^^^^^^^^^^^^^^^^^^^^^^^^^^
  File "C:\Program Files\WindowsApps\PythonSoftwareFoundation.Python.3.13_3.13.3568.0_x64__qbz5n2kfra8p0\Lib\asyncio\proactor_events.py", line 165, in _call_connection_lost
    self._sock.shutdown(socket.SHUT_RDWR)
    ~~~~~~~~~~~~~~~~~~~^^^^^^^^^^^^^^^^^^
ConnectionResetError: [WinError 10054] An existing connection was forcibly closed by the remote host
2026-04-20 21:44:29,500 [INFO] pos-api: Sale created: INV-20260420-0008 | Total: 448.5 | User: owner
2026-04-20 21:44:29,511 [ERROR] pos-api: Global error on /api/pos/sale: Object of type PaymentMethodOption is not JSON serializable
Traceback (most recent call last):
  File "E:\atc\venv\Lib\site-packages\starlette\middleware\errors.py", line 164, in __call__
    await self.app(scope, receive, _send)
  File "E:\atc\venv\Lib\site-packages\starlette\middleware\cors.py", line 96, in __call__
    await self.simple_response(scope, receive, send, request_headers=headers)
  File "E:\atc\venv\Lib\site-packages\starlette\middleware\cors.py", line 154, in simple_response
    await self.app(scope, receive, send)
  File "E:\atc\venv\Lib\site-packages\starlette\middleware\exceptions.py", line 63, in __call__
    await wrap_app_handling_exceptions(self.app, conn)(scope, receive, send)
  File "E:\atc\venv\Lib\site-packages\starlette\_exception_handler.py", line 53, in wrapped_app
    raise exc
  File "E:\atc\venv\Lib\site-packages\starlette\_exception_handler.py", line 42, in wrapped_app
    await app(scope, receive, sender)
  File "E:\atc\venv\Lib\site-packages\fastapi\middleware\asyncexitstack.py", line 18, in __call__
    await self.app(scope, receive, send)
  File "E:\atc\venv\Lib\site-packages\starlette\routing.py", line 660, in __call__
    await self.middleware_stack(scope, receive, send)
  File "E:\atc\venv\Lib\site-packages\starlette\routing.py", line 680, in app
    await route.handle(scope, receive, send)
  File "E:\atc\venv\Lib\site-packages\starlette\routing.py", line 276, in handle
    await self.app(scope, receive, send)
  File "E:\atc\venv\Lib\site-packages\fastapi\routing.py", line 134, in app
    await wrap_app_handling_exceptions(app, request)(scope, receive, send)
  File "E:\atc\venv\Lib\site-packages\starlette\_exception_handler.py", line 53, in wrapped_app
    raise exc
  File "E:\atc\venv\Lib\site-packages\starlette\_exception_handler.py", line 42, in wrapped_app
    await app(scope, receive, sender)
  File "E:\atc\venv\Lib\site-packages\fastapi\routing.py", line 120, in app
    response = await f(request)
               ^^^^^^^^^^^^^^^^
  File "E:\atc\venv\Lib\site-packages\fastapi\routing.py", line 674, in app
    raw_response = await run_endpoint_function(
                   ^^^^^^^^^^^^^^^^^^^^^^^^^^^^
    ...<3 lines>...
    )
    ^
  File "E:\atc\venv\Lib\site-packages\fastapi\routing.py", line 328, in run_endpoint_function
    return await dependant.call(**values)
           ^^^^^^^^^^^^^^^^^^^^^^^^^^^^^^
  File "E:\atc\backend\main.py", line 1273, in create_sale
    archive_sale_invoice(created_sale, get_or_create_company_profile(db))
    ~~~~~~~~~~~~~~~~~~~~^^^^^^^^^^^^^^^^^^^^^^^^^^^^^^^^^^^^^^^^^^^^^^^^^
  File "E:\atc\backend\main.py", line 854, in archive_sale_invoice
    json.dumps(build_invoice_archive_payload(sale, profile), ensure_ascii=False, indent=2),
    ~~~~~~~~~~^^^^^^^^^^^^^^^^^^^^^^^^^^^^^^^^^^^^^^^^^^^^^^^^^^^^^^^^^^^^^^^^^^^^^^^^^^^^
  File "C:\Program Files\WindowsApps\PythonSoftwareFoundation.Python.3.13_3.13.3568.0_x64__qbz5n2kfra8p0\Lib\json\__init__.py", line 242, in dumps
    **kw).encode(obj)
          ~~~~~~^^^^^
  File "C:\Program Files\WindowsApps\PythonSoftwareFoundation.Python.3.13_3.13.3568.0_x64__qbz5n2kfra8p0\Lib\json\encoder.py", line 202, in encode
    chunks = self.iterencode(o, _one_shot=True)
  File "C:\Program Files\WindowsApps\PythonSoftwareFoundation.Python.3.13_3.13.3568.0_x64__qbz5n2kfra8p0\Lib\json\encoder.py", line 263, in iterencode
    return _iterencode(o, 0)
  File "C:\Program Files\WindowsApps\PythonSoftwareFoundation.Python.3.13_3.13.3568.0_x64__qbz5n2kfra8p0\Lib\json\encoder.py", line 182, in default
    raise TypeError(f'Object of type {o.__class__.__name__} '
                    f'is not JSON serializable')
TypeError: Object of type PaymentMethodOption is not JSON serializable
2026-04-20 21:45:02,473 [INFO] pos-api: Sale created: INV-20260420-0009 | Total: 57.5 | User: owner
2026-04-20 21:45:02,476 [ERROR] pos-api: Global error on /api/pos/sale: Object of type PaymentMethodOption is not JSON serializable
Traceback (most recent call last):
  File "E:\atc\venv\Lib\site-packages\starlette\middleware\errors.py", line 164, in __call__
    await self.app(scope, receive, _send)
  File "E:\atc\venv\Lib\site-packages\starlette\middleware\cors.py", line 96, in __call__
    await self.simple_response(scope, receive, send, request_headers=headers)
  File "E:\atc\venv\Lib\site-packages\starlette\middleware\cors.py", line 154, in simple_response
    await self.app(scope, receive, send)
  File "E:\atc\venv\Lib\site-packages\starlette\middleware\exceptions.py", line 63, in __call__
    await wrap_app_handling_exceptions(self.app, conn)(scope, receive, send)
  File "E:\atc\venv\Lib\site-packages\starlette\_exception_handler.py", line 53, in wrapped_app
    raise exc
  File "E:\atc\venv\Lib\site-packages\starlette\_exception_handler.py", line 42, in wrapped_app
    await app(scope, receive, sender)
  File "E:\atc\venv\Lib\site-packages\fastapi\middleware\asyncexitstack.py", line 18, in __call__
    await self.app(scope, receive, send)
  File "E:\atc\venv\Lib\site-packages\starlette\routing.py", line 660, in __call__
    await self.middleware_stack(scope, receive, send)
  File "E:\atc\venv\Lib\site-packages\starlette\routing.py", line 680, in app
    await route.handle(scope, receive, send)
  File "E:\atc\venv\Lib\site-packages\starlette\routing.py", line 276, in handle
    await self.app(scope, receive, send)
  File "E:\atc\venv\Lib\site-packages\fastapi\routing.py", line 134, in app
    await wrap_app_handling_exceptions(app, request)(scope, receive, send)
  File "E:\atc\venv\Lib\site-packages\starlette\_exception_handler.py", line 53, in wrapped_app
    raise exc
  File "E:\atc\venv\Lib\site-packages\starlette\_exception_handler.py", line 42, in wrapped_app
    await app(scope, receive, sender)
  File "E:\atc\venv\Lib\site-packages\fastapi\routing.py", line 120, in app
    response = await f(request)
               ^^^^^^^^^^^^^^^^
  File "E:\atc\venv\Lib\site-packages\fastapi\routing.py", line 674, in app
    raw_response = await run_endpoint_function(
                   ^^^^^^^^^^^^^^^^^^^^^^^^^^^^
    ...<3 lines>...
    )
    ^
  File "E:\atc\venv\Lib\site-packages\fastapi\routing.py", line 328, in run_endpoint_function
    return await dependant.call(**values)
           ^^^^^^^^^^^^^^^^^^^^^^^^^^^^^^
  File "E:\atc\backend\main.py", line 1273, in create_sale
    archive_sale_invoice(created_sale, get_or_create_company_profile(db))
    ~~~~~~~~~~~~~~~~~~~~^^^^^^^^^^^^^^^^^^^^^^^^^^^^^^^^^^^^^^^^^^^^^^^^^
  File "E:\atc\backend\main.py", line 854, in archive_sale_invoice
    json.dumps(build_invoice_archive_payload(sale, profile), ensure_ascii=False, indent=2),
    ~~~~~~~~~~^^^^^^^^^^^^^^^^^^^^^^^^^^^^^^^^^^^^^^^^^^^^^^^^^^^^^^^^^^^^^^^^^^^^^^^^^^^^
  File "C:\Program Files\WindowsApps\PythonSoftwareFoundation.Python.3.13_3.13.3568.0_x64__qbz5n2kfra8p0\Lib\json\__init__.py", line 242, in dumps
    **kw).encode(obj)
          ~~~~~~^^^^^
  File "C:\Program Files\WindowsApps\PythonSoftwareFoundation.Python.3.13_3.13.3568.0_x64__qbz5n2kfra8p0\Lib\json\encoder.py", line 202, in encode
    chunks = self.iterencode(o, _one_shot=True)
  File "C:\Program Files\WindowsApps\PythonSoftwareFoundation.Python.3.13_3.13.3568.0_x64__qbz5n2kfra8p0\Lib\json\encoder.py", line 263, in iterencode
    return _iterencode(o, 0)
  File "C:\Program Files\WindowsApps\PythonSoftwareFoundation.Python.3.13_3.13.3568.0_x64__qbz5n2kfra8p0\Lib\json\encoder.py", line 182, in default
    raise TypeError(f'Object of type {o.__class__.__name__} '
                    f'is not JSON serializable')
TypeError: Object of type PaymentMethodOption is not JSON serializable
2026-04-20 21:45:02,499 [INFO] pos-api: Sale created: INV-20260420-0010 | Total: 57.5 | User: owner
2026-04-20 21:45:02,501 [ERROR] pos-api: Global error on /api/pos/sale: Object of type PaymentMethodOption is not JSON serializable
Traceback (most recent call last):
  File "E:\atc\venv\Lib\site-packages\starlette\middleware\errors.py", line 164, in __call__
    await self.app(scope, receive, _send)
  File "E:\atc\venv\Lib\site-packages\starlette\middleware\cors.py", line 96, in __call__
    await self.simple_response(scope, receive, send, request_headers=headers)
  File "E:\atc\venv\Lib\site-packages\starlette\middleware\cors.py", line 154, in simple_response
    await self.app(scope, receive, send)
  File "E:\atc\venv\Lib\site-packages\starlette\middleware\exceptions.py", line 63, in __call__
    await wrap_app_handling_exceptions(self.app, conn)(scope, receive, send)
  File "E:\atc\venv\Lib\site-packages\starlette\_exception_handler.py", line 53, in wrapped_app
    raise exc
  File "E:\atc\venv\Lib\site-packages\starlette\_exception_handler.py", line 42, in wrapped_app
    await app(scope, receive, sender)
  File "E:\atc\venv\Lib\site-packages\fastapi\middleware\asyncexitstack.py", line 18, in __call__
    await self.app(scope, receive, send)
  File "E:\atc\venv\Lib\site-packages\starlette\routing.py", line 660, in __call__
    await self.middleware_stack(scope, receive, send)
  File "E:\atc\venv\Lib\site-packages\starlette\routing.py", line 680, in app
    await route.handle(scope, receive, send)
  File "E:\atc\venv\Lib\site-packages\starlette\routing.py", line 276, in handle
    await self.app(scope, receive, send)
  File "E:\atc\venv\Lib\site-packages\fastapi\routing.py", line 134, in app
    await wrap_app_handling_exceptions(app, request)(scope, receive, send)
  File "E:\atc\venv\Lib\site-packages\starlette\_exception_handler.py", line 53, in wrapped_app
    raise exc
  File "E:\atc\venv\Lib\site-packages\starlette\_exception_handler.py", line 42, in wrapped_app
    await app(scope, receive, sender)
  File "E:\atc\venv\Lib\site-packages\fastapi\routing.py", line 120, in app
    response = await f(request)
               ^^^^^^^^^^^^^^^^
  File "E:\atc\venv\Lib\site-packages\fastapi\routing.py", line 674, in app
    raw_response = await run_endpoint_function(
                   ^^^^^^^^^^^^^^^^^^^^^^^^^^^^
    ...<3 lines>...
    )
    ^
  File "E:\atc\venv\Lib\site-packages\fastapi\routing.py", line 328, in run_endpoint_function
    return await dependant.call(**values)
           ^^^^^^^^^^^^^^^^^^^^^^^^^^^^^^
  File "E:\atc\backend\main.py", line 1273, in create_sale
    archive_sale_invoice(created_sale, get_or_create_company_profile(db))
    ~~~~~~~~~~~~~~~~~~~~^^^^^^^^^^^^^^^^^^^^^^^^^^^^^^^^^^^^^^^^^^^^^^^^^
  File "E:\atc\backend\main.py", line 854, in archive_sale_invoice
    json.dumps(build_invoice_archive_payload(sale, profile), ensure_ascii=False, indent=2),
    ~~~~~~~~~~^^^^^^^^^^^^^^^^^^^^^^^^^^^^^^^^^^^^^^^^^^^^^^^^^^^^^^^^^^^^^^^^^^^^^^^^^^^^
  File "C:\Program Files\WindowsApps\PythonSoftwareFoundation.Python.3.13_3.13.3568.0_x64__qbz5n2kfra8p0\Lib\json\__init__.py", line 242, in dumps
    **kw).encode(obj)
          ~~~~~~^^^^^
  File "C:\Program Files\WindowsApps\PythonSoftwareFoundation.Python.3.13_3.13.3568.0_x64__qbz5n2kfra8p0\Lib\json\encoder.py", line 202, in encode
    chunks = self.iterencode(o, _one_shot=True)
  File "C:\Program Files\WindowsApps\PythonSoftwareFoundation.Python.3.13_3.13.3568.0_x64__qbz5n2kfra8p0\Lib\json\encoder.py", line 263, in iterencode
    return _iterencode(o, 0)
  File "C:\Program Files\WindowsApps\PythonSoftwareFoundation.Python.3.13_3.13.3568.0_x64__qbz5n2kfra8p0\Lib\json\encoder.py", line 182, in default
    raise TypeError(f'Object of type {o.__class__.__name__} '
                    f'is not JSON serializable')
TypeError: Object of type PaymentMethodOption is not JSON serializable
2026-04-20 22:02:38,628 [INFO] pos-api: User logged in: owner (Role: Admin)
2026-04-20 22:02:56,587 [INFO] pos-api: Sale created: INV-20260420-0011 | Total: 218.5 | User: owner
2026-04-20 22:02:56,596 [ERROR] pos-api: Global error on /api/pos/sale: Object of type PaymentMethodOption is not JSON serializable
Traceback (most recent call last):
  File "E:\atc\venv\Lib\site-packages\starlette\middleware\errors.py", line 164, in __call__
    await self.app(scope, receive, _send)
  File "E:\atc\venv\Lib\site-packages\starlette\middleware\cors.py", line 96, in __call__
    await self.simple_response(scope, receive, send, request_headers=headers)
  File "E:\atc\venv\Lib\site-packages\starlette\middleware\cors.py", line 154, in simple_response
    await self.app(scope, receive, send)
  File "E:\atc\venv\Lib\site-packages\starlette\middleware\exceptions.py", line 63, in __call__
    await wrap_app_handling_exceptions(self.app, conn)(scope, receive, send)
  File "E:\atc\venv\Lib\site-packages\starlette\_exception_handler.py", line 53, in wrapped_app
    raise exc
  File "E:\atc\venv\Lib\site-packages\starlette\_exception_handler.py", line 42, in wrapped_app
    await app(scope, receive, sender)
  File "E:\atc\venv\Lib\site-packages\fastapi\middleware\asyncexitstack.py", line 18, in __call__
    await self.app(scope, receive, send)
  File "E:\atc\venv\Lib\site-packages\starlette\routing.py", line 660, in __call__
    await self.middleware_stack(scope, receive, send)
  File "E:\atc\venv\Lib\site-packages\starlette\routing.py", line 680, in app
    await route.handle(scope, receive, send)
  File "E:\atc\venv\Lib\site-packages\starlette\routing.py", line 276, in handle
    await self.app(scope, receive, send)
  File "E:\atc\venv\Lib\site-packages\fastapi\routing.py", line 134, in app
    await wrap_app_handling_exceptions(app, request)(scope, receive, send)
  File "E:\atc\venv\Lib\site-packages\starlette\_exception_handler.py", line 53, in wrapped_app
    raise exc
  File "E:\atc\venv\Lib\site-packages\starlette\_exception_handler.py", line 42, in wrapped_app
    await app(scope, receive, sender)
  File "E:\atc\venv\Lib\site-packages\fastapi\routing.py", line 120, in app
    response = await f(request)
               ^^^^^^^^^^^^^^^^
  File "E:\atc\venv\Lib\site-packages\fastapi\routing.py", line 674, in app
    raw_response = await run_endpoint_function(
                   ^^^^^^^^^^^^^^^^^^^^^^^^^^^^
    ...<3 lines>...
    )
    ^
  File "E:\atc\venv\Lib\site-packages\fastapi\routing.py", line 328, in run_endpoint_function
    return await dependant.call(**values)
           ^^^^^^^^^^^^^^^^^^^^^^^^^^^^^^
  File "E:\atc\backend\main.py", line 1289, in create_sale
    archive_sale_invoice(created_sale, get_or_create_company_profile(db))
    ~~~~~~~~~~~~~~~~~~~~^^^^^^^^^^^^^^^^^^^^^^^^^^^^^^^^^^^^^^^^^^^^^^^^^
  File "E:\atc\backend\main.py", line 870, in archive_sale_invoice
    json.dumps(build_invoice_archive_payload(sale, profile), ensure_ascii=False, indent=2),
    ~~~~~~~~~~^^^^^^^^^^^^^^^^^^^^^^^^^^^^^^^^^^^^^^^^^^^^^^^^^^^^^^^^^^^^^^^^^^^^^^^^^^^^
  File "C:\Program Files\WindowsApps\PythonSoftwareFoundation.Python.3.13_3.13.3568.0_x64__qbz5n2kfra8p0\Lib\json\__init__.py", line 242, in dumps
    **kw).encode(obj)
          ~~~~~~^^^^^
  File "C:\Program Files\WindowsApps\PythonSoftwareFoundation.Python.3.13_3.13.3568.0_x64__qbz5n2kfra8p0\Lib\json\encoder.py", line 202, in encode
    chunks = self.iterencode(o, _one_shot=True)
  File "C:\Program Files\WindowsApps\PythonSoftwareFoundation.Python.3.13_3.13.3568.0_x64__qbz5n2kfra8p0\Lib\json\encoder.py", line 263, in iterencode
    return _iterencode(o, 0)
  File "C:\Program Files\WindowsApps\PythonSoftwareFoundation.Python.3.13_3.13.3568.0_x64__qbz5n2kfra8p0\Lib\json\encoder.py", line 182, in default
    raise TypeError(f'Object of type {o.__class__.__name__} '
                    f'is not JSON serializable')
TypeError: Object of type PaymentMethodOption is not JSON serializable
2026-04-20 22:03:40,958 [INFO] pos-api: Sale created: INV-20260420-0012 | Total: 333.5 | User: owner
2026-04-20 22:03:40,960 [ERROR] pos-api: Global error on /api/pos/sale: Object of type PaymentMethodOption is not JSON serializable
Traceback (most recent call last):
  File "E:\atc\venv\Lib\site-packages\starlette\middleware\errors.py", line 164, in __call__
    await self.app(scope, receive, _send)
  File "E:\atc\venv\Lib\site-packages\starlette\middleware\cors.py", line 96, in __call__
    await self.simple_response(scope, receive, send, request_headers=headers)
  File "E:\atc\venv\Lib\site-packages\starlette\middleware\cors.py", line 154, in simple_response
    await self.app(scope, receive, send)
  File "E:\atc\venv\Lib\site-packages\starlette\middleware\exceptions.py", line 63, in __call__
    await wrap_app_handling_exceptions(self.app, conn)(scope, receive, send)
  File "E:\atc\venv\Lib\site-packages\starlette\_exception_handler.py", line 53, in wrapped_app
    raise exc
  File "E:\atc\venv\Lib\site-packages\starlette\_exception_handler.py", line 42, in wrapped_app
    await app(scope, receive, sender)
  File "E:\atc\venv\Lib\site-packages\fastapi\middleware\asyncexitstack.py", line 18, in __call__
    await self.app(scope, receive, send)
  File "E:\atc\venv\Lib\site-packages\starlette\routing.py", line 660, in __call__
    await self.middleware_stack(scope, receive, send)
  File "E:\atc\venv\Lib\site-packages\starlette\routing.py", line 680, in app
    await route.handle(scope, receive, send)
  File "E:\atc\venv\Lib\site-packages\starlette\routing.py", line 276, in handle
    await self.app(scope, receive, send)
  File "E:\atc\venv\Lib\site-packages\fastapi\routing.py", line 134, in app
    await wrap_app_handling_exceptions(app, request)(scope, receive, send)
  File "E:\atc\venv\Lib\site-packages\starlette\_exception_handler.py", line 53, in wrapped_app
    raise exc
  File "E:\atc\venv\Lib\site-packages\starlette\_exception_handler.py", line 42, in wrapped_app
    await app(scope, receive, sender)
  File "E:\atc\venv\Lib\site-packages\fastapi\routing.py", line 120, in app
    response = await f(request)
               ^^^^^^^^^^^^^^^^
  File "E:\atc\venv\Lib\site-packages\fastapi\routing.py", line 674, in app
    raw_response = await run_endpoint_function(
                   ^^^^^^^^^^^^^^^^^^^^^^^^^^^^
    ...<3 lines>...
    )
    ^
  File "E:\atc\venv\Lib\site-packages\fastapi\routing.py", line 328, in run_endpoint_function
    return await dependant.call(**values)
           ^^^^^^^^^^^^^^^^^^^^^^^^^^^^^^
  File "E:\atc\backend\main.py", line 1289, in create_sale
    archive_sale_invoice(created_sale, get_or_create_company_profile(db))
    ~~~~~~~~~~~~~~~~~~~~^^^^^^^^^^^^^^^^^^^^^^^^^^^^^^^^^^^^^^^^^^^^^^^^^
  File "E:\atc\backend\main.py", line 870, in archive_sale_invoice
    json.dumps(build_invoice_archive_payload(sale, profile), ensure_ascii=False, indent=2),
    ~~~~~~~~~~^^^^^^^^^^^^^^^^^^^^^^^^^^^^^^^^^^^^^^^^^^^^^^^^^^^^^^^^^^^^^^^^^^^^^^^^^^^^
  File "C:\Program Files\WindowsApps\PythonSoftwareFoundation.Python.3.13_3.13.3568.0_x64__qbz5n2kfra8p0\Lib\json\__init__.py", line 242, in dumps
    **kw).encode(obj)
          ~~~~~~^^^^^
  File "C:\Program Files\WindowsApps\PythonSoftwareFoundation.Python.3.13_3.13.3568.0_x64__qbz5n2kfra8p0\Lib\json\encoder.py", line 202, in encode
    chunks = self.iterencode(o, _one_shot=True)
  File "C:\Program Files\WindowsApps\PythonSoftwareFoundation.Python.3.13_3.13.3568.0_x64__qbz5n2kfra8p0\Lib\json\encoder.py", line 263, in iterencode
    return _iterencode(o, 0)
  File "C:\Program Files\WindowsApps\PythonSoftwareFoundation.Python.3.13_3.13.3568.0_x64__qbz5n2kfra8p0\Lib\json\encoder.py", line 182, in default
    raise TypeError(f'Object of type {o.__class__.__name__} '
                    f'is not JSON serializable')
TypeError: Object of type PaymentMethodOption is not JSON serializable
2026-04-20 22:03:40,977 [INFO] pos-api: Sale created: INV-20260420-0013 | Total: 333.5 | User: owner
2026-04-20 22:03:40,979 [ERROR] pos-api: Global error on /api/pos/sale: Object of type PaymentMethodOption is not JSON serializable
Traceback (most recent call last):
  File "E:\atc\venv\Lib\site-packages\starlette\middleware\errors.py", line 164, in __call__
    await self.app(scope, receive, _send)
  File "E:\atc\venv\Lib\site-packages\starlette\middleware\cors.py", line 96, in __call__
    await self.simple_response(scope, receive, send, request_headers=headers)
  File "E:\atc\venv\Lib\site-packages\starlette\middleware\cors.py", line 154, in simple_response
    await self.app(scope, receive, send)
  File "E:\atc\venv\Lib\site-packages\starlette\middleware\exceptions.py", line 63, in __call__
    await wrap_app_handling_exceptions(self.app, conn)(scope, receive, send)
  File "E:\atc\venv\Lib\site-packages\starlette\_exception_handler.py", line 53, in wrapped_app
    raise exc
  File "E:\atc\venv\Lib\site-packages\starlette\_exception_handler.py", line 42, in wrapped_app
    await app(scope, receive, sender)
  File "E:\atc\venv\Lib\site-packages\fastapi\middleware\asyncexitstack.py", line 18, in __call__
    await self.app(scope, receive, send)
  File "E:\atc\venv\Lib\site-packages\starlette\routing.py", line 660, in __call__
    await self.middleware_stack(scope, receive, send)
  File "E:\atc\venv\Lib\site-packages\starlette\routing.py", line 680, in app
    await route.handle(scope, receive, send)
  File "E:\atc\venv\Lib\site-packages\starlette\routing.py", line 276, in handle
    await self.app(scope, receive, send)
  File "E:\atc\venv\Lib\site-packages\fastapi\routing.py", line 134, in app
    await wrap_app_handling_exceptions(app, request)(scope, receive, send)
  File "E:\atc\venv\Lib\site-packages\starlette\_exception_handler.py", line 53, in wrapped_app
    raise exc
  File "E:\atc\venv\Lib\site-packages\starlette\_exception_handler.py", line 42, in wrapped_app
    await app(scope, receive, sender)
  File "E:\atc\venv\Lib\site-packages\fastapi\routing.py", line 120, in app
    response = await f(request)
               ^^^^^^^^^^^^^^^^
  File "E:\atc\venv\Lib\site-packages\fastapi\routing.py", line 674, in app
    raw_response = await run_endpoint_function(
                   ^^^^^^^^^^^^^^^^^^^^^^^^^^^^
    ...<3 lines>...
    )
    ^
  File "E:\atc\venv\Lib\site-packages\fastapi\routing.py", line 328, in run_endpoint_function
    return await dependant.call(**values)
           ^^^^^^^^^^^^^^^^^^^^^^^^^^^^^^
  File "E:\atc\backend\main.py", line 1289, in create_sale
    archive_sale_invoice(created_sale, get_or_create_company_profile(db))
    ~~~~~~~~~~~~~~~~~~~~^^^^^^^^^^^^^^^^^^^^^^^^^^^^^^^^^^^^^^^^^^^^^^^^^
  File "E:\atc\backend\main.py", line 870, in archive_sale_invoice
    json.dumps(build_invoice_archive_payload(sale, profile), ensure_ascii=False, indent=2),
    ~~~~~~~~~~^^^^^^^^^^^^^^^^^^^^^^^^^^^^^^^^^^^^^^^^^^^^^^^^^^^^^^^^^^^^^^^^^^^^^^^^^^^^
  File "C:\Program Files\WindowsApps\PythonSoftwareFoundation.Python.3.13_3.13.3568.0_x64__qbz5n2kfra8p0\Lib\json\__init__.py", line 242, in dumps
    **kw).encode(obj)
          ~~~~~~^^^^^
  File "C:\Program Files\WindowsApps\PythonSoftwareFoundation.Python.3.13_3.13.3568.0_x64__qbz5n2kfra8p0\Lib\json\encoder.py", line 202, in encode
    chunks = self.iterencode(o, _one_shot=True)
  File "C:\Program Files\WindowsApps\PythonSoftwareFoundation.Python.3.13_3.13.3568.0_x64__qbz5n2kfra8p0\Lib\json\encoder.py", line 263, in iterencode
    return _iterencode(o, 0)
  File "C:\Program Files\WindowsApps\PythonSoftwareFoundation.Python.3.13_3.13.3568.0_x64__qbz5n2kfra8p0\Lib\json\encoder.py", line 182, in default
    raise TypeError(f'Object of type {o.__class__.__name__} '
                    f'is not JSON serializable')
TypeError: Object of type PaymentMethodOption is not JSON serializable
2026-04-20 22:03:47,509 [INFO] pos-api: Sale created: INV-20260420-0014 | Total: 333.5 | User: owner
2026-04-20 22:03:47,511 [ERROR] pos-api: Global error on /api/pos/sale: Object of type PaymentMethodOption is not JSON serializable
Traceback (most recent call last):
  File "E:\atc\venv\Lib\site-packages\starlette\middleware\errors.py", line 164, in __call__
    await self.app(scope, receive, _send)
  File "E:\atc\venv\Lib\site-packages\starlette\middleware\cors.py", line 96, in __call__
    await self.simple_response(scope, receive, send, request_headers=headers)
  File "E:\atc\venv\Lib\site-packages\starlette\middleware\cors.py", line 154, in simple_response
    await self.app(scope, receive, send)
  File "E:\atc\venv\Lib\site-packages\starlette\middleware\exceptions.py", line 63, in __call__
    await wrap_app_handling_exceptions(self.app, conn)(scope, receive, send)
  File "E:\atc\venv\Lib\site-packages\starlette\_exception_handler.py", line 53, in wrapped_app
    raise exc
  File "E:\atc\venv\Lib\site-packages\starlette\_exception_handler.py", line 42, in wrapped_app
    await app(scope, receive, sender)
  File "E:\atc\venv\Lib\site-packages\fastapi\middleware\asyncexitstack.py", line 18, in __call__
    await self.app(scope, receive, send)
  File "E:\atc\venv\Lib\site-packages\starlette\routing.py", line 660, in __call__
    await self.middleware_stack(scope, receive, send)
  File "E:\atc\venv\Lib\site-packages\starlette\routing.py", line 680, in app
    await route.handle(scope, receive, send)
  File "E:\atc\venv\Lib\site-packages\starlette\routing.py", line 276, in handle
    await self.app(scope, receive, send)
  File "E:\atc\venv\Lib\site-packages\fastapi\routing.py", line 134, in app
    await wrap_app_handling_exceptions(app, request)(scope, receive, send)
  File "E:\atc\venv\Lib\site-packages\starlette\_exception_handler.py", line 53, in wrapped_app
    raise exc
  File "E:\atc\venv\Lib\site-packages\starlette\_exception_handler.py", line 42, in wrapped_app
    await app(scope, receive, sender)
  File "E:\atc\venv\Lib\site-packages\fastapi\routing.py", line 120, in app
    response = await f(request)
               ^^^^^^^^^^^^^^^^
  File "E:\atc\venv\Lib\site-packages\fastapi\routing.py", line 674, in app
    raw_response = await run_endpoint_function(
                   ^^^^^^^^^^^^^^^^^^^^^^^^^^^^
    ...<3 lines>...
    )
    ^
  File "E:\atc\venv\Lib\site-packages\fastapi\routing.py", line 328, in run_endpoint_function
    return await dependant.call(**values)
           ^^^^^^^^^^^^^^^^^^^^^^^^^^^^^^
  File "E:\atc\backend\main.py", line 1289, in create_sale
    archive_sale_invoice(created_sale, get_or_create_company_profile(db))
    ~~~~~~~~~~~~~~~~~~~~^^^^^^^^^^^^^^^^^^^^^^^^^^^^^^^^^^^^^^^^^^^^^^^^^
  File "E:\atc\backend\main.py", line 870, in archive_sale_invoice
    json.dumps(build_invoice_archive_payload(sale, profile), ensure_ascii=False, indent=2),
    ~~~~~~~~~~^^^^^^^^^^^^^^^^^^^^^^^^^^^^^^^^^^^^^^^^^^^^^^^^^^^^^^^^^^^^^^^^^^^^^^^^^^^^
  File "C:\Program Files\WindowsApps\PythonSoftwareFoundation.Python.3.13_3.13.3568.0_x64__qbz5n2kfra8p0\Lib\json\__init__.py", line 242, in dumps
    **kw).encode(obj)
          ~~~~~~^^^^^
  File "C:\Program Files\WindowsApps\PythonSoftwareFoundation.Python.3.13_3.13.3568.0_x64__qbz5n2kfra8p0\Lib\json\encoder.py", line 202, in encode
    chunks = self.iterencode(o, _one_shot=True)
  File "C:\Program Files\WindowsApps\PythonSoftwareFoundation.Python.3.13_3.13.3568.0_x64__qbz5n2kfra8p0\Lib\json\encoder.py", line 263, in iterencode
    return _iterencode(o, 0)
  File "C:\Program Files\WindowsApps\PythonSoftwareFoundation.Python.3.13_3.13.3568.0_x64__qbz5n2kfra8p0\Lib\json\encoder.py", line 182, in default
    raise TypeError(f'Object of type {o.__class__.__name__} '
                    f'is not JSON serializable')
TypeError: Object of type PaymentMethodOption is not JSON serializable
2026-04-20 22:06:49,062 [ERROR] pos-api: Global error on /api/settings/company: 'dict' object has no attribute 'dict'
Traceback (most recent call last):
  File "E:\atc\venv\Lib\site-packages\starlette\middleware\errors.py", line 164, in __call__
    await self.app(scope, receive, _send)
  File "E:\atc\venv\Lib\site-packages\starlette\middleware\cors.py", line 96, in __call__
    await self.simple_response(scope, receive, send, request_headers=headers)
  File "E:\atc\venv\Lib\site-packages\starlette\middleware\cors.py", line 154, in simple_response
    await self.app(scope, receive, send)
  File "E:\atc\venv\Lib\site-packages\starlette\middleware\exceptions.py", line 63, in __call__
    await wrap_app_handling_exceptions(self.app, conn)(scope, receive, send)
  File "E:\atc\venv\Lib\site-packages\starlette\_exception_handler.py", line 53, in wrapped_app
    raise exc
  File "E:\atc\venv\Lib\site-packages\starlette\_exception_handler.py", line 42, in wrapped_app
    await app(scope, receive, sender)
  File "E:\atc\venv\Lib\site-packages\fastapi\middleware\asyncexitstack.py", line 18, in __call__
    await self.app(scope, receive, send)
  File "E:\atc\venv\Lib\site-packages\starlette\routing.py", line 660, in __call__
    await self.middleware_stack(scope, receive, send)
  File "E:\atc\venv\Lib\site-packages\starlette\routing.py", line 680, in app
    await route.handle(scope, receive, send)
  File "E:\atc\venv\Lib\site-packages\starlette\routing.py", line 276, in handle
    await self.app(scope, receive, send)
  File "E:\atc\venv\Lib\site-packages\fastapi\routing.py", line 134, in app
    await wrap_app_handling_exceptions(app, request)(scope, receive, send)
  File "E:\atc\venv\Lib\site-packages\starlette\_exception_handler.py", line 53, in wrapped_app
    raise exc
  File "E:\atc\venv\Lib\site-packages\starlette\_exception_handler.py", line 42, in wrapped_app
    await app(scope, receive, sender)
  File "E:\atc\venv\Lib\site-packages\fastapi\routing.py", line 120, in app
    response = await f(request)
               ^^^^^^^^^^^^^^^^
  File "E:\atc\venv\Lib\site-packages\fastapi\routing.py", line 674, in app
    raw_response = await run_endpoint_function(
                   ^^^^^^^^^^^^^^^^^^^^^^^^^^^^
    ...<3 lines>...
    )
    ^
  File "E:\atc\venv\Lib\site-packages\fastapi\routing.py", line 330, in run_endpoint_function
    return await run_in_threadpool(dependant.call, **values)
           ^^^^^^^^^^^^^^^^^^^^^^^^^^^^^^^^^^^^^^^^^^^^^^^^^
  File "E:\atc\venv\Lib\site-packages\starlette\concurrency.py", line 32, in run_in_threadpool
    return await anyio.to_thread.run_sync(func)
           ^^^^^^^^^^^^^^^^^^^^^^^^^^^^^^^^^^^^
  File "E:\atc\venv\Lib\site-packages\anyio\to_thread.py", line 63, in run_sync
    return await get_async_backend().run_sync_in_worker_thread(
           ^^^^^^^^^^^^^^^^^^^^^^^^^^^^^^^^^^^^^^^^^^^^^^^^^^^^
        func, args, abandon_on_cancel=abandon_on_cancel, limiter=limiter
        ^^^^^^^^^^^^^^^^^^^^^^^^^^^^^^^^^^^^^^^^^^^^^^^^^^^^^^^^^^^^^^^^
    )
    ^
  File "E:\atc\venv\Lib\site-packages\anyio\_backends\_asyncio.py", line 2518, in run_sync_in_worker_thread
    return await future
           ^^^^^^^^^^^^
  File "E:\atc\venv\Lib\site-packages\anyio\_backends\_asyncio.py", line 1002, in run
    result = context.run(func, *args)
  File "E:\atc\backend\main.py", line 1022, in update_company_settings
    profile.payment_methods_json = serialize_charge_items(value or [])
                                   ~~~~~~~~~~~~~~~~~~~~~~^^^^^^^^^^^^^
  File "E:\atc\backend\main.py", line 211, in serialize_charge_items
    return json.dumps([item.model_dump() if hasattr(item, "model_dump") else item.dict() for item in items], ensure_ascii=False)
                                                                             ^^^^^^^^^
AttributeError: 'dict' object has no attribute 'dict'
2026-04-20 22:06:49,087 [ERROR] pos-api: Global error on /api/settings/company: 'dict' object has no attribute 'dict'
Traceback (most recent call last):
  File "E:\atc\venv\Lib\site-packages\starlette\middleware\errors.py", line 164, in __call__
    await self.app(scope, receive, _send)
  File "E:\atc\venv\Lib\site-packages\starlette\middleware\cors.py", line 96, in __call__
    await self.simple_response(scope, receive, send, request_headers=headers)
  File "E:\atc\venv\Lib\site-packages\starlette\middleware\cors.py", line 154, in simple_response
    await self.app(scope, receive, send)
  File "E:\atc\venv\Lib\site-packages\starlette\middleware\exceptions.py", line 63, in __call__
    await wrap_app_handling_exceptions(self.app, conn)(scope, receive, send)
  File "E:\atc\venv\Lib\site-packages\starlette\_exception_handler.py", line 53, in wrapped_app
    raise exc
  File "E:\atc\venv\Lib\site-packages\starlette\_exception_handler.py", line 42, in wrapped_app
    await app(scope, receive, sender)
  File "E:\atc\venv\Lib\site-packages\fastapi\middleware\asyncexitstack.py", line 18, in __call__
    await self.app(scope, receive, send)
  File "E:\atc\venv\Lib\site-packages\starlette\routing.py", line 660, in __call__
    await self.middleware_stack(scope, receive, send)
  File "E:\atc\venv\Lib\site-packages\starlette\routing.py", line 680, in app
    await route.handle(scope, receive, send)
  File "E:\atc\venv\Lib\site-packages\starlette\routing.py", line 276, in handle
    await self.app(scope, receive, send)
  File "E:\atc\venv\Lib\site-packages\fastapi\routing.py", line 134, in app
    await wrap_app_handling_exceptions(app, request)(scope, receive, send)
  File "E:\atc\venv\Lib\site-packages\starlette\_exception_handler.py", line 53, in wrapped_app
    raise exc
  File "E:\atc\venv\Lib\site-packages\starlette\_exception_handler.py", line 42, in wrapped_app
    await app(scope, receive, sender)
  File "E:\atc\venv\Lib\site-packages\fastapi\routing.py", line 120, in app
    response = await f(request)
               ^^^^^^^^^^^^^^^^
  File "E:\atc\venv\Lib\site-packages\fastapi\routing.py", line 674, in app
    raw_response = await run_endpoint_function(
                   ^^^^^^^^^^^^^^^^^^^^^^^^^^^^
    ...<3 lines>...
    )
    ^
  File "E:\atc\venv\Lib\site-packages\fastapi\routing.py", line 330, in run_endpoint_function
    return await run_in_threadpool(dependant.call, **values)
           ^^^^^^^^^^^^^^^^^^^^^^^^^^^^^^^^^^^^^^^^^^^^^^^^^
  File "E:\atc\venv\Lib\site-packages\starlette\concurrency.py", line 32, in run_in_threadpool
    return await anyio.to_thread.run_sync(func)
           ^^^^^^^^^^^^^^^^^^^^^^^^^^^^^^^^^^^^
  File "E:\atc\venv\Lib\site-packages\anyio\to_thread.py", line 63, in run_sync
    return await get_async_backend().run_sync_in_worker_thread(
           ^^^^^^^^^^^^^^^^^^^^^^^^^^^^^^^^^^^^^^^^^^^^^^^^^^^^
        func, args, abandon_on_cancel=abandon_on_cancel, limiter=limiter
        ^^^^^^^^^^^^^^^^^^^^^^^^^^^^^^^^^^^^^^^^^^^^^^^^^^^^^^^^^^^^^^^^
    )
    ^
  File "E:\atc\venv\Lib\site-packages\anyio\_backends\_asyncio.py", line 2518, in run_sync_in_worker_thread
    return await future
           ^^^^^^^^^^^^
  File "E:\atc\venv\Lib\site-packages\anyio\_backends\_asyncio.py", line 1002, in run
    result = context.run(func, *args)
  File "E:\atc\backend\main.py", line 1022, in update_company_settings
    profile.payment_methods_json = serialize_charge_items(value or [])
                                   ~~~~~~~~~~~~~~~~~~~~~~^^^^^^^^^^^^^
  File "E:\atc\backend\main.py", line 211, in serialize_charge_items
    return json.dumps([item.model_dump() if hasattr(item, "model_dump") else item.dict() for item in items], ensure_ascii=False)
                                                                             ^^^^^^^^^
AttributeError: 'dict' object has no attribute 'dict'
2026-04-20 22:06:50,043 [ERROR] pos-api: Global error on /api/settings/company: 'dict' object has no attribute 'dict'
Traceback (most recent call last):
  File "E:\atc\venv\Lib\site-packages\starlette\middleware\errors.py", line 164, in __call__
    await self.app(scope, receive, _send)
  File "E:\atc\venv\Lib\site-packages\starlette\middleware\cors.py", line 96, in __call__
    await self.simple_response(scope, receive, send, request_headers=headers)
  File "E:\atc\venv\Lib\site-packages\starlette\middleware\cors.py", line 154, in simple_response
    await self.app(scope, receive, send)
  File "E:\atc\venv\Lib\site-packages\starlette\middleware\exceptions.py", line 63, in __call__
    await wrap_app_handling_exceptions(self.app, conn)(scope, receive, send)
  File "E:\atc\venv\Lib\site-packages\starlette\_exception_handler.py", line 53, in wrapped_app
    raise exc
  File "E:\atc\venv\Lib\site-packages\starlette\_exception_handler.py", line 42, in wrapped_app
    await app(scope, receive, sender)
  File "E:\atc\venv\Lib\site-packages\fastapi\middleware\asyncexitstack.py", line 18, in __call__
    await self.app(scope, receive, send)
  File "E:\atc\venv\Lib\site-packages\starlette\routing.py", line 660, in __call__
    await self.middleware_stack(scope, receive, send)
  File "E:\atc\venv\Lib\site-packages\starlette\routing.py", line 680, in app
    await route.handle(scope, receive, send)
  File "E:\atc\venv\Lib\site-packages\starlette\routing.py", line 276, in handle
    await self.app(scope, receive, send)
  File "E:\atc\venv\Lib\site-packages\fastapi\routing.py", line 134, in app
    await wrap_app_handling_exceptions(app, request)(scope, receive, send)
  File "E:\atc\venv\Lib\site-packages\starlette\_exception_handler.py", line 53, in wrapped_app
    raise exc
  File "E:\atc\venv\Lib\site-packages\starlette\_exception_handler.py", line 42, in wrapped_app
    await app(scope, receive, sender)
  File "E:\atc\venv\Lib\site-packages\fastapi\routing.py", line 120, in app
    response = await f(request)
               ^^^^^^^^^^^^^^^^
  File "E:\atc\venv\Lib\site-packages\fastapi\routing.py", line 674, in app
    raw_response = await run_endpoint_function(
                   ^^^^^^^^^^^^^^^^^^^^^^^^^^^^
    ...<3 lines>...
    )
    ^
  File "E:\atc\venv\Lib\site-packages\fastapi\routing.py", line 330, in run_endpoint_function
    return await run_in_threadpool(dependant.call, **values)
           ^^^^^^^^^^^^^^^^^^^^^^^^^^^^^^^^^^^^^^^^^^^^^^^^^
  File "E:\atc\venv\Lib\site-packages\starlette\concurrency.py", line 32, in run_in_threadpool
    return await anyio.to_thread.run_sync(func)
           ^^^^^^^^^^^^^^^^^^^^^^^^^^^^^^^^^^^^
  File "E:\atc\venv\Lib\site-packages\anyio\to_thread.py", line 63, in run_sync
    return await get_async_backend().run_sync_in_worker_thread(
           ^^^^^^^^^^^^^^^^^^^^^^^^^^^^^^^^^^^^^^^^^^^^^^^^^^^^
        func, args, abandon_on_cancel=abandon_on_cancel, limiter=limiter
        ^^^^^^^^^^^^^^^^^^^^^^^^^^^^^^^^^^^^^^^^^^^^^^^^^^^^^^^^^^^^^^^^
    )
    ^
  File "E:\atc\venv\Lib\site-packages\anyio\_backends\_asyncio.py", line 2518, in run_sync_in_worker_thread
    return await future
           ^^^^^^^^^^^^
  File "E:\atc\venv\Lib\site-packages\anyio\_backends\_asyncio.py", line 1002, in run
    result = context.run(func, *args)
  File "E:\atc\backend\main.py", line 1022, in update_company_settings
    profile.payment_methods_json = serialize_charge_items(value or [])
                                   ~~~~~~~~~~~~~~~~~~~~~~^^^^^^^^^^^^^
  File "E:\atc\backend\main.py", line 211, in serialize_charge_items
    return json.dumps([item.model_dump() if hasattr(item, "model_dump") else item.dict() for item in items], ensure_ascii=False)
                                                                             ^^^^^^^^^
AttributeError: 'dict' object has no attribute 'dict'
2026-04-20 22:06:50,057 [ERROR] pos-api: Global error on /api/settings/company: 'dict' object has no attribute 'dict'
Traceback (most recent call last):
  File "E:\atc\venv\Lib\site-packages\starlette\middleware\errors.py", line 164, in __call__
    await self.app(scope, receive, _send)
  File "E:\atc\venv\Lib\site-packages\starlette\middleware\cors.py", line 96, in __call__
    await self.simple_response(scope, receive, send, request_headers=headers)
  File "E:\atc\venv\Lib\site-packages\starlette\middleware\cors.py", line 154, in simple_response
    await self.app(scope, receive, send)
  File "E:\atc\venv\Lib\site-packages\starlette\middleware\exceptions.py", line 63, in __call__
    await wrap_app_handling_exceptions(self.app, conn)(scope, receive, send)
  File "E:\atc\venv\Lib\site-packages\starlette\_exception_handler.py", line 53, in wrapped_app
    raise exc
  File "E:\atc\venv\Lib\site-packages\starlette\_exception_handler.py", line 42, in wrapped_app
    await app(scope, receive, sender)
  File "E:\atc\venv\Lib\site-packages\fastapi\middleware\asyncexitstack.py", line 18, in __call__
    await self.app(scope, receive, send)
  File "E:\atc\venv\Lib\site-packages\starlette\routing.py", line 660, in __call__
    await self.middleware_stack(scope, receive, send)
  File "E:\atc\venv\Lib\site-packages\starlette\routing.py", line 680, in app
    await route.handle(scope, receive, send)
  File "E:\atc\venv\Lib\site-packages\starlette\routing.py", line 276, in handle
    await self.app(scope, receive, send)
  File "E:\atc\venv\Lib\site-packages\fastapi\routing.py", line 134, in app
    await wrap_app_handling_exceptions(app, request)(scope, receive, send)
  File "E:\atc\venv\Lib\site-packages\starlette\_exception_handler.py", line 53, in wrapped_app
    raise exc
  File "E:\atc\venv\Lib\site-packages\starlette\_exception_handler.py", line 42, in wrapped_app
    await app(scope, receive, sender)
  File "E:\atc\venv\Lib\site-packages\fastapi\routing.py", line 120, in app
    response = await f(request)
               ^^^^^^^^^^^^^^^^
  File "E:\atc\venv\Lib\site-packages\fastapi\routing.py", line 674, in app
    raw_response = await run_endpoint_function(
                   ^^^^^^^^^^^^^^^^^^^^^^^^^^^^
    ...<3 lines>...
    )
    ^
  File "E:\atc\venv\Lib\site-packages\fastapi\routing.py", line 330, in run_endpoint_function
    return await run_in_threadpool(dependant.call, **values)
           ^^^^^^^^^^^^^^^^^^^^^^^^^^^^^^^^^^^^^^^^^^^^^^^^^
  File "E:\atc\venv\Lib\site-packages\starlette\concurrency.py", line 32, in run_in_threadpool
    return await anyio.to_thread.run_sync(func)
           ^^^^^^^^^^^^^^^^^^^^^^^^^^^^^^^^^^^^
  File "E:\atc\venv\Lib\site-packages\anyio\to_thread.py", line 63, in run_sync
    return await get_async_backend().run_sync_in_worker_thread(
           ^^^^^^^^^^^^^^^^^^^^^^^^^^^^^^^^^^^^^^^^^^^^^^^^^^^^
        func, args, abandon_on_cancel=abandon_on_cancel, limiter=limiter
        ^^^^^^^^^^^^^^^^^^^^^^^^^^^^^^^^^^^^^^^^^^^^^^^^^^^^^^^^^^^^^^^^
    )
    ^
  File "E:\atc\venv\Lib\site-packages\anyio\_backends\_asyncio.py", line 2518, in run_sync_in_worker_thread
    return await future
           ^^^^^^^^^^^^
  File "E:\atc\venv\Lib\site-packages\anyio\_backends\_asyncio.py", line 1002, in run
    result = context.run(func, *args)
  File "E:\atc\backend\main.py", line 1022, in update_company_settings
    profile.payment_methods_json = serialize_charge_items(value or [])
                                   ~~~~~~~~~~~~~~~~~~~~~~^^^^^^^^^^^^^
  File "E:\atc\backend\main.py", line 211, in serialize_charge_items
    return json.dumps([item.model_dump() if hasattr(item, "model_dump") else item.dict() for item in items], ensure_ascii=False)
                                                                             ^^^^^^^^^
AttributeError: 'dict' object has no attribute 'dict'
2026-04-20 22:22:24,719 [INFO] pos-api: User logged in: owner (Role: Admin)
2026-04-22 15:38:43,723 [WARNING] pos-api: Failed login attempt for user: owner
2026-04-22 15:38:59,539 [WARNING] pos-api: Failed login attempt for user: owner
2026-04-22 15:39:00,963 [WARNING] pos-api: Failed login attempt for user: owner
2026-04-22 15:39:01,603 [WARNING] pos-api: Failed login attempt for user: owner
2026-04-22 15:39:02,108 [WARNING] pos-api: Failed login attempt for user: owner
2026-04-22 15:39:02,691 [WARNING] pos-api: Failed login attempt for user: owner
2026-04-22 15:39:03,267 [WARNING] pos-api: Failed login attempt for user: owner
2026-04-22 15:39:08,187 [WARNING] pos-api: Failed login attempt for user: Shishir
2026-04-22 15:39:08,763 [WARNING] pos-api: Failed login attempt for user: Shishir
2026-04-22 16:14:50,215 [WARNING] pos-api: Failed login attempt for user: owner
2026-04-22 16:14:53,298 [WARNING] pos-api: Failed login attempt for user: owner
2026-04-22 16:15:07,538 [WARNING] pos-api: Failed login attempt for user: owner
2026-04-22 16:20:24,566 [INFO] pos-api: User logged in: owner (Role: Admin)
2026-04-22 16:41:07,179 [ERROR] asyncio: Exception in callback _ProactorBasePipeTransport._call_connection_lost()
handle: <Handle _ProactorBasePipeTransport._call_connection_lost()>
Traceback (most recent call last):
  File "C:\Program Files\WindowsApps\PythonSoftwareFoundation.Python.3.13_3.13.3568.0_x64__qbz5n2kfra8p0\Lib\asyncio\events.py", line 89, in _run
    self._context.run(self._callback, *self._args)
    ~~~~~~~~~~~~~~~~~^^^^^^^^^^^^^^^^^^^^^^^^^^^^^
  File "C:\Program Files\WindowsApps\PythonSoftwareFoundation.Python.3.13_3.13.3568.0_x64__qbz5n2kfra8p0\Lib\asyncio\proactor_events.py", line 165, in _call_connection_lost
    self._sock.shutdown(socket.SHUT_RDWR)
    ~~~~~~~~~~~~~~~~~~~^^^^^^^^^^^^^^^^^^
ConnectionResetError: [WinError 10054] An existing connection was forcibly closed by the remote host
2026-04-23 22:31:18,061 [INFO] pos-api: User logged in: owner (Role: Admin)
2026-04-23 22:33:07,353 [ERROR] pos-api: Global error on /api/settings/company: 'dict' object has no attribute 'dict'
Traceback (most recent call last):
  File "E:\atc\venv\Lib\site-packages\starlette\middleware\errors.py", line 164, in __call__
    await self.app(scope, receive, _send)
  File "E:\atc\venv\Lib\site-packages\starlette\middleware\cors.py", line 96, in __call__
    await self.simple_response(scope, receive, send, request_headers=headers)
  File "E:\atc\venv\Lib\site-packages\starlette\middleware\cors.py", line 154, in simple_response
    await self.app(scope, receive, send)
  File "E:\atc\venv\Lib\site-packages\starlette\middleware\exceptions.py", line 63, in __call__
    await wrap_app_handling_exceptions(self.app, conn)(scope, receive, send)
  File "E:\atc\venv\Lib\site-packages\starlette\_exception_handler.py", line 53, in wrapped_app
    raise exc
  File "E:\atc\venv\Lib\site-packages\starlette\_exception_handler.py", line 42, in wrapped_app
    await app(scope, receive, sender)
  File "E:\atc\venv\Lib\site-packages\fastapi\middleware\asyncexitstack.py", line 18, in __call__
    await self.app(scope, receive, send)
  File "E:\atc\venv\Lib\site-packages\starlette\routing.py", line 660, in __call__
    await self.middleware_stack(scope, receive, send)
  File "E:\atc\venv\Lib\site-packages\starlette\routing.py", line 680, in app
    await route.handle(scope, receive, send)
  File "E:\atc\venv\Lib\site-packages\starlette\routing.py", line 276, in handle
    await self.app(scope, receive, send)
  File "E:\atc\venv\Lib\site-packages\fastapi\routing.py", line 134, in app
    await wrap_app_handling_exceptions(app, request)(scope, receive, send)
  File "E:\atc\venv\Lib\site-packages\starlette\_exception_handler.py", line 53, in wrapped_app
    raise exc
  File "E:\atc\venv\Lib\site-packages\starlette\_exception_handler.py", line 42, in wrapped_app
    await app(scope, receive, sender)
  File "E:\atc\venv\Lib\site-packages\fastapi\routing.py", line 120, in app
    response = await f(request)
               ^^^^^^^^^^^^^^^^
  File "E:\atc\venv\Lib\site-packages\fastapi\routing.py", line 674, in app
    raw_response = await run_endpoint_function(
                   ^^^^^^^^^^^^^^^^^^^^^^^^^^^^
    ...<3 lines>...
    )
    ^
  File "E:\atc\venv\Lib\site-packages\fastapi\routing.py", line 330, in run_endpoint_function
    return await run_in_threadpool(dependant.call, **values)
           ^^^^^^^^^^^^^^^^^^^^^^^^^^^^^^^^^^^^^^^^^^^^^^^^^
  File "E:\atc\venv\Lib\site-packages\starlette\concurrency.py", line 32, in run_in_threadpool
    return await anyio.to_thread.run_sync(func)
           ^^^^^^^^^^^^^^^^^^^^^^^^^^^^^^^^^^^^
  File "E:\atc\venv\Lib\site-packages\anyio\to_thread.py", line 63, in run_sync
    return await get_async_backend().run_sync_in_worker_thread(
           ^^^^^^^^^^^^^^^^^^^^^^^^^^^^^^^^^^^^^^^^^^^^^^^^^^^^
        func, args, abandon_on_cancel=abandon_on_cancel, limiter=limiter
        ^^^^^^^^^^^^^^^^^^^^^^^^^^^^^^^^^^^^^^^^^^^^^^^^^^^^^^^^^^^^^^^^
    )
    ^
  File "E:\atc\venv\Lib\site-packages\anyio\_backends\_asyncio.py", line 2518, in run_sync_in_worker_thread
    return await future
           ^^^^^^^^^^^^
  File "E:\atc\venv\Lib\site-packages\anyio\_backends\_asyncio.py", line 1002, in run
    result = context.run(func, *args)
  File "E:\atc\backend\main.py", line 2228, in update_company_settings
    profile.payment_methods_json = serialize_charge_items(value or [])
                                   ~~~~~~~~~~~~~~~~~~~~~~^^^^^^^^^^^^^
  File "E:\atc\backend\main.py", line 669, in serialize_charge_items
    return json.dumps([item.model_dump() if hasattr(item, "model_dump") else item.dict() for item in items], ensure_ascii=False)
                                                                             ^^^^^^^^^
AttributeError: 'dict' object has no attribute 'dict'
2026-04-23 22:33:07,430 [ERROR] pos-api: Global error on /api/settings/company: 'dict' object has no attribute 'dict'
Traceback (most recent call last):
  File "E:\atc\venv\Lib\site-packages\starlette\middleware\errors.py", line 164, in __call__
    await self.app(scope, receive, _send)
  File "E:\atc\venv\Lib\site-packages\starlette\middleware\cors.py", line 96, in __call__
    await self.simple_response(scope, receive, send, request_headers=headers)
  File "E:\atc\venv\Lib\site-packages\starlette\middleware\cors.py", line 154, in simple_response
    await self.app(scope, receive, send)
  File "E:\atc\venv\Lib\site-packages\starlette\middleware\exceptions.py", line 63, in __call__
    await wrap_app_handling_exceptions(self.app, conn)(scope, receive, send)
  File "E:\atc\venv\Lib\site-packages\starlette\_exception_handler.py", line 53, in wrapped_app
    raise exc
  File "E:\atc\venv\Lib\site-packages\starlette\_exception_handler.py", line 42, in wrapped_app
    await app(scope, receive, sender)
  File "E:\atc\venv\Lib\site-packages\fastapi\middleware\asyncexitstack.py", line 18, in __call__
    await self.app(scope, receive, send)
  File "E:\atc\venv\Lib\site-packages\starlette\routing.py", line 660, in __call__
    await self.middleware_stack(scope, receive, send)
  File "E:\atc\venv\Lib\site-packages\starlette\routing.py", line 680, in app
    await route.handle(scope, receive, send)
  File "E:\atc\venv\Lib\site-packages\starlette\routing.py", line 276, in handle
    await self.app(scope, receive, send)
  File "E:\atc\venv\Lib\site-packages\fastapi\routing.py", line 134, in app
    await wrap_app_handling_exceptions(app, request)(scope, receive, send)
  File "E:\atc\venv\Lib\site-packages\starlette\_exception_handler.py", line 53, in wrapped_app
    raise exc
  File "E:\atc\venv\Lib\site-packages\starlette\_exception_handler.py", line 42, in wrapped_app
    await app(scope, receive, sender)
  File "E:\atc\venv\Lib\site-packages\fastapi\routing.py", line 120, in app
    response = await f(request)
               ^^^^^^^^^^^^^^^^
  File "E:\atc\venv\Lib\site-packages\fastapi\routing.py", line 674, in app
    raw_response = await run_endpoint_function(
                   ^^^^^^^^^^^^^^^^^^^^^^^^^^^^
    ...<3 lines>...
    )
    ^
  File "E:\atc\venv\Lib\site-packages\fastapi\routing.py", line 330, in run_endpoint_function
    return await run_in_threadpool(dependant.call, **values)
           ^^^^^^^^^^^^^^^^^^^^^^^^^^^^^^^^^^^^^^^^^^^^^^^^^
  File "E:\atc\venv\Lib\site-packages\starlette\concurrency.py", line 32, in run_in_threadpool
    return await anyio.to_thread.run_sync(func)
           ^^^^^^^^^^^^^^^^^^^^^^^^^^^^^^^^^^^^
  File "E:\atc\venv\Lib\site-packages\anyio\to_thread.py", line 63, in run_sync
    return await get_async_backend().run_sync_in_worker_thread(
           ^^^^^^^^^^^^^^^^^^^^^^^^^^^^^^^^^^^^^^^^^^^^^^^^^^^^
        func, args, abandon_on_cancel=abandon_on_cancel, limiter=limiter
        ^^^^^^^^^^^^^^^^^^^^^^^^^^^^^^^^^^^^^^^^^^^^^^^^^^^^^^^^^^^^^^^^
    )
    ^
  File "E:\atc\venv\Lib\site-packages\anyio\_backends\_asyncio.py", line 2518, in run_sync_in_worker_thread
    return await future
           ^^^^^^^^^^^^
  File "E:\atc\venv\Lib\site-packages\anyio\_backends\_asyncio.py", line 1002, in run
    result = context.run(func, *args)
  File "E:\atc\backend\main.py", line 2228, in update_company_settings
    profile.payment_methods_json = serialize_charge_items(value or [])
                                   ~~~~~~~~~~~~~~~~~~~~~~^^^^^^^^^^^^^
  File "E:\atc\backend\main.py", line 669, in serialize_charge_items
    return json.dumps([item.model_dump() if hasattr(item, "model_dump") else item.dict() for item in items], ensure_ascii=False)
                                                                             ^^^^^^^^^
AttributeError: 'dict' object has no attribute 'dict'
2026-04-23 22:35:48,850 [ERROR] asyncio: Exception in callback _ProactorBasePipeTransport._call_connection_lost()
handle: <Handle _ProactorBasePipeTransport._call_connection_lost()>
Traceback (most recent call last):
  File "C:\Program Files\WindowsApps\PythonSoftwareFoundation.Python.3.13_3.13.3568.0_x64__qbz5n2kfra8p0\Lib\asyncio\events.py", line 89, in _run
    self._context.run(self._callback, *self._args)
    ~~~~~~~~~~~~~~~~~^^^^^^^^^^^^^^^^^^^^^^^^^^^^^
  File "C:\Program Files\WindowsApps\PythonSoftwareFoundation.Python.3.13_3.13.3568.0_x64__qbz5n2kfra8p0\Lib\asyncio\proactor_events.py", line 165, in _call_connection_lost
    self._sock.shutdown(socket.SHUT_RDWR)
    ~~~~~~~~~~~~~~~~~~~^^^^^^^^^^^^^^^^^^
ConnectionResetError: [WinError 10054] An existing connection was forcibly closed by the remote host
2026-04-23 22:36:33,184 [ERROR] asyncio: Exception in callback _ProactorBasePipeTransport._call_connection_lost()
handle: <Handle _ProactorBasePipeTransport._call_connection_lost()>
Traceback (most recent call last):
  File "C:\Program Files\WindowsApps\PythonSoftwareFoundation.Python.3.13_3.13.3568.0_x64__qbz5n2kfra8p0\Lib\asyncio\events.py", line 89, in _run
    self._context.run(self._callback, *self._args)
    ~~~~~~~~~~~~~~~~~^^^^^^^^^^^^^^^^^^^^^^^^^^^^^
  File "C:\Program Files\WindowsApps\PythonSoftwareFoundation.Python.3.13_3.13.3568.0_x64__qbz5n2kfra8p0\Lib\asyncio\proactor_events.py", line 165, in _call_connection_lost
    self._sock.shutdown(socket.SHUT_RDWR)
    ~~~~~~~~~~~~~~~~~~~^^^^^^^^^^^^^^^^^^
ConnectionResetError: [WinError 10054] An existing connection was forcibly closed by the remote host
2026-04-23 23:02:46,572 [ERROR] pos-api: Global error on /api/admin/users/4: (sqlite3.IntegrityError) FOREIGN KEY constraint failed
[SQL: DELETE FROM users WHERE users.id = ?]
[parameters: (4,)]
(Background on this error at: https://sqlalche.me/e/20/gkpj)
Traceback (most recent call last):
  File "E:\atc\venv\Lib\site-packages\sqlalchemy\engine\base.py", line 1967, in _exec_single_context
    self.dialect.do_execute(
    ~~~~~~~~~~~~~~~~~~~~~~~^
        cursor, str_statement, effective_parameters, context
        ^^^^^^^^^^^^^^^^^^^^^^^^^^^^^^^^^^^^^^^^^^^^^^^^^^^^
    )
    ^
  File "E:\atc\venv\Lib\site-packages\sqlalchemy\engine\default.py", line 952, in do_execute
    cursor.execute(statement, parameters)
    ~~~~~~~~~~~~~~^^^^^^^^^^^^^^^^^^^^^^^
sqlite3.IntegrityError: FOREIGN KEY constraint failed

The above exception was the direct cause of the following exception:

Traceback (most recent call last):
  File "E:\atc\venv\Lib\site-packages\starlette\middleware\errors.py", line 164, in __call__
    await self.app(scope, receive, _send)
  File "E:\atc\venv\Lib\site-packages\starlette\middleware\cors.py", line 96, in __call__
    await self.simple_response(scope, receive, send, request_headers=headers)
  File "E:\atc\venv\Lib\site-packages\starlette\middleware\cors.py", line 154, in simple_response
    await self.app(scope, receive, send)
  File "E:\atc\venv\Lib\site-packages\starlette\middleware\exceptions.py", line 63, in __call__
    await wrap_app_handling_exceptions(self.app, conn)(scope, receive, send)
  File "E:\atc\venv\Lib\site-packages\starlette\_exception_handler.py", line 53, in wrapped_app
    raise exc
  File "E:\atc\venv\Lib\site-packages\starlette\_exception_handler.py", line 42, in wrapped_app
    await app(scope, receive, sender)
  File "E:\atc\venv\Lib\site-packages\fastapi\middleware\asyncexitstack.py", line 18, in __call__
    await self.app(scope, receive, send)
  File "E:\atc\venv\Lib\site-packages\starlette\routing.py", line 660, in __call__
    await self.middleware_stack(scope, receive, send)
  File "E:\atc\venv\Lib\site-packages\starlette\routing.py", line 680, in app
    await route.handle(scope, receive, send)
  File "E:\atc\venv\Lib\site-packages\starlette\routing.py", line 276, in handle
    await self.app(scope, receive, send)
  File "E:\atc\venv\Lib\site-packages\fastapi\routing.py", line 134, in app
    await wrap_app_handling_exceptions(app, request)(scope, receive, send)
  File "E:\atc\venv\Lib\site-packages\starlette\_exception_handler.py", line 53, in wrapped_app
    raise exc
  File "E:\atc\venv\Lib\site-packages\starlette\_exception_handler.py", line 42, in wrapped_app
    await app(scope, receive, sender)
  File "E:\atc\venv\Lib\site-packages\fastapi\routing.py", line 120, in app
    response = await f(request)
               ^^^^^^^^^^^^^^^^
  File "E:\atc\venv\Lib\site-packages\fastapi\routing.py", line 674, in app
    raw_response = await run_endpoint_function(
                   ^^^^^^^^^^^^^^^^^^^^^^^^^^^^
    ...<3 lines>...
    )
    ^
  File "E:\atc\venv\Lib\site-packages\fastapi\routing.py", line 330, in run_endpoint_function
    return await run_in_threadpool(dependant.call, **values)
           ^^^^^^^^^^^^^^^^^^^^^^^^^^^^^^^^^^^^^^^^^^^^^^^^^
  File "E:\atc\venv\Lib\site-packages\starlette\concurrency.py", line 32, in run_in_threadpool
    return await anyio.to_thread.run_sync(func)
           ^^^^^^^^^^^^^^^^^^^^^^^^^^^^^^^^^^^^
  File "E:\atc\venv\Lib\site-packages\anyio\to_thread.py", line 63, in run_sync
    return await get_async_backend().run_sync_in_worker_thread(
           ^^^^^^^^^^^^^^^^^^^^^^^^^^^^^^^^^^^^^^^^^^^^^^^^^^^^
        func, args, abandon_on_cancel=abandon_on_cancel, limiter=limiter
        ^^^^^^^^^^^^^^^^^^^^^^^^^^^^^^^^^^^^^^^^^^^^^^^^^^^^^^^^^^^^^^^^
    )
    ^
  File "E:\atc\venv\Lib\site-packages\anyio\_backends\_asyncio.py", line 2518, in run_sync_in_worker_thread
    return await future
           ^^^^^^^^^^^^
  File "E:\atc\venv\Lib\site-packages\anyio\_backends\_asyncio.py", line 1002, in run
    result = context.run(func, *args)
  File "E:\atc\backend\main.py", line 2726, in delete_user
    db.commit()
    ~~~~~~~~~^^
  File "E:\atc\venv\Lib\site-packages\sqlalchemy\orm\session.py", line 2030, in commit
    trans.commit(_to_root=True)
    ~~~~~~~~~~~~^^^^^^^^^^^^^^^
  File "<string>", line 2, in commit
  File "E:\atc\venv\Lib\site-packages\sqlalchemy\orm\state_changes.py", line 137, in _go
    ret_value = fn(self, *arg, **kw)
  File "E:\atc\venv\Lib\site-packages\sqlalchemy\orm\session.py", line 1311, in commit
    self._prepare_impl()
    ~~~~~~~~~~~~~~~~~~^^
  File "<string>", line 2, in _prepare_impl
  File "E:\atc\venv\Lib\site-packages\sqlalchemy\orm\state_changes.py", line 137, in _go
    ret_value = fn(self, *arg, **kw)
  File "E:\atc\venv\Lib\site-packages\sqlalchemy\orm\session.py", line 1286, in _prepare_impl
    self.session.flush()
    ~~~~~~~~~~~~~~~~~~^^
  File "E:\atc\venv\Lib\site-packages\sqlalchemy\orm\session.py", line 4331, in flush
    self._flush(objects)
    ~~~~~~~~~~~^^^^^^^^^
  File "E:\atc\venv\Lib\site-packages\sqlalchemy\orm\session.py", line 4466, in _flush
    with util.safe_reraise():
         ~~~~~~~~~~~~~~~~~^^
  File "E:\atc\venv\Lib\site-packages\sqlalchemy\util\langhelpers.py", line 121, in __exit__
    raise exc_value.with_traceback(exc_tb)
  File "E:\atc\venv\Lib\site-packages\sqlalchemy\orm\session.py", line 4427, in _flush
    flush_context.execute()
    ~~~~~~~~~~~~~~~~~~~~~^^
  File "E:\atc\venv\Lib\site-packages\sqlalchemy\orm\unitofwork.py", line 466, in execute
    rec.execute(self)
    ~~~~~~~~~~~^^^^^^
  File "E:\atc\venv\Lib\site-packages\sqlalchemy\orm\unitofwork.py", line 679, in execute
    util.preloaded.orm_persistence.delete_obj(
    ~~~~~~~~~~~~~~~~~~~~~~~~~~~~~~~~~~~~~~~~~^
        self.mapper,
        ^^^^^^^^^^^^
        uow.states_for_mapper_hierarchy(self.mapper, True, False),
        ^^^^^^^^^^^^^^^^^^^^^^^^^^^^^^^^^^^^^^^^^^^^^^^^^^^^^^^^^^
        uow,
        ^^^^
    )
    ^
  File "E:\atc\venv\Lib\site-packages\sqlalchemy\orm\persistence.py", line 193, in delete_obj
    _emit_delete_statements(
    ~~~~~~~~~~~~~~~~~~~~~~~^
        base_mapper,
        ^^^^^^^^^^^^
    ...<3 lines>...
        delete,
        ^^^^^^^
    )
    ^
  File "E:\atc\venv\Lib\site-packages\sqlalchemy\orm\persistence.py", line 1471, in _emit_delete_statements
    c = connection.execute(
        statement, del_objects, execution_options=execution_options
    )
  File "E:\atc\venv\Lib\site-packages\sqlalchemy\engine\base.py", line 1419, in execute
    return meth(
        self,
        distilled_parameters,
        execution_options or NO_OPTIONS,
    )
  File "E:\atc\venv\Lib\site-packages\sqlalchemy\sql\elements.py", line 527, in _execute_on_connection
    return connection._execute_clauseelement(
           ~~~~~~~~~~~~~~~~~~~~~~~~~~~~~~~~~^
        self, distilled_params, execution_options
        ^^^^^^^^^^^^^^^^^^^^^^^^^^^^^^^^^^^^^^^^^
    )
    ^
  File "E:\atc\venv\Lib\site-packages\sqlalchemy\engine\base.py", line 1641, in _execute_clauseelement
    ret = self._execute_context(
        dialect,
    ...<8 lines>...
        cache_hit=cache_hit,
    )
  File "E:\atc\venv\Lib\site-packages\sqlalchemy\engine\base.py", line 1846, in _execute_context
    return self._exec_single_context(
           ~~~~~~~~~~~~~~~~~~~~~~~~~^
        dialect, context, statement, parameters
        ^^^^^^^^^^^^^^^^^^^^^^^^^^^^^^^^^^^^^^^
    )
    ^
  File "E:\atc\venv\Lib\site-packages\sqlalchemy\engine\base.py", line 1986, in _exec_single_context
    self._handle_dbapi_exception(
    ~~~~~~~~~~~~~~~~~~~~~~~~~~~~^
        e, str_statement, effective_parameters, cursor, context
        ^^^^^^^^^^^^^^^^^^^^^^^^^^^^^^^^^^^^^^^^^^^^^^^^^^^^^^^
    )
    ^
  File "E:\atc\venv\Lib\site-packages\sqlalchemy\engine\base.py", line 2363, in _handle_dbapi_exception
    raise sqlalchemy_exception.with_traceback(exc_info[2]) from e
  File "E:\atc\venv\Lib\site-packages\sqlalchemy\engine\base.py", line 1967, in _exec_single_context
    self.dialect.do_execute(
    ~~~~~~~~~~~~~~~~~~~~~~~^
        cursor, str_statement, effective_parameters, context
        ^^^^^^^^^^^^^^^^^^^^^^^^^^^^^^^^^^^^^^^^^^^^^^^^^^^^
    )
    ^
  File "E:\atc\venv\Lib\site-packages\sqlalchemy\engine\default.py", line 952, in do_execute
    cursor.execute(statement, parameters)
    ~~~~~~~~~~~~~~^^^^^^^^^^^^^^^^^^^^^^^
sqlalchemy.exc.IntegrityError: (sqlite3.IntegrityError) FOREIGN KEY constraint failed
[SQL: DELETE FROM users WHERE users.id = ?]
[parameters: (4,)]
(Background on this error at: https://sqlalche.me/e/20/gkpj)
2026-04-23 23:02:46,664 [ERROR] pos-api: Global error on /api/admin/users/4: (sqlite3.IntegrityError) FOREIGN KEY constraint failed
[SQL: DELETE FROM users WHERE users.id = ?]
[parameters: (4,)]
(Background on this error at: https://sqlalche.me/e/20/gkpj)
Traceback (most recent call last):
  File "E:\atc\venv\Lib\site-packages\sqlalchemy\engine\base.py", line 1967, in _exec_single_context
    self.dialect.do_execute(
    ~~~~~~~~~~~~~~~~~~~~~~~^
        cursor, str_statement, effective_parameters, context
        ^^^^^^^^^^^^^^^^^^^^^^^^^^^^^^^^^^^^^^^^^^^^^^^^^^^^
    )
    ^
  File "E:\atc\venv\Lib\site-packages\sqlalchemy\engine\default.py", line 952, in do_execute
    cursor.execute(statement, parameters)
    ~~~~~~~~~~~~~~^^^^^^^^^^^^^^^^^^^^^^^
sqlite3.IntegrityError: FOREIGN KEY constraint failed

The above exception was the direct cause of the following exception:

Traceback (most recent call last):
  File "E:\atc\venv\Lib\site-packages\starlette\middleware\errors.py", line 164, in __call__
    await self.app(scope, receive, _send)
  File "E:\atc\venv\Lib\site-packages\starlette\middleware\cors.py", line 96, in __call__
    await self.simple_response(scope, receive, send, request_headers=headers)
  File "E:\atc\venv\Lib\site-packages\starlette\middleware\cors.py", line 154, in simple_response
    await self.app(scope, receive, send)
  File "E:\atc\venv\Lib\site-packages\starlette\middleware\exceptions.py", line 63, in __call__
    await wrap_app_handling_exceptions(self.app, conn)(scope, receive, send)
  File "E:\atc\venv\Lib\site-packages\starlette\_exception_handler.py", line 53, in wrapped_app
    raise exc
  File "E:\atc\venv\Lib\site-packages\starlette\_exception_handler.py", line 42, in wrapped_app
    await app(scope, receive, sender)
  File "E:\atc\venv\Lib\site-packages\fastapi\middleware\asyncexitstack.py", line 18, in __call__
    await self.app(scope, receive, send)
  File "E:\atc\venv\Lib\site-packages\starlette\routing.py", line 660, in __call__
    await self.middleware_stack(scope, receive, send)
  File "E:\atc\venv\Lib\site-packages\starlette\routing.py", line 680, in app
    await route.handle(scope, receive, send)
  File "E:\atc\venv\Lib\site-packages\starlette\routing.py", line 276, in handle
    await self.app(scope, receive, send)
  File "E:\atc\venv\Lib\site-packages\fastapi\routing.py", line 134, in app
    await wrap_app_handling_exceptions(app, request)(scope, receive, send)
  File "E:\atc\venv\Lib\site-packages\starlette\_exception_handler.py", line 53, in wrapped_app
    raise exc
  File "E:\atc\venv\Lib\site-packages\starlette\_exception_handler.py", line 42, in wrapped_app
    await app(scope, receive, sender)
  File "E:\atc\venv\Lib\site-packages\fastapi\routing.py", line 120, in app
    response = await f(request)
               ^^^^^^^^^^^^^^^^
  File "E:\atc\venv\Lib\site-packages\fastapi\routing.py", line 674, in app
    raw_response = await run_endpoint_function(
                   ^^^^^^^^^^^^^^^^^^^^^^^^^^^^
    ...<3 lines>...
    )
    ^
  File "E:\atc\venv\Lib\site-packages\fastapi\routing.py", line 330, in run_endpoint_function
    return await run_in_threadpool(dependant.call, **values)
           ^^^^^^^^^^^^^^^^^^^^^^^^^^^^^^^^^^^^^^^^^^^^^^^^^
  File "E:\atc\venv\Lib\site-packages\starlette\concurrency.py", line 32, in run_in_threadpool
    return await anyio.to_thread.run_sync(func)
           ^^^^^^^^^^^^^^^^^^^^^^^^^^^^^^^^^^^^
  File "E:\atc\venv\Lib\site-packages\anyio\to_thread.py", line 63, in run_sync
    return await get_async_backend().run_sync_in_worker_thread(
           ^^^^^^^^^^^^^^^^^^^^^^^^^^^^^^^^^^^^^^^^^^^^^^^^^^^^
        func, args, abandon_on_cancel=abandon_on_cancel, limiter=limiter
        ^^^^^^^^^^^^^^^^^^^^^^^^^^^^^^^^^^^^^^^^^^^^^^^^^^^^^^^^^^^^^^^^
    )
    ^
  File "E:\atc\venv\Lib\site-packages\anyio\_backends\_asyncio.py", line 2518, in run_sync_in_worker_thread
    return await future
           ^^^^^^^^^^^^
  File "E:\atc\venv\Lib\site-packages\anyio\_backends\_asyncio.py", line 1002, in run
    result = context.run(func, *args)
  File "E:\atc\backend\main.py", line 2726, in delete_user
    db.commit()
    ~~~~~~~~~^^
  File "E:\atc\venv\Lib\site-packages\sqlalchemy\orm\session.py", line 2030, in commit
    trans.commit(_to_root=True)
    ~~~~~~~~~~~~^^^^^^^^^^^^^^^
  File "<string>", line 2, in commit
  File "E:\atc\venv\Lib\site-packages\sqlalchemy\orm\state_changes.py", line 137, in _go
    ret_value = fn(self, *arg, **kw)
  File "E:\atc\venv\Lib\site-packages\sqlalchemy\orm\session.py", line 1311, in commit
    self._prepare_impl()
    ~~~~~~~~~~~~~~~~~~^^
  File "<string>", line 2, in _prepare_impl
  File "E:\atc\venv\Lib\site-packages\sqlalchemy\orm\state_changes.py", line 137, in _go
    ret_value = fn(self, *arg, **kw)
  File "E:\atc\venv\Lib\site-packages\sqlalchemy\orm\session.py", line 1286, in _prepare_impl
    self.session.flush()
    ~~~~~~~~~~~~~~~~~~^^
  File "E:\atc\venv\Lib\site-packages\sqlalchemy\orm\session.py", line 4331, in flush
    self._flush(objects)
    ~~~~~~~~~~~^^^^^^^^^
  File "E:\atc\venv\Lib\site-packages\sqlalchemy\orm\session.py", line 4466, in _flush
    with util.safe_reraise():
         ~~~~~~~~~~~~~~~~~^^
  File "E:\atc\venv\Lib\site-packages\sqlalchemy\util\langhelpers.py", line 121, in __exit__
    raise exc_value.with_traceback(exc_tb)
  File "E:\atc\venv\Lib\site-packages\sqlalchemy\orm\session.py", line 4427, in _flush
    flush_context.execute()
    ~~~~~~~~~~~~~~~~~~~~~^^
  File "E:\atc\venv\Lib\site-packages\sqlalchemy\orm\unitofwork.py", line 466, in execute
    rec.execute(self)
    ~~~~~~~~~~~^^^^^^
  File "E:\atc\venv\Lib\site-packages\sqlalchemy\orm\unitofwork.py", line 679, in execute
    util.preloaded.orm_persistence.delete_obj(
    ~~~~~~~~~~~~~~~~~~~~~~~~~~~~~~~~~~~~~~~~~^
        self.mapper,
        ^^^^^^^^^^^^
        uow.states_for_mapper_hierarchy(self.mapper, True, False),
        ^^^^^^^^^^^^^^^^^^^^^^^^^^^^^^^^^^^^^^^^^^^^^^^^^^^^^^^^^^
        uow,
        ^^^^
    )
    ^
  File "E:\atc\venv\Lib\site-packages\sqlalchemy\orm\persistence.py", line 193, in delete_obj
    _emit_delete_statements(
    ~~~~~~~~~~~~~~~~~~~~~~~^
        base_mapper,
        ^^^^^^^^^^^^
    ...<3 lines>...
        delete,
        ^^^^^^^
    )
    ^
  File "E:\atc\venv\Lib\site-packages\sqlalchemy\orm\persistence.py", line 1471, in _emit_delete_statements
    c = connection.execute(
        statement, del_objects, execution_options=execution_options
    )
  File "E:\atc\venv\Lib\site-packages\sqlalchemy\engine\base.py", line 1419, in execute
    return meth(
        self,
        distilled_parameters,
        execution_options or NO_OPTIONS,
    )
  File "E:\atc\venv\Lib\site-packages\sqlalchemy\sql\elements.py", line 527, in _execute_on_connection
    return connection._execute_clauseelement(
           ~~~~~~~~~~~~~~~~~~~~~~~~~~~~~~~~~^
        self, distilled_params, execution_options
        ^^^^^^^^^^^^^^^^^^^^^^^^^^^^^^^^^^^^^^^^^
    )
    ^
  File "E:\atc\venv\Lib\site-packages\sqlalchemy\engine\base.py", line 1641, in _execute_clauseelement
    ret = self._execute_context(
        dialect,
    ...<8 lines>...
        cache_hit=cache_hit,
    )
  File "E:\atc\venv\Lib\site-packages\sqlalchemy\engine\base.py", line 1846, in _execute_context
    return self._exec_single_context(
           ~~~~~~~~~~~~~~~~~~~~~~~~~^
        dialect, context, statement, parameters
        ^^^^^^^^^^^^^^^^^^^^^^^^^^^^^^^^^^^^^^^
    )
    ^
  File "E:\atc\venv\Lib\site-packages\sqlalchemy\engine\base.py", line 1986, in _exec_single_context
    self._handle_dbapi_exception(
    ~~~~~~~~~~~~~~~~~~~~~~~~~~~~^
        e, str_statement, effective_parameters, cursor, context
        ^^^^^^^^^^^^^^^^^^^^^^^^^^^^^^^^^^^^^^^^^^^^^^^^^^^^^^^
    )
    ^
  File "E:\atc\venv\Lib\site-packages\sqlalchemy\engine\base.py", line 2363, in _handle_dbapi_exception
    raise sqlalchemy_exception.with_traceback(exc_info[2]) from e
  File "E:\atc\venv\Lib\site-packages\sqlalchemy\engine\base.py", line 1967, in _exec_single_context
    self.dialect.do_execute(
    ~~~~~~~~~~~~~~~~~~~~~~~^
        cursor, str_statement, effective_parameters, context
        ^^^^^^^^^^^^^^^^^^^^^^^^^^^^^^^^^^^^^^^^^^^^^^^^^^^^
    )
    ^
  File "E:\atc\venv\Lib\site-packages\sqlalchemy\engine\default.py", line 952, in do_execute
    cursor.execute(statement, parameters)
    ~~~~~~~~~~~~~~^^^^^^^^^^^^^^^^^^^^^^^
sqlalchemy.exc.IntegrityError: (sqlite3.IntegrityError) FOREIGN KEY constraint failed
[SQL: DELETE FROM users WHERE users.id = ?]
[parameters: (4,)]
(Background on this error at: https://sqlalche.me/e/20/gkpj)
2026-04-23 23:03:03,782 [ERROR] pos-api: Global error on /api/admin/users/4: (sqlite3.IntegrityError) FOREIGN KEY constraint failed
[SQL: DELETE FROM users WHERE users.id = ?]
[parameters: (4,)]
(Background on this error at: https://sqlalche.me/e/20/gkpj)
Traceback (most recent call last):
  File "E:\atc\venv\Lib\site-packages\sqlalchemy\engine\base.py", line 1967, in _exec_single_context
    self.dialect.do_execute(
    ~~~~~~~~~~~~~~~~~~~~~~~^
        cursor, str_statement, effective_parameters, context
        ^^^^^^^^^^^^^^^^^^^^^^^^^^^^^^^^^^^^^^^^^^^^^^^^^^^^
    )
    ^
  File "E:\atc\venv\Lib\site-packages\sqlalchemy\engine\default.py", line 952, in do_execute
    cursor.execute(statement, parameters)
    ~~~~~~~~~~~~~~^^^^^^^^^^^^^^^^^^^^^^^
sqlite3.IntegrityError: FOREIGN KEY constraint failed

The above exception was the direct cause of the following exception:

Traceback (most recent call last):
  File "E:\atc\venv\Lib\site-packages\starlette\middleware\errors.py", line 164, in __call__
    await self.app(scope, receive, _send)
  File "E:\atc\venv\Lib\site-packages\starlette\middleware\cors.py", line 96, in __call__
    await self.simple_response(scope, receive, send, request_headers=headers)
  File "E:\atc\venv\Lib\site-packages\starlette\middleware\cors.py", line 154, in simple_response
    await self.app(scope, receive, send)
  File "E:\atc\venv\Lib\site-packages\starlette\middleware\exceptions.py", line 63, in __call__
    await wrap_app_handling_exceptions(self.app, conn)(scope, receive, send)
  File "E:\atc\venv\Lib\site-packages\starlette\_exception_handler.py", line 53, in wrapped_app
    raise exc
  File "E:\atc\venv\Lib\site-packages\starlette\_exception_handler.py", line 42, in wrapped_app
    await app(scope, receive, sender)
  File "E:\atc\venv\Lib\site-packages\fastapi\middleware\asyncexitstack.py", line 18, in __call__
    await self.app(scope, receive, send)
  File "E:\atc\venv\Lib\site-packages\starlette\routing.py", line 660, in __call__
    await self.middleware_stack(scope, receive, send)
  File "E:\atc\venv\Lib\site-packages\starlette\routing.py", line 680, in app
    await route.handle(scope, receive, send)
  File "E:\atc\venv\Lib\site-packages\starlette\routing.py", line 276, in handle
    await self.app(scope, receive, send)
  File "E:\atc\venv\Lib\site-packages\fastapi\routing.py", line 134, in app
    await wrap_app_handling_exceptions(app, request)(scope, receive, send)
  File "E:\atc\venv\Lib\site-packages\starlette\_exception_handler.py", line 53, in wrapped_app
    raise exc
  File "E:\atc\venv\Lib\site-packages\starlette\_exception_handler.py", line 42, in wrapped_app
    await app(scope, receive, sender)
  File "E:\atc\venv\Lib\site-packages\fastapi\routing.py", line 120, in app
    response = await f(request)
               ^^^^^^^^^^^^^^^^
  File "E:\atc\venv\Lib\site-packages\fastapi\routing.py", line 674, in app
    raw_response = await run_endpoint_function(
                   ^^^^^^^^^^^^^^^^^^^^^^^^^^^^
    ...<3 lines>...
    )
    ^
  File "E:\atc\venv\Lib\site-packages\fastapi\routing.py", line 330, in run_endpoint_function
    return await run_in_threadpool(dependant.call, **values)
           ^^^^^^^^^^^^^^^^^^^^^^^^^^^^^^^^^^^^^^^^^^^^^^^^^
  File "E:\atc\venv\Lib\site-packages\starlette\concurrency.py", line 32, in run_in_threadpool
    return await anyio.to_thread.run_sync(func)
           ^^^^^^^^^^^^^^^^^^^^^^^^^^^^^^^^^^^^
  File "E:\atc\venv\Lib\site-packages\anyio\to_thread.py", line 63, in run_sync
    return await get_async_backend().run_sync_in_worker_thread(
           ^^^^^^^^^^^^^^^^^^^^^^^^^^^^^^^^^^^^^^^^^^^^^^^^^^^^
        func, args, abandon_on_cancel=abandon_on_cancel, limiter=limiter
        ^^^^^^^^^^^^^^^^^^^^^^^^^^^^^^^^^^^^^^^^^^^^^^^^^^^^^^^^^^^^^^^^
    )
    ^
  File "E:\atc\venv\Lib\site-packages\anyio\_backends\_asyncio.py", line 2518, in run_sync_in_worker_thread
    return await future
           ^^^^^^^^^^^^
  File "E:\atc\venv\Lib\site-packages\anyio\_backends\_asyncio.py", line 1002, in run
    result = context.run(func, *args)
  File "E:\atc\backend\main.py", line 2726, in delete_user
    db.commit()
    ~~~~~~~~~^^
  File "E:\atc\venv\Lib\site-packages\sqlalchemy\orm\session.py", line 2030, in commit
    trans.commit(_to_root=True)
    ~~~~~~~~~~~~^^^^^^^^^^^^^^^
  File "<string>", line 2, in commit
  File "E:\atc\venv\Lib\site-packages\sqlalchemy\orm\state_changes.py", line 137, in _go
    ret_value = fn(self, *arg, **kw)
  File "E:\atc\venv\Lib\site-packages\sqlalchemy\orm\session.py", line 1311, in commit
    self._prepare_impl()
    ~~~~~~~~~~~~~~~~~~^^
  File "<string>", line 2, in _prepare_impl
  File "E:\atc\venv\Lib\site-packages\sqlalchemy\orm\state_changes.py", line 137, in _go
    ret_value = fn(self, *arg, **kw)
  File "E:\atc\venv\Lib\site-packages\sqlalchemy\orm\session.py", line 1286, in _prepare_impl
    self.session.flush()
    ~~~~~~~~~~~~~~~~~~^^
  File "E:\atc\venv\Lib\site-packages\sqlalchemy\orm\session.py", line 4331, in flush
    self._flush(objects)
    ~~~~~~~~~~~^^^^^^^^^
  File "E:\atc\venv\Lib\site-packages\sqlalchemy\orm\session.py", line 4466, in _flush
    with util.safe_reraise():
         ~~~~~~~~~~~~~~~~~^^
  File "E:\atc\venv\Lib\site-packages\sqlalchemy\util\langhelpers.py", line 121, in __exit__
    raise exc_value.with_traceback(exc_tb)
  File "E:\atc\venv\Lib\site-packages\sqlalchemy\orm\session.py", line 4427, in _flush
    flush_context.execute()
    ~~~~~~~~~~~~~~~~~~~~~^^
  File "E:\atc\venv\Lib\site-packages\sqlalchemy\orm\unitofwork.py", line 466, in execute
    rec.execute(self)
    ~~~~~~~~~~~^^^^^^
  File "E:\atc\venv\Lib\site-packages\sqlalchemy\orm\unitofwork.py", line 679, in execute
    util.preloaded.orm_persistence.delete_obj(
    ~~~~~~~~~~~~~~~~~~~~~~~~~~~~~~~~~~~~~~~~~^
        self.mapper,
        ^^^^^^^^^^^^
        uow.states_for_mapper_hierarchy(self.mapper, True, False),
        ^^^^^^^^^^^^^^^^^^^^^^^^^^^^^^^^^^^^^^^^^^^^^^^^^^^^^^^^^^
        uow,
        ^^^^
    )
    ^
  File "E:\atc\venv\Lib\site-packages\sqlalchemy\orm\persistence.py", line 193, in delete_obj
    _emit_delete_statements(
    ~~~~~~~~~~~~~~~~~~~~~~~^
        base_mapper,
        ^^^^^^^^^^^^
    ...<3 lines>...
        delete,
        ^^^^^^^
    )
    ^
  File "E:\atc\venv\Lib\site-packages\sqlalchemy\orm\persistence.py", line 1471, in _emit_delete_statements
    c = connection.execute(
        statement, del_objects, execution_options=execution_options
    )
  File "E:\atc\venv\Lib\site-packages\sqlalchemy\engine\base.py", line 1419, in execute
    return meth(
        self,
        distilled_parameters,
        execution_options or NO_OPTIONS,
    )
  File "E:\atc\venv\Lib\site-packages\sqlalchemy\sql\elements.py", line 527, in _execute_on_connection
    return connection._execute_clauseelement(
           ~~~~~~~~~~~~~~~~~~~~~~~~~~~~~~~~~^
        self, distilled_params, execution_options
        ^^^^^^^^^^^^^^^^^^^^^^^^^^^^^^^^^^^^^^^^^
    )
    ^
  File "E:\atc\venv\Lib\site-packages\sqlalchemy\engine\base.py", line 1641, in _execute_clauseelement
    ret = self._execute_context(
        dialect,
    ...<8 lines>...
        cache_hit=cache_hit,
    )
  File "E:\atc\venv\Lib\site-packages\sqlalchemy\engine\base.py", line 1846, in _execute_context
    return self._exec_single_context(
           ~~~~~~~~~~~~~~~~~~~~~~~~~^
        dialect, context, statement, parameters
        ^^^^^^^^^^^^^^^^^^^^^^^^^^^^^^^^^^^^^^^
    )
    ^
  File "E:\atc\venv\Lib\site-packages\sqlalchemy\engine\base.py", line 1986, in _exec_single_context
    self._handle_dbapi_exception(
    ~~~~~~~~~~~~~~~~~~~~~~~~~~~~^
        e, str_statement, effective_parameters, cursor, context
        ^^^^^^^^^^^^^^^^^^^^^^^^^^^^^^^^^^^^^^^^^^^^^^^^^^^^^^^
    )
    ^
  File "E:\atc\venv\Lib\site-packages\sqlalchemy\engine\base.py", line 2363, in _handle_dbapi_exception
    raise sqlalchemy_exception.with_traceback(exc_info[2]) from e
  File "E:\atc\venv\Lib\site-packages\sqlalchemy\engine\base.py", line 1967, in _exec_single_context
    self.dialect.do_execute(
    ~~~~~~~~~~~~~~~~~~~~~~~^
        cursor, str_statement, effective_parameters, context
        ^^^^^^^^^^^^^^^^^^^^^^^^^^^^^^^^^^^^^^^^^^^^^^^^^^^^
    )
    ^
  File "E:\atc\venv\Lib\site-packages\sqlalchemy\engine\default.py", line 952, in do_execute
    cursor.execute(statement, parameters)
    ~~~~~~~~~~~~~~^^^^^^^^^^^^^^^^^^^^^^^
sqlalchemy.exc.IntegrityError: (sqlite3.IntegrityError) FOREIGN KEY constraint failed
[SQL: DELETE FROM users WHERE users.id = ?]
[parameters: (4,)]
(Background on this error at: https://sqlalche.me/e/20/gkpj)
2026-04-23 23:03:03,820 [ERROR] pos-api: Global error on /api/admin/users/4: (sqlite3.IntegrityError) FOREIGN KEY constraint failed
[SQL: DELETE FROM users WHERE users.id = ?]
[parameters: (4,)]
(Background on this error at: https://sqlalche.me/e/20/gkpj)
Traceback (most recent call last):
  File "E:\atc\venv\Lib\site-packages\sqlalchemy\engine\base.py", line 1967, in _exec_single_context
    self.dialect.do_execute(
    ~~~~~~~~~~~~~~~~~~~~~~~^
        cursor, str_statement, effective_parameters, context
        ^^^^^^^^^^^^^^^^^^^^^^^^^^^^^^^^^^^^^^^^^^^^^^^^^^^^
    )
    ^
  File "E:\atc\venv\Lib\site-packages\sqlalchemy\engine\default.py", line 952, in do_execute
    cursor.execute(statement, parameters)
    ~~~~~~~~~~~~~~^^^^^^^^^^^^^^^^^^^^^^^
sqlite3.IntegrityError: FOREIGN KEY constraint failed

The above exception was the direct cause of the following exception:

Traceback (most recent call last):
  File "E:\atc\venv\Lib\site-packages\starlette\middleware\errors.py", line 164, in __call__
    await self.app(scope, receive, _send)
  File "E:\atc\venv\Lib\site-packages\starlette\middleware\cors.py", line 96, in __call__
    await self.simple_response(scope, receive, send, request_headers=headers)
  File "E:\atc\venv\Lib\site-packages\starlette\middleware\cors.py", line 154, in simple_response
    await self.app(scope, receive, send)
  File "E:\atc\venv\Lib\site-packages\starlette\middleware\exceptions.py", line 63, in __call__
    await wrap_app_handling_exceptions(self.app, conn)(scope, receive, send)
  File "E:\atc\venv\Lib\site-packages\starlette\_exception_handler.py", line 53, in wrapped_app
    raise exc
  File "E:\atc\venv\Lib\site-packages\starlette\_exception_handler.py", line 42, in wrapped_app
    await app(scope, receive, sender)
  File "E:\atc\venv\Lib\site-packages\fastapi\middleware\asyncexitstack.py", line 18, in __call__
    await self.app(scope, receive, send)
  File "E:\atc\venv\Lib\site-packages\starlette\routing.py", line 660, in __call__
    await self.middleware_stack(scope, receive, send)
  File "E:\atc\venv\Lib\site-packages\starlette\routing.py", line 680, in app
    await route.handle(scope, receive, send)
  File "E:\atc\venv\Lib\site-packages\starlette\routing.py", line 276, in handle
    await self.app(scope, receive, send)
  File "E:\atc\venv\Lib\site-packages\fastapi\routing.py", line 134, in app
    await wrap_app_handling_exceptions(app, request)(scope, receive, send)
  File "E:\atc\venv\Lib\site-packages\starlette\_exception_handler.py", line 53, in wrapped_app
    raise exc
  File "E:\atc\venv\Lib\site-packages\starlette\_exception_handler.py", line 42, in wrapped_app
    await app(scope, receive, sender)
  File "E:\atc\venv\Lib\site-packages\fastapi\routing.py", line 120, in app
    response = await f(request)
               ^^^^^^^^^^^^^^^^
  File "E:\atc\venv\Lib\site-packages\fastapi\routing.py", line 674, in app
    raw_response = await run_endpoint_function(
                   ^^^^^^^^^^^^^^^^^^^^^^^^^^^^
    ...<3 lines>...
    )
    ^
  File "E:\atc\venv\Lib\site-packages\fastapi\routing.py", line 330, in run_endpoint_function
    return await run_in_threadpool(dependant.call, **values)
           ^^^^^^^^^^^^^^^^^^^^^^^^^^^^^^^^^^^^^^^^^^^^^^^^^
  File "E:\atc\venv\Lib\site-packages\starlette\concurrency.py", line 32, in run_in_threadpool
    return await anyio.to_thread.run_sync(func)
           ^^^^^^^^^^^^^^^^^^^^^^^^^^^^^^^^^^^^
  File "E:\atc\venv\Lib\site-packages\anyio\to_thread.py", line 63, in run_sync
    return await get_async_backend().run_sync_in_worker_thread(
           ^^^^^^^^^^^^^^^^^^^^^^^^^^^^^^^^^^^^^^^^^^^^^^^^^^^^
        func, args, abandon_on_cancel=abandon_on_cancel, limiter=limiter
        ^^^^^^^^^^^^^^^^^^^^^^^^^^^^^^^^^^^^^^^^^^^^^^^^^^^^^^^^^^^^^^^^
    )
    ^
  File "E:\atc\venv\Lib\site-packages\anyio\_backends\_asyncio.py", line 2518, in run_sync_in_worker_thread
    return await future
           ^^^^^^^^^^^^
  File "E:\atc\venv\Lib\site-packages\anyio\_backends\_asyncio.py", line 1002, in run
    result = context.run(func, *args)
  File "E:\atc\backend\main.py", line 2726, in delete_user
    db.commit()
    ~~~~~~~~~^^
  File "E:\atc\venv\Lib\site-packages\sqlalchemy\orm\session.py", line 2030, in commit
    trans.commit(_to_root=True)
    ~~~~~~~~~~~~^^^^^^^^^^^^^^^
  File "<string>", line 2, in commit
  File "E:\atc\venv\Lib\site-packages\sqlalchemy\orm\state_changes.py", line 137, in _go
    ret_value = fn(self, *arg, **kw)
  File "E:\atc\venv\Lib\site-packages\sqlalchemy\orm\session.py", line 1311, in commit
    self._prepare_impl()
    ~~~~~~~~~~~~~~~~~~^^
  File "<string>", line 2, in _prepare_impl
  File "E:\atc\venv\Lib\site-packages\sqlalchemy\orm\state_changes.py", line 137, in _go
    ret_value = fn(self, *arg, **kw)
  File "E:\atc\venv\Lib\site-packages\sqlalchemy\orm\session.py", line 1286, in _prepare_impl
    self.session.flush()
    ~~~~~~~~~~~~~~~~~~^^
  File "E:\atc\venv\Lib\site-packages\sqlalchemy\orm\session.py", line 4331, in flush
    self._flush(objects)
    ~~~~~~~~~~~^^^^^^^^^
  File "E:\atc\venv\Lib\site-packages\sqlalchemy\orm\session.py", line 4466, in _flush
    with util.safe_reraise():
         ~~~~~~~~~~~~~~~~~^^
  File "E:\atc\venv\Lib\site-packages\sqlalchemy\util\langhelpers.py", line 121, in __exit__
    raise exc_value.with_traceback(exc_tb)
  File "E:\atc\venv\Lib\site-packages\sqlalchemy\orm\session.py", line 4427, in _flush
    flush_context.execute()
    ~~~~~~~~~~~~~~~~~~~~~^^
  File "E:\atc\venv\Lib\site-packages\sqlalchemy\orm\unitofwork.py", line 466, in execute
    rec.execute(self)
    ~~~~~~~~~~~^^^^^^
  File "E:\atc\venv\Lib\site-packages\sqlalchemy\orm\unitofwork.py", line 679, in execute
    util.preloaded.orm_persistence.delete_obj(
    ~~~~~~~~~~~~~~~~~~~~~~~~~~~~~~~~~~~~~~~~~^
        self.mapper,
        ^^^^^^^^^^^^
        uow.states_for_mapper_hierarchy(self.mapper, True, False),
        ^^^^^^^^^^^^^^^^^^^^^^^^^^^^^^^^^^^^^^^^^^^^^^^^^^^^^^^^^^
        uow,
        ^^^^
    )
    ^
  File "E:\atc\venv\Lib\site-packages\sqlalchemy\orm\persistence.py", line 193, in delete_obj
    _emit_delete_statements(
    ~~~~~~~~~~~~~~~~~~~~~~~^
        base_mapper,
        ^^^^^^^^^^^^
    ...<3 lines>...
        delete,
        ^^^^^^^
    )
    ^
  File "E:\atc\venv\Lib\site-packages\sqlalchemy\orm\persistence.py", line 1471, in _emit_delete_statements
    c = connection.execute(
        statement, del_objects, execution_options=execution_options
    )
  File "E:\atc\venv\Lib\site-packages\sqlalchemy\engine\base.py", line 1419, in execute
    return meth(
        self,
        distilled_parameters,
        execution_options or NO_OPTIONS,
    )
  File "E:\atc\venv\Lib\site-packages\sqlalchemy\sql\elements.py", line 527, in _execute_on_connection
    return connection._execute_clauseelement(
           ~~~~~~~~~~~~~~~~~~~~~~~~~~~~~~~~~^
        self, distilled_params, execution_options
        ^^^^^^^^^^^^^^^^^^^^^^^^^^^^^^^^^^^^^^^^^
    )
    ^
  File "E:\atc\venv\Lib\site-packages\sqlalchemy\engine\base.py", line 1641, in _execute_clauseelement
    ret = self._execute_context(
        dialect,
    ...<8 lines>...
        cache_hit=cache_hit,
    )
  File "E:\atc\venv\Lib\site-packages\sqlalchemy\engine\base.py", line 1846, in _execute_context
    return self._exec_single_context(
           ~~~~~~~~~~~~~~~~~~~~~~~~~^
        dialect, context, statement, parameters
        ^^^^^^^^^^^^^^^^^^^^^^^^^^^^^^^^^^^^^^^
    )
    ^
  File "E:\atc\venv\Lib\site-packages\sqlalchemy\engine\base.py", line 1986, in _exec_single_context
    self._handle_dbapi_exception(
    ~~~~~~~~~~~~~~~~~~~~~~~~~~~~^
        e, str_statement, effective_parameters, cursor, context
        ^^^^^^^^^^^^^^^^^^^^^^^^^^^^^^^^^^^^^^^^^^^^^^^^^^^^^^^
    )
    ^
  File "E:\atc\venv\Lib\site-packages\sqlalchemy\engine\base.py", line 2363, in _handle_dbapi_exception
    raise sqlalchemy_exception.with_traceback(exc_info[2]) from e
  File "E:\atc\venv\Lib\site-packages\sqlalchemy\engine\base.py", line 1967, in _exec_single_context
    self.dialect.do_execute(
    ~~~~~~~~~~~~~~~~~~~~~~~^
        cursor, str_statement, effective_parameters, context
        ^^^^^^^^^^^^^^^^^^^^^^^^^^^^^^^^^^^^^^^^^^^^^^^^^^^^
    )
    ^
  File "E:\atc\venv\Lib\site-packages\sqlalchemy\engine\default.py", line 952, in do_execute
    cursor.execute(statement, parameters)
    ~~~~~~~~~~~~~~^^^^^^^^^^^^^^^^^^^^^^^
sqlalchemy.exc.IntegrityError: (sqlite3.IntegrityError) FOREIGN KEY constraint failed
[SQL: DELETE FROM users WHERE users.id = ?]
[parameters: (4,)]
(Background on this error at: https://sqlalche.me/e/20/gkpj)
2026-04-23 23:04:40,528 [INFO] pos-api: User logged in: Abdul Malek (Role: Cashier)
2026-04-23 23:04:58,212 [INFO] pos-api: Sale created: INV-20260423-0001 | Total: 885.5 | User: Abdul Malek
2026-04-23 23:05:10,762 [INFO] pos-api: Sale created: INV-20260423-0002 | Total: 609.5 | User: Abdul Malek
2026-04-23 23:05:22,836 [INFO] pos-api: User logged in: owner (Role: Admin)
2026-04-23 23:05:52,088 [INFO] pos-api: Sale created: INV-20260423-0003 | Total: 563.5 | User: owner
2026-04-26 22:45:46,616 [INFO] pos-api: User logged in: owner (Role: Admin)
2026-04-28 21:35:35,064 [INFO] pos-api: User logged in: owner (Role: Admin)
2026-05-02 00:41:26,131 [INFO] pos-api: User logged in: owner (Role: Admin)
2026-05-02 00:41:26,137 [INFO] httpx: HTTP Request: POST http://testserver/api/auth/login "HTTP/1.1 200 OK"
2026-05-02 00:41:26,153 [INFO] httpx: HTTP Request: GET http://testserver/api/customers "HTTP/1.1 200 OK"
2026-05-02 00:41:26,157 [INFO] httpx: HTTP Request: GET http://testserver/api/products "HTTP/1.1 200 OK"
2026-05-02 00:41:26,166 [INFO] httpx: HTTP Request: GET http://testserver/api/crm/leads "HTTP/1.1 200 OK"
2026-05-02 00:41:26,184 [INFO] httpx: HTTP Request: GET http://testserver/api/finance/summary "HTTP/1.1 200 OK"
2026-05-02 00:43:21,702 [INFO] pos-api: User logged in: owner (Role: Admin)
2026-05-02 00:43:21,704 [INFO] httpx: HTTP Request: POST http://testserver/api/auth/login "HTTP/1.1 200 OK"
2026-05-02 00:43:21,722 [INFO] httpx: HTTP Request: GET http://testserver/api/customers "HTTP/1.1 200 OK"
2026-05-02 00:43:21,726 [INFO] httpx: HTTP Request: GET http://testserver/api/products "HTTP/1.1 200 OK"
2026-05-02 00:43:21,738 [INFO] httpx: HTTP Request: GET http://testserver/api/crm/leads "HTTP/1.1 200 OK"
2026-05-02 00:43:21,753 [INFO] httpx: HTTP Request: GET http://testserver/api/finance/summary "HTTP/1.1 200 OK"
2026-05-02 00:44:50,852 [INFO] pos-api: User logged in: owner (Role: Admin)
2026-05-02 00:44:50,854 [INFO] httpx: HTTP Request: POST http://testserver/api/auth/login "HTTP/1.1 200 OK"
2026-05-02 00:44:50,871 [INFO] httpx: HTTP Request: GET http://testserver/api/customers "HTTP/1.1 200 OK"
2026-05-02 00:44:50,876 [INFO] httpx: HTTP Request: GET http://testserver/api/products "HTTP/1.1 200 OK"
2026-05-02 00:44:50,885 [INFO] httpx: HTTP Request: GET http://testserver/api/crm/leads "HTTP/1.1 200 OK"
2026-05-02 00:44:50,896 [INFO] httpx: HTTP Request: GET http://testserver/api/finance/summary "HTTP/1.1 200 OK"
2026-05-02 00:45:16,021 [INFO] pos-api: User logged in: owner (Role: Admin)
2026-05-02 00:45:16,023 [INFO] httpx: HTTP Request: POST http://testserver/api/auth/login "HTTP/1.1 200 OK"
2026-05-02 00:45:16,039 [INFO] httpx: HTTP Request: GET http://testserver/api/customers "HTTP/1.1 200 OK"
2026-05-02 00:45:16,043 [INFO] httpx: HTTP Request: GET http://testserver/api/products "HTTP/1.1 200 OK"
2026-05-02 00:45:16,051 [INFO] httpx: HTTP Request: GET http://testserver/api/crm/leads "HTTP/1.1 200 OK"
2026-05-02 00:45:16,061 [INFO] httpx: HTTP Request: GET http://testserver/api/finance/summary "HTTP/1.1 200 OK"
2026-05-02 00:46:09,370 [INFO] pos-api: User logged in: owner (Role: Admin)
2026-05-02 00:46:09,372 [INFO] httpx: HTTP Request: POST http://testserver/api/auth/login "HTTP/1.1 200 OK"
2026-05-02 00:46:09,388 [INFO] httpx: HTTP Request: GET http://testserver/api/customers "HTTP/1.1 200 OK"
2026-05-02 00:46:09,392 [INFO] httpx: HTTP Request: GET http://testserver/api/products "HTTP/1.1 200 OK"
2026-05-02 00:46:09,400 [INFO] httpx: HTTP Request: GET http://testserver/api/crm/leads "HTTP/1.1 200 OK"
2026-05-02 00:46:09,410 [INFO] httpx: HTTP Request: GET http://testserver/api/finance/summary "HTTP/1.1 200 OK"
2026-05-02 00:55:48,756 [INFO] pos-api: User logged in: owner (Role: Admin)
2026-05-02 00:55:48,757 [INFO] httpx: HTTP Request: POST http://testserver/api/auth/login "HTTP/1.1 200 OK"
2026-05-02 00:55:48,776 [INFO] httpx: HTTP Request: GET http://testserver/api/customers "HTTP/1.1 200 OK"
2026-05-02 00:55:48,782 [INFO] httpx: HTTP Request: GET http://testserver/api/products "HTTP/1.1 200 OK"
2026-05-02 00:55:48,791 [INFO] httpx: HTTP Request: GET http://testserver/api/crm/leads "HTTP/1.1 200 OK"
2026-05-02 00:55:48,801 [INFO] httpx: HTTP Request: GET http://testserver/api/finance/summary "HTTP/1.1 200 OK"
2026-05-02 00:57:59,082 [INFO] pos-api: User logged in: owner (Role: Admin)
2026-05-02 00:57:59,084 [INFO] httpx: HTTP Request: POST http://testserver/api/auth/login "HTTP/1.1 200 OK"
2026-05-02 00:57:59,102 [INFO] httpx: HTTP Request: GET http://testserver/api/customers "HTTP/1.1 200 OK"
2026-05-02 00:57:59,106 [INFO] httpx: HTTP Request: GET http://testserver/api/products "HTTP/1.1 200 OK"
2026-05-02 00:57:59,114 [INFO] httpx: HTTP Request: GET http://testserver/api/crm/leads "HTTP/1.1 200 OK"
2026-05-02 00:57:59,124 [INFO] httpx: HTTP Request: GET http://testserver/api/finance/summary "HTTP/1.1 200 OK"
2026-05-02 00:58:14,413 [INFO] pos-api: User logged in: owner (Role: Admin)
2026-05-02 00:58:14,414 [INFO] httpx: HTTP Request: POST http://testserver/api/auth/login "HTTP/1.1 200 OK"
2026-05-02 00:58:14,418 [INFO] httpx: HTTP Request: GET http://testserver/api/auth/staff "HTTP/1.1 200 OK"
2026-05-02 00:58:14,436 [INFO] httpx: HTTP Request: GET http://testserver/api/customers "HTTP/1.1 200 OK"
2026-05-02 00:58:14,440 [INFO] httpx: HTTP Request: GET http://testserver/api/products "HTTP/1.1 200 OK"
2026-05-02 00:58:14,449 [INFO] httpx: HTTP Request: GET http://testserver/api/crm/leads "HTTP/1.1 200 OK"
2026-05-02 00:58:14,459 [INFO] httpx: HTTP Request: GET http://testserver/api/finance/summary "HTTP/1.1 200 OK"
2026-05-02 01:03:11,098 [INFO] pos-api: User logged in: owner (Role: Admin)
2026-05-02 01:03:11,099 [INFO] httpx: HTTP Request: POST http://testserver/api/auth/login "HTTP/1.1 200 OK"
2026-05-02 01:03:11,102 [INFO] httpx: HTTP Request: GET http://testserver/api/auth/staff "HTTP/1.1 200 OK"
2026-05-02 01:03:11,118 [INFO] httpx: HTTP Request: GET http://testserver/api/customers "HTTP/1.1 200 OK"
2026-05-02 01:03:11,121 [INFO] httpx: HTTP Request: GET http://testserver/api/products "HTTP/1.1 200 OK"
2026-05-02 01:03:11,129 [INFO] httpx: HTTP Request: GET http://testserver/api/crm/leads "HTTP/1.1 200 OK"
2026-05-02 01:03:11,138 [INFO] httpx: HTTP Request: GET http://testserver/api/finance/summary "HTTP/1.1 200 OK"
2026-05-02 01:35:00,360 [INFO] pos-api: User logged in: owner (Role: Admin)
2026-05-02 01:35:00,363 [INFO] httpx: HTTP Request: POST http://testserver/api/auth/login "HTTP/1.1 200 OK"
2026-05-02 01:35:00,366 [INFO] httpx: HTTP Request: GET http://testserver/api/auth/staff "HTTP/1.1 200 OK"
2026-05-02 01:35:00,371 [INFO] httpx: HTTP Request: GET http://testserver/api/settings/company "HTTP/1.1 200 OK"
2026-05-02 01:35:00,390 [INFO] httpx: HTTP Request: GET http://testserver/api/customers "HTTP/1.1 200 OK"
2026-05-02 01:35:00,394 [INFO] httpx: HTTP Request: GET http://testserver/api/products "HTTP/1.1 200 OK"
2026-05-02 01:35:00,401 [INFO] httpx: HTTP Request: GET http://testserver/api/crm/leads "HTTP/1.1 200 OK"
2026-05-02 01:35:00,413 [INFO] httpx: HTTP Request: GET http://testserver/api/finance/summary "HTTP/1.1 200 OK"
2026-05-02 01:38:08,730 [INFO] pos-api: User logged in: owner (Role: Admin)
2026-05-02 01:38:08,731 [INFO] httpx: HTTP Request: POST http://testserver/api/auth/login "HTTP/1.1 200 OK"
2026-05-02 01:38:08,739 [INFO] pos-api: Company settings updated
2026-05-02 01:38:08,740 [INFO] httpx: HTTP Request: PATCH http://testserver/api/settings/company "HTTP/1.1 200 OK"
2026-05-02 01:38:08,743 [INFO] httpx: HTTP Request: GET http://testserver/api/auth/staff "HTTP/1.1 200 OK"
2026-05-02 01:38:08,745 [INFO] httpx: HTTP Request: GET http://testserver/api/settings/company "HTTP/1.1 200 OK"
2026-05-02 01:38:08,762 [INFO] httpx: HTTP Request: GET http://testserver/api/customers "HTTP/1.1 200 OK"
2026-05-02 01:38:08,766 [INFO] httpx: HTTP Request: GET http://testserver/api/products "HTTP/1.1 200 OK"
2026-05-02 01:38:08,773 [INFO] httpx: HTTP Request: GET http://testserver/api/crm/leads "HTTP/1.1 200 OK"
2026-05-02 01:38:08,784 [INFO] httpx: HTTP Request: GET http://testserver/api/finance/summary "HTTP/1.1 200 OK"
2026-05-02 01:41:59,901 [INFO] pos-api: User logged in: owner (Role: Admin)
2026-05-02 01:41:59,902 [INFO] httpx: HTTP Request: POST http://testserver/api/auth/login "HTTP/1.1 200 OK"
2026-05-02 01:41:59,909 [INFO] pos-api: Company settings updated
2026-05-02 01:41:59,910 [INFO] httpx: HTTP Request: PATCH http://testserver/api/settings/company "HTTP/1.1 200 OK"
2026-05-02 01:41:59,912 [INFO] httpx: HTTP Request: GET http://testserver/api/auth/staff "HTTP/1.1 200 OK"
2026-05-02 01:41:59,914 [INFO] httpx: HTTP Request: GET http://testserver/api/settings/company "HTTP/1.1 200 OK"
2026-05-02 01:41:59,930 [INFO] httpx: HTTP Request: GET http://testserver/api/customers "HTTP/1.1 200 OK"
2026-05-02 01:41:59,933 [INFO] httpx: HTTP Request: GET http://testserver/api/products "HTTP/1.1 200 OK"
2026-05-02 01:41:59,940 [INFO] httpx: HTTP Request: GET http://testserver/api/crm/leads "HTTP/1.1 200 OK"
2026-05-02 01:41:59,949 [INFO] httpx: HTTP Request: GET http://testserver/api/finance/summary "HTTP/1.1 200 OK"
2026-05-02 15:07:56,630 [INFO] pos-api: User logged in: owner (Role: Admin)
2026-05-02 15:07:56,634 [INFO] httpx: HTTP Request: POST http://testserver/api/auth/login "HTTP/1.1 200 OK"
2026-05-02 15:07:56,641 [INFO] pos-api: Company settings updated
2026-05-02 15:07:56,642 [INFO] httpx: HTTP Request: PATCH http://testserver/api/settings/company "HTTP/1.1 200 OK"
2026-05-02 15:07:56,645 [INFO] httpx: HTTP Request: GET http://testserver/api/auth/staff "HTTP/1.1 200 OK"
2026-05-02 15:07:56,647 [INFO] httpx: HTTP Request: GET http://testserver/api/settings/company "HTTP/1.1 200 OK"
2026-05-02 15:07:56,664 [INFO] httpx: HTTP Request: GET http://testserver/api/customers "HTTP/1.1 200 OK"
2026-05-02 15:07:56,668 [INFO] httpx: HTTP Request: GET http://testserver/api/products "HTTP/1.1 200 OK"
2026-05-02 15:07:56,675 [INFO] httpx: HTTP Request: GET http://testserver/api/crm/leads "HTTP/1.1 200 OK"
2026-05-02 15:07:56,686 [INFO] httpx: HTTP Request: GET http://testserver/api/finance/summary "HTTP/1.1 200 OK"
2026-05-02 15:08:33,203 [INFO] pos-api: User logged in: owner (Role: Admin)
2026-05-02 15:08:33,204 [INFO] httpx: HTTP Request: POST http://testserver/api/auth/login "HTTP/1.1 200 OK"
2026-05-02 15:08:33,210 [INFO] pos-api: Company settings updated
2026-05-02 15:08:33,211 [INFO] httpx: HTTP Request: PATCH http://testserver/api/settings/company "HTTP/1.1 200 OK"
2026-05-02 15:08:33,213 [INFO] httpx: HTTP Request: GET http://testserver/api/auth/staff "HTTP/1.1 200 OK"
2026-05-02 15:08:33,215 [INFO] httpx: HTTP Request: GET http://testserver/api/settings/company "HTTP/1.1 200 OK"
2026-05-02 15:08:33,231 [INFO] httpx: HTTP Request: GET http://testserver/api/customers "HTTP/1.1 200 OK"
2026-05-02 15:08:33,234 [INFO] httpx: HTTP Request: GET http://testserver/api/products "HTTP/1.1 200 OK"
2026-05-02 15:08:33,242 [INFO] httpx: HTTP Request: GET http://testserver/api/crm/leads "HTTP/1.1 200 OK"
2026-05-02 15:08:33,251 [INFO] httpx: HTTP Request: GET http://testserver/api/finance/summary "HTTP/1.1 200 OK"
2026-05-02 15:16:15,331 [INFO] pos-api: User logged in: owner (Role: Admin)
2026-05-02 15:16:15,333 [INFO] httpx: HTTP Request: POST http://testserver/api/auth/login "HTTP/1.1 200 OK"
2026-05-02 15:16:15,340 [INFO] pos-api: Company settings updated
2026-05-02 15:16:15,340 [INFO] httpx: HTTP Request: PATCH http://testserver/api/settings/company "HTTP/1.1 200 OK"
2026-05-02 15:16:15,344 [INFO] httpx: HTTP Request: GET http://testserver/api/auth/staff "HTTP/1.1 200 OK"
2026-05-02 15:16:15,346 [INFO] httpx: HTTP Request: GET http://testserver/api/settings/company "HTTP/1.1 200 OK"
2026-05-02 15:16:15,363 [INFO] httpx: HTTP Request: GET http://testserver/api/customers "HTTP/1.1 200 OK"
2026-05-02 15:16:15,367 [INFO] httpx: HTTP Request: GET http://testserver/api/products "HTTP/1.1 200 OK"
2026-05-02 15:16:15,375 [INFO] httpx: HTTP Request: GET http://testserver/api/crm/leads "HTTP/1.1 200 OK"
2026-05-02 15:16:15,384 [INFO] httpx: HTTP Request: GET http://testserver/api/finance/summary "HTTP/1.1 200 OK"
2026-05-02 15:32:50,898 [INFO] pos-api: User logged in: owner (Role: Admin)
2026-05-02 15:32:50,901 [INFO] httpx: HTTP Request: POST http://testserver/api/auth/login "HTTP/1.1 200 OK"
2026-05-02 15:32:50,909 [INFO] pos-api: Company settings updated
2026-05-02 15:32:50,911 [INFO] httpx: HTTP Request: PATCH http://testserver/api/settings/company "HTTP/1.1 200 OK"
2026-05-02 15:32:50,914 [INFO] httpx: HTTP Request: GET http://testserver/api/auth/staff "HTTP/1.1 200 OK"
2026-05-02 15:32:50,916 [INFO] httpx: HTTP Request: GET http://testserver/api/settings/company "HTTP/1.1 200 OK"
2026-05-02 15:32:50,933 [INFO] httpx: HTTP Request: GET http://testserver/api/customers "HTTP/1.1 200 OK"
2026-05-02 15:32:50,937 [INFO] httpx: HTTP Request: GET http://testserver/api/products "HTTP/1.1 200 OK"
2026-05-02 15:32:50,951 [INFO] httpx: HTTP Request: GET http://testserver/api/crm/leads "HTTP/1.1 200 OK"
2026-05-02 15:32:50,971 [INFO] httpx: HTTP Request: GET http://testserver/api/finance/summary "HTTP/1.1 200 OK"
2026-05-02 15:45:45,587 [INFO] pos-api: User logged in: owner (Role: Admin)
2026-05-02 15:45:45,589 [INFO] httpx: HTTP Request: POST http://testserver/api/auth/login "HTTP/1.1 200 OK"
2026-05-02 15:45:45,603 [INFO] pos-api: Company settings updated
2026-05-02 15:45:45,605 [INFO] httpx: HTTP Request: PATCH http://testserver/api/settings/company "HTTP/1.1 200 OK"
2026-05-02 15:45:45,608 [INFO] httpx: HTTP Request: GET http://testserver/api/auth/staff "HTTP/1.1 200 OK"
2026-05-02 15:45:45,611 [INFO] httpx: HTTP Request: GET http://testserver/api/settings/company "HTTP/1.1 200 OK"
2026-05-02 15:45:45,629 [INFO] httpx: HTTP Request: GET http://testserver/api/customers "HTTP/1.1 200 OK"
2026-05-02 15:45:45,635 [INFO] httpx: HTTP Request: GET http://testserver/api/products "HTTP/1.1 200 OK"
2026-05-02 15:45:45,644 [INFO] httpx: HTTP Request: GET http://testserver/api/crm/leads "HTTP/1.1 200 OK"
2026-05-02 15:45:45,656 [INFO] httpx: HTTP Request: GET http://testserver/api/finance/summary "HTTP/1.1 200 OK"
2026-05-02 15:51:21,282 [INFO] pos-api: User logged in: owner (Role: Admin)
2026-05-02 15:51:21,283 [INFO] httpx: HTTP Request: POST http://testserver/api/auth/login "HTTP/1.1 200 OK"
2026-05-02 15:51:21,289 [INFO] pos-api: Company settings updated
2026-05-02 15:51:21,291 [INFO] httpx: HTTP Request: PATCH http://testserver/api/settings/company "HTTP/1.1 200 OK"
2026-05-02 15:51:21,294 [INFO] httpx: HTTP Request: GET http://testserver/api/auth/staff "HTTP/1.1 200 OK"
2026-05-02 15:51:21,296 [INFO] httpx: HTTP Request: GET http://testserver/api/settings/company "HTTP/1.1 200 OK"
2026-05-02 15:51:21,313 [INFO] httpx: HTTP Request: GET http://testserver/api/customers "HTTP/1.1 200 OK"
2026-05-02 15:51:21,318 [INFO] httpx: HTTP Request: GET http://testserver/api/products "HTTP/1.1 200 OK"
2026-05-02 15:51:21,327 [INFO] httpx: HTTP Request: GET http://testserver/api/crm/leads "HTTP/1.1 200 OK"
2026-05-02 15:51:21,343 [INFO] httpx: HTTP Request: GET http://testserver/api/finance/summary "HTTP/1.1 200 OK"
2026-05-02 15:53:08,494 [INFO] pos-api: User logged in: owner (Role: Admin)
2026-05-02 15:53:08,496 [INFO] httpx: HTTP Request: POST http://testserver/api/auth/login "HTTP/1.1 200 OK"
2026-05-02 15:53:08,502 [INFO] pos-api: Company settings updated
2026-05-02 15:53:08,503 [INFO] httpx: HTTP Request: PATCH http://testserver/api/settings/company "HTTP/1.1 200 OK"
2026-05-02 15:53:08,506 [INFO] httpx: HTTP Request: GET http://testserver/api/auth/staff "HTTP/1.1 200 OK"
2026-05-02 15:53:08,508 [INFO] httpx: HTTP Request: GET http://testserver/api/settings/company "HTTP/1.1 200 OK"
2026-05-02 15:53:08,524 [INFO] httpx: HTTP Request: GET http://testserver/api/customers "HTTP/1.1 200 OK"
2026-05-02 15:53:08,527 [INFO] httpx: HTTP Request: GET http://testserver/api/products "HTTP/1.1 200 OK"
2026-05-02 15:53:08,535 [INFO] httpx: HTTP Request: GET http://testserver/api/crm/leads "HTTP/1.1 200 OK"
2026-05-02 15:53:08,551 [INFO] httpx: HTTP Request: GET http://testserver/api/finance/summary "HTTP/1.1 200 OK"
2026-05-02 18:05:57,871 [WARNING] pos-api: Failed login attempt for user: admin
2026-05-02 18:06:18,232 [WARNING] pos-api: Failed login attempt for user: Shishir
2026-05-02 18:06:19,031 [WARNING] pos-api: Failed login attempt for user: Shishir
2026-05-02 22:47:27,839 [INFO] pos-api: User logged in: owner (Role: Admin)
2026-05-02 22:47:27,841 [INFO] httpx: HTTP Request: POST http://testserver/api/auth/login "HTTP/1.1 200 OK"
2026-05-02 22:47:27,849 [INFO] pos-api: Company settings updated
2026-05-02 22:47:27,851 [INFO] httpx: HTTP Request: PATCH http://testserver/api/settings/company "HTTP/1.1 200 OK"
2026-05-02 22:47:27,853 [INFO] httpx: HTTP Request: GET http://testserver/api/auth/staff "HTTP/1.1 200 OK"
2026-05-02 22:47:27,855 [INFO] httpx: HTTP Request: GET http://testserver/api/settings/company "HTTP/1.1 200 OK"
2026-05-02 22:47:27,875 [INFO] httpx: HTTP Request: GET http://testserver/api/customers "HTTP/1.1 200 OK"
2026-05-02 22:47:27,878 [INFO] httpx: HTTP Request: GET http://testserver/api/products "HTTP/1.1 200 OK"
2026-05-02 22:47:27,881 [INFO] httpx: HTTP Request: GET http://testserver/api/vendors "HTTP/1.1 200 OK"
2026-05-02 22:47:27,888 [INFO] httpx: HTTP Request: GET http://testserver/api/crm/leads "HTTP/1.1 200 OK"
2026-05-02 22:47:27,905 [INFO] httpx: HTTP Request: GET http://testserver/api/finance/summary "HTTP/1.1 200 OK"
2026-05-02 22:47:27,924 [INFO] pos-api: User logged in: owner (Role: Admin)
2026-05-02 22:47:27,925 [INFO] httpx: HTTP Request: POST http://testserver/api/auth/login "HTTP/1.1 200 OK"
2026-05-02 22:47:27,931 [INFO] httpx: HTTP Request: POST http://testserver/api/products "HTTP/1.1 201 Created"
2026-05-02 22:47:27,935 [INFO] httpx: HTTP Request: POST http://testserver/api/vendors "HTTP/1.1 200 OK"
2026-05-02 22:47:27,947 [INFO] httpx: HTTP Request: POST http://testserver/api/purchases "HTTP/1.1 200 OK"
2026-05-02 22:47:27,957 [INFO] httpx: HTTP Request: POST http://testserver/api/purchases/return "HTTP/1.1 200 OK"
2026-05-02 22:47:27,964 [INFO] httpx: HTTP Request: POST http://testserver/api/vendors/1/pay "HTTP/1.1 200 OK"
2026-05-02 22:47:49,015 [INFO] pos-api: User logged in: owner (Role: Admin)
2026-05-02 22:47:49,016 [INFO] httpx: HTTP Request: POST http://testserver/api/auth/login "HTTP/1.1 200 OK"
2026-05-02 22:47:49,023 [INFO] pos-api: Company settings updated
2026-05-02 22:47:49,024 [INFO] httpx: HTTP Request: PATCH http://testserver/api/settings/company "HTTP/1.1 200 OK"
2026-05-02 22:47:49,027 [INFO] httpx: HTTP Request: GET http://testserver/api/auth/staff "HTTP/1.1 200 OK"
2026-05-02 22:47:49,029 [INFO] httpx: HTTP Request: GET http://testserver/api/settings/company "HTTP/1.1 200 OK"
2026-05-02 22:47:49,049 [INFO] httpx: HTTP Request: GET http://testserver/api/customers "HTTP/1.1 200 OK"
2026-05-02 22:47:49,053 [INFO] httpx: HTTP Request: GET http://testserver/api/products "HTTP/1.1 200 OK"
2026-05-02 22:47:49,056 [INFO] httpx: HTTP Request: GET http://testserver/api/vendors "HTTP/1.1 200 OK"
2026-05-02 22:47:49,064 [INFO] httpx: HTTP Request: GET http://testserver/api/crm/leads "HTTP/1.1 200 OK"
2026-05-02 22:47:49,074 [INFO] httpx: HTTP Request: GET http://testserver/api/finance/summary "HTTP/1.1 200 OK"
2026-05-02 22:47:49,092 [INFO] pos-api: User logged in: owner (Role: Admin)
2026-05-02 22:47:49,093 [INFO] httpx: HTTP Request: POST http://testserver/api/auth/login "HTTP/1.1 200 OK"
2026-05-02 22:47:49,098 [INFO] httpx: HTTP Request: POST http://testserver/api/products "HTTP/1.1 201 Created"
2026-05-02 22:47:49,101 [INFO] httpx: HTTP Request: POST http://testserver/api/vendors "HTTP/1.1 200 OK"
2026-05-02 22:47:49,114 [INFO] httpx: HTTP Request: POST http://testserver/api/purchases "HTTP/1.1 200 OK"
2026-05-02 22:47:49,124 [INFO] httpx: HTTP Request: POST http://testserver/api/purchases/return "HTTP/1.1 200 OK"
2026-05-02 22:47:49,130 [INFO] httpx: HTTP Request: POST http://testserver/api/vendors/1/pay "HTTP/1.1 200 OK"
2026-05-02 22:54:55,987 [INFO] pos-api: User logged in: owner (Role: Admin)
2026-05-02 22:54:55,989 [INFO] httpx: HTTP Request: POST http://testserver/api/auth/login "HTTP/1.1 200 OK"
2026-05-02 22:54:55,995 [INFO] pos-api: Company settings updated
2026-05-02 22:54:55,996 [INFO] httpx: HTTP Request: PATCH http://testserver/api/settings/company "HTTP/1.1 200 OK"
2026-05-02 22:54:55,998 [INFO] httpx: HTTP Request: GET http://testserver/api/auth/staff "HTTP/1.1 200 OK"
2026-05-02 22:54:56,000 [INFO] httpx: HTTP Request: GET http://testserver/api/settings/company "HTTP/1.1 200 OK"
2026-05-02 22:54:56,018 [INFO] httpx: HTTP Request: GET http://testserver/api/customers "HTTP/1.1 200 OK"
2026-05-02 22:54:56,022 [INFO] httpx: HTTP Request: GET http://testserver/api/products "HTTP/1.1 200 OK"
2026-05-02 22:54:56,025 [INFO] httpx: HTTP Request: GET http://testserver/api/vendors "HTTP/1.1 200 OK"
2026-05-02 22:54:56,032 [INFO] httpx: HTTP Request: GET http://testserver/api/crm/leads "HTTP/1.1 200 OK"
2026-05-02 22:54:56,043 [INFO] httpx: HTTP Request: GET http://testserver/api/finance/summary "HTTP/1.1 200 OK"
2026-05-02 22:54:56,063 [INFO] pos-api: User logged in: owner (Role: Admin)
2026-05-02 22:54:56,064 [INFO] httpx: HTTP Request: POST http://testserver/api/auth/login "HTTP/1.1 200 OK"
2026-05-02 22:54:56,068 [INFO] httpx: HTTP Request: POST http://testserver/api/products "HTTP/1.1 201 Created"
2026-05-02 22:54:56,073 [INFO] httpx: HTTP Request: PATCH http://testserver/api/products/11/stock "HTTP/1.1 200 OK"
2026-05-02 22:54:56,075 [INFO] httpx: HTTP Request: PATCH http://testserver/api/products/11/stock "HTTP/1.1 400 Bad Request"
2026-05-02 22:54:56,081 [INFO] httpx: HTTP Request: POST http://testserver/api/admin/damages?product_id=11&quantity=4&reason=smoke "HTTP/1.1 200 OK"
2026-05-02 22:54:56,083 [INFO] httpx: HTTP Request: POST http://testserver/api/admin/damages?product_id=11&quantity=1&reason=smoke "HTTP/1.1 400 Bad Request"
2026-05-02 22:54:56,086 [INFO] httpx: HTTP Request: GET http://testserver/api/products?q=SMOKE-ERP-STOCK-001 "HTTP/1.1 200 OK"
2026-05-02 22:54:56,105 [INFO] pos-api: User logged in: owner (Role: Admin)
2026-05-02 22:54:56,106 [INFO] httpx: HTTP Request: POST http://testserver/api/auth/login "HTTP/1.1 200 OK"
2026-05-02 22:54:56,109 [INFO] httpx: HTTP Request: POST http://testserver/api/products "HTTP/1.1 201 Created"
2026-05-02 22:54:56,113 [INFO] httpx: HTTP Request: POST http://testserver/api/vendors "HTTP/1.1 200 OK"
2026-05-02 22:54:56,126 [INFO] httpx: HTTP Request: POST http://testserver/api/purchases "HTTP/1.1 200 OK"
2026-05-02 22:54:56,137 [INFO] httpx: HTTP Request: POST http://testserver/api/purchases/return "HTTP/1.1 200 OK"
2026-05-02 22:54:56,143 [INFO] httpx: HTTP Request: POST http://testserver/api/vendors/1/pay "HTTP/1.1 200 OK"
2026-05-02 22:57:33,694 [INFO] pos-api: User logged in: owner (Role: Admin)
2026-05-02 22:57:33,696 [INFO] httpx: HTTP Request: POST http://testserver/api/auth/login "HTTP/1.1 200 OK"
2026-05-02 22:57:33,702 [INFO] pos-api: Company settings updated
2026-05-02 22:57:33,703 [INFO] httpx: HTTP Request: PATCH http://testserver/api/settings/company "HTTP/1.1 200 OK"
2026-05-02 22:57:33,705 [INFO] httpx: HTTP Request: GET http://testserver/api/auth/staff "HTTP/1.1 200 OK"
2026-05-02 22:57:33,707 [INFO] httpx: HTTP Request: GET http://testserver/api/settings/company "HTTP/1.1 200 OK"
2026-05-02 22:57:33,726 [INFO] httpx: HTTP Request: GET http://testserver/api/customers "HTTP/1.1 200 OK"
2026-05-02 22:57:33,730 [INFO] httpx: HTTP Request: GET http://testserver/api/products "HTTP/1.1 200 OK"
2026-05-02 22:57:33,732 [INFO] httpx: HTTP Request: GET http://testserver/api/vendors "HTTP/1.1 200 OK"
2026-05-02 22:57:33,740 [INFO] httpx: HTTP Request: GET http://testserver/api/crm/leads "HTTP/1.1 200 OK"
2026-05-02 22:57:33,750 [INFO] httpx: HTTP Request: GET http://testserver/api/finance/summary "HTTP/1.1 200 OK"
2026-05-02 22:57:33,768 [INFO] pos-api: User logged in: owner (Role: Admin)
2026-05-02 22:57:33,769 [INFO] httpx: HTTP Request: POST http://testserver/api/auth/login "HTTP/1.1 200 OK"
2026-05-02 22:57:33,780 [INFO] httpx: HTTP Request: POST http://testserver/api/customers "HTTP/1.1 201 Created"
2026-05-02 22:57:33,784 [INFO] httpx: HTTP Request: POST http://testserver/api/products "HTTP/1.1 201 Created"
2026-05-02 22:57:33,799 [INFO] pos-api: Sale created: INV-20260502-0004 | Total: 20.0 | User: owner
2026-05-02 22:57:33,806 [INFO] httpx: HTTP Request: POST http://testserver/api/pos/sale "HTTP/1.1 200 OK"
2026-05-02 22:57:33,812 [INFO] httpx: HTTP Request: GET http://testserver/api/customers/5/due-payments "HTTP/1.1 200 OK"
2026-05-02 22:57:33,821 [INFO] httpx: HTTP Request: POST http://testserver/api/customers/5/due-payments "HTTP/1.1 201 Created"
2026-05-02 22:57:33,823 [INFO] httpx: HTTP Request: POST http://testserver/api/customers/5/due-payments "HTTP/1.1 400 Bad Request"
2026-05-02 22:57:33,826 [INFO] httpx: HTTP Request: GET http://testserver/api/customers/5/due-payments "HTTP/1.1 200 OK"
2026-05-02 22:57:33,846 [INFO] pos-api: User logged in: owner (Role: Admin)
2026-05-02 22:57:33,846 [INFO] httpx: HTTP Request: POST http://testserver/api/auth/login "HTTP/1.1 200 OK"
2026-05-02 22:57:33,849 [INFO] httpx: HTTP Request: POST http://testserver/api/products "HTTP/1.1 201 Created"
2026-05-02 22:57:33,853 [INFO] httpx: HTTP Request: PATCH http://testserver/api/products/12/stock "HTTP/1.1 200 OK"
2026-05-02 22:57:33,855 [INFO] httpx: HTTP Request: PATCH http://testserver/api/products/12/stock "HTTP/1.1 400 Bad Request"
2026-05-02 22:57:33,862 [INFO] httpx: HTTP Request: POST http://testserver/api/admin/damages?product_id=12&quantity=4&reason=smoke "HTTP/1.1 200 OK"
2026-05-02 22:57:33,865 [INFO] httpx: HTTP Request: POST http://testserver/api/admin/damages?product_id=12&quantity=1&reason=smoke "HTTP/1.1 400 Bad Request"
2026-05-02 22:57:33,868 [INFO] httpx: HTTP Request: GET http://testserver/api/products?q=SMOKE-ERP-STOCK-001 "HTTP/1.1 200 OK"
2026-05-02 22:57:33,893 [INFO] pos-api: User logged in: owner (Role: Admin)
2026-05-02 22:57:33,894 [INFO] httpx: HTTP Request: POST http://testserver/api/auth/login "HTTP/1.1 200 OK"
2026-05-02 22:57:33,898 [INFO] httpx: HTTP Request: POST http://testserver/api/products "HTTP/1.1 201 Created"
2026-05-02 22:57:33,903 [INFO] httpx: HTTP Request: POST http://testserver/api/vendors "HTTP/1.1 200 OK"
2026-05-02 22:57:33,915 [INFO] httpx: HTTP Request: POST http://testserver/api/purchases "HTTP/1.1 200 OK"
2026-05-02 22:57:33,925 [INFO] httpx: HTTP Request: POST http://testserver/api/purchases/return "HTTP/1.1 200 OK"
2026-05-02 22:57:33,930 [INFO] httpx: HTTP Request: POST http://testserver/api/vendors/1/pay "HTTP/1.1 200 OK"
2026-05-02 23:01:13,896 [INFO] pos-api: User logged in: owner (Role: Admin)
2026-05-02 23:01:13,897 [INFO] httpx: HTTP Request: POST http://testserver/api/auth/login "HTTP/1.1 200 OK"
2026-05-02 23:01:13,903 [INFO] pos-api: Company settings updated
2026-05-02 23:01:13,904 [INFO] httpx: HTTP Request: PATCH http://testserver/api/settings/company "HTTP/1.1 200 OK"
2026-05-02 23:01:13,906 [INFO] httpx: HTTP Request: GET http://testserver/api/auth/staff "HTTP/1.1 200 OK"
2026-05-02 23:01:13,908 [INFO] httpx: HTTP Request: GET http://testserver/api/settings/company "HTTP/1.1 200 OK"
2026-05-02 23:01:13,923 [INFO] httpx: HTTP Request: GET http://testserver/api/customers "HTTP/1.1 200 OK"
2026-05-02 23:01:13,927 [INFO] httpx: HTTP Request: GET http://testserver/api/products "HTTP/1.1 200 OK"
2026-05-02 23:01:13,929 [INFO] httpx: HTTP Request: GET http://testserver/api/vendors "HTTP/1.1 200 OK"
2026-05-02 23:01:13,937 [INFO] httpx: HTTP Request: GET http://testserver/api/crm/leads "HTTP/1.1 200 OK"
2026-05-02 23:01:13,947 [INFO] httpx: HTTP Request: GET http://testserver/api/finance/summary "HTTP/1.1 200 OK"
2026-05-02 23:01:13,966 [INFO] pos-api: User logged in: owner (Role: Admin)
2026-05-02 23:01:13,966 [INFO] httpx: HTTP Request: POST http://testserver/api/auth/login "HTTP/1.1 200 OK"
2026-05-02 23:01:13,975 [INFO] httpx: HTTP Request: POST http://testserver/api/customers "HTTP/1.1 201 Created"
2026-05-02 23:01:13,979 [INFO] httpx: HTTP Request: POST http://testserver/api/products "HTTP/1.1 201 Created"
2026-05-02 23:01:13,993 [INFO] pos-api: Sale created: INV-20260502-0004 | Total: 20.0 | User: owner
2026-05-02 23:01:14,000 [INFO] httpx: HTTP Request: POST http://testserver/api/pos/sale "HTTP/1.1 200 OK"
2026-05-02 23:01:14,006 [INFO] httpx: HTTP Request: GET http://testserver/api/customers/5/due-payments "HTTP/1.1 200 OK"
2026-05-02 23:01:14,015 [INFO] httpx: HTTP Request: POST http://testserver/api/customers/5/due-payments "HTTP/1.1 201 Created"
2026-05-02 23:01:14,017 [INFO] httpx: HTTP Request: POST http://testserver/api/customers/5/due-payments "HTTP/1.1 400 Bad Request"
2026-05-02 23:01:14,020 [INFO] httpx: HTTP Request: GET http://testserver/api/customers/5/due-payments "HTTP/1.1 200 OK"
2026-05-02 23:01:14,042 [INFO] pos-api: User logged in: owner (Role: Admin)
2026-05-02 23:01:14,043 [INFO] httpx: HTTP Request: POST http://testserver/api/auth/login "HTTP/1.1 200 OK"
2026-05-02 23:01:14,045 [INFO] httpx: HTTP Request: POST http://testserver/api/products "HTTP/1.1 201 Created"
2026-05-02 23:01:14,049 [INFO] httpx: HTTP Request: PATCH http://testserver/api/products/12/stock "HTTP/1.1 200 OK"
2026-05-02 23:01:14,052 [INFO] httpx: HTTP Request: PATCH http://testserver/api/products/12/stock "HTTP/1.1 400 Bad Request"
2026-05-02 23:01:14,059 [INFO] httpx: HTTP Request: POST http://testserver/api/admin/damages?product_id=12&quantity=4&reason=smoke "HTTP/1.1 200 OK"
2026-05-02 23:01:14,063 [INFO] httpx: HTTP Request: POST http://testserver/api/admin/damages?product_id=12&quantity=1&reason=smoke "HTTP/1.1 400 Bad Request"
2026-05-02 23:01:14,066 [INFO] httpx: HTTP Request: GET http://testserver/api/products?q=SMOKE-ERP-STOCK-001 "HTTP/1.1 200 OK"
2026-05-02 23:01:14,095 [INFO] pos-api: User logged in: owner (Role: Admin)
2026-05-02 23:01:14,096 [INFO] httpx: HTTP Request: POST http://testserver/api/auth/login "HTTP/1.1 200 OK"
2026-05-02 23:01:14,099 [INFO] httpx: HTTP Request: POST http://testserver/api/products "HTTP/1.1 201 Created"
2026-05-02 23:01:14,104 [INFO] httpx: HTTP Request: POST http://testserver/api/vendors "HTTP/1.1 200 OK"
2026-05-02 23:01:14,116 [INFO] httpx: HTTP Request: POST http://testserver/api/purchases "HTTP/1.1 200 OK"
2026-05-02 23:01:14,127 [INFO] httpx: HTTP Request: POST http://testserver/api/purchases/return "HTTP/1.1 200 OK"
2026-05-02 23:01:14,133 [INFO] httpx: HTTP Request: POST http://testserver/api/vendors/1/pay "HTTP/1.1 200 OK"
2026-05-02 23:01:14,155 [INFO] pos-api: User logged in: owner (Role: Admin)
2026-05-02 23:01:14,156 [INFO] httpx: HTTP Request: POST http://testserver/api/auth/login "HTTP/1.1 200 OK"
2026-05-02 23:01:14,246 [INFO] httpx: HTTP Request: POST http://testserver/api/tasks "HTTP/1.1 201 Created"
2026-05-02 23:01:14,252 [INFO] httpx: HTTP Request: GET http://testserver/api/tasks?status=Open "HTTP/1.1 200 OK"
2026-05-02 23:01:14,268 [INFO] httpx: HTTP Request: PATCH http://testserver/api/tasks/1 "HTTP/1.1 200 OK"
2026-05-02 23:05:21,645 [INFO] pos-api: User logged in: owner (Role: Admin)
2026-05-02 23:05:21,646 [INFO] httpx: HTTP Request: POST http://testserver/api/auth/login "HTTP/1.1 200 OK"
2026-05-02 23:05:21,653 [INFO] pos-api: Company settings updated
2026-05-02 23:05:21,654 [INFO] httpx: HTTP Request: PATCH http://testserver/api/settings/company "HTTP/1.1 200 OK"
2026-05-02 23:05:21,657 [INFO] httpx: HTTP Request: GET http://testserver/api/auth/staff "HTTP/1.1 200 OK"
2026-05-02 23:05:21,659 [INFO] httpx: HTTP Request: GET http://testserver/api/settings/company "HTTP/1.1 200 OK"
2026-05-02 23:05:21,674 [INFO] httpx: HTTP Request: GET http://testserver/api/customers "HTTP/1.1 200 OK"
2026-05-02 23:05:21,678 [INFO] httpx: HTTP Request: GET http://testserver/api/products "HTTP/1.1 200 OK"
2026-05-02 23:05:21,681 [INFO] httpx: HTTP Request: GET http://testserver/api/vendors "HTTP/1.1 200 OK"
2026-05-02 23:05:21,688 [INFO] httpx: HTTP Request: GET http://testserver/api/crm/leads "HTTP/1.1 200 OK"
2026-05-02 23:05:21,699 [INFO] httpx: HTTP Request: GET http://testserver/api/finance/summary "HTTP/1.1 200 OK"
2026-05-02 23:05:21,718 [INFO] pos-api: User logged in: owner (Role: Admin)
2026-05-02 23:05:21,718 [INFO] httpx: HTTP Request: POST http://testserver/api/auth/login "HTTP/1.1 200 OK"
2026-05-02 23:05:21,727 [INFO] httpx: HTTP Request: POST http://testserver/api/customers "HTTP/1.1 201 Created"
2026-05-02 23:05:21,732 [INFO] httpx: HTTP Request: POST http://testserver/api/products "HTTP/1.1 201 Created"
2026-05-02 23:05:21,747 [INFO] pos-api: Sale created: INV-20260502-0004 | Total: 20.0 | User: owner
2026-05-02 23:05:21,754 [INFO] httpx: HTTP Request: POST http://testserver/api/pos/sale "HTTP/1.1 200 OK"
2026-05-02 23:05:21,760 [INFO] httpx: HTTP Request: GET http://testserver/api/customers/5/due-payments "HTTP/1.1 200 OK"
2026-05-02 23:05:21,770 [INFO] httpx: HTTP Request: POST http://testserver/api/customers/5/due-payments "HTTP/1.1 201 Created"
2026-05-02 23:05:21,772 [INFO] httpx: HTTP Request: POST http://testserver/api/customers/5/due-payments "HTTP/1.1 400 Bad Request"
2026-05-02 23:05:21,777 [INFO] httpx: HTTP Request: GET http://testserver/api/customers/5/due-payments "HTTP/1.1 200 OK"
2026-05-02 23:05:21,801 [INFO] pos-api: User logged in: owner (Role: Admin)
2026-05-02 23:05:21,802 [INFO] httpx: HTTP Request: POST http://testserver/api/auth/login "HTTP/1.1 200 OK"
2026-05-02 23:05:21,805 [INFO] httpx: HTTP Request: POST http://testserver/api/products "HTTP/1.1 201 Created"
2026-05-02 23:05:21,810 [INFO] httpx: HTTP Request: PATCH http://testserver/api/products/12/stock "HTTP/1.1 200 OK"
2026-05-02 23:05:21,812 [INFO] httpx: HTTP Request: PATCH http://testserver/api/products/12/stock "HTTP/1.1 400 Bad Request"
2026-05-02 23:05:21,822 [INFO] httpx: HTTP Request: POST http://testserver/api/admin/damages?product_id=12&quantity=4&reason=smoke "HTTP/1.1 200 OK"
2026-05-02 23:05:21,825 [INFO] httpx: HTTP Request: POST http://testserver/api/admin/damages?product_id=12&quantity=1&reason=smoke "HTTP/1.1 400 Bad Request"
2026-05-02 23:05:21,828 [INFO] httpx: HTTP Request: GET http://testserver/api/products?q=SMOKE-ERP-STOCK-001 "HTTP/1.1 200 OK"
2026-05-02 23:05:21,849 [INFO] pos-api: User logged in: owner (Role: Admin)
2026-05-02 23:05:21,850 [INFO] httpx: HTTP Request: POST http://testserver/api/auth/login "HTTP/1.1 200 OK"
2026-05-02 23:05:21,853 [INFO] httpx: HTTP Request: POST http://testserver/api/products "HTTP/1.1 201 Created"
2026-05-02 23:05:21,857 [INFO] httpx: HTTP Request: POST http://testserver/api/vendors "HTTP/1.1 200 OK"
2026-05-02 23:05:21,869 [INFO] httpx: HTTP Request: POST http://testserver/api/purchases "HTTP/1.1 200 OK"
2026-05-02 23:05:21,879 [INFO] httpx: HTTP Request: POST http://testserver/api/purchases/return "HTTP/1.1 200 OK"
2026-05-02 23:05:21,885 [INFO] httpx: HTTP Request: POST http://testserver/api/vendors/1/pay "HTTP/1.1 200 OK"
2026-05-02 23:05:21,907 [INFO] pos-api: User logged in: owner (Role: Admin)
2026-05-02 23:05:21,908 [INFO] httpx: HTTP Request: POST http://testserver/api/auth/login "HTTP/1.1 200 OK"
2026-05-02 23:05:21,926 [INFO] httpx: HTTP Request: POST http://testserver/api/internal-threads "HTTP/1.1 201 Created"
2026-05-02 23:05:21,994 [INFO] httpx: HTTP Request: GET http://testserver/api/internal-threads?status=Open "HTTP/1.1 200 OK"
2026-05-02 23:05:22,004 [INFO] httpx: HTTP Request: PATCH http://testserver/api/internal-threads/1 "HTTP/1.1 200 OK"
2026-05-02 23:05:22,010 [INFO] httpx: HTTP Request: POST http://testserver/api/internal-threads/1/messages "HTTP/1.1 200 OK"
2026-05-02 23:05:22,031 [INFO] pos-api: User logged in: owner (Role: Admin)
2026-05-02 23:05:22,031 [INFO] httpx: HTTP Request: POST http://testserver/api/auth/login "HTTP/1.1 200 OK"
2026-05-02 23:05:22,050 [INFO] httpx: HTTP Request: POST http://testserver/api/tasks "HTTP/1.1 201 Created"
2026-05-02 23:05:22,056 [INFO] httpx: HTTP Request: GET http://testserver/api/tasks?status=Open "HTTP/1.1 200 OK"
2026-05-02 23:05:22,068 [INFO] httpx: HTTP Request: PATCH http://testserver/api/tasks/1 "HTTP/1.1 200 OK"
2026-05-02 23:08:58,465 [INFO] pos-api: User logged in: owner (Role: Admin)
2026-05-02 23:08:58,469 [INFO] httpx: HTTP Request: POST http://testserver/api/auth/login "HTTP/1.1 200 OK"
2026-05-02 23:08:58,482 [INFO] pos-api: Company settings updated
2026-05-02 23:08:58,485 [INFO] httpx: HTTP Request: PATCH http://testserver/api/settings/company "HTTP/1.1 200 OK"
2026-05-02 23:08:58,490 [INFO] httpx: HTTP Request: GET http://testserver/api/auth/staff "HTTP/1.1 200 OK"
2026-05-02 23:08:58,494 [INFO] httpx: HTTP Request: GET http://testserver/api/settings/company "HTTP/1.1 200 OK"
2026-05-02 23:08:58,530 [INFO] httpx: HTTP Request: GET http://testserver/api/customers "HTTP/1.1 200 OK"
2026-05-02 23:08:58,539 [INFO] httpx: HTTP Request: GET http://testserver/api/products "HTTP/1.1 200 OK"
2026-05-02 23:08:58,545 [INFO] httpx: HTTP Request: GET http://testserver/api/vendors "HTTP/1.1 200 OK"
2026-05-02 23:08:58,561 [INFO] httpx: HTTP Request: GET http://testserver/api/crm/leads "HTTP/1.1 200 OK"
2026-05-02 23:08:58,587 [INFO] httpx: HTTP Request: GET http://testserver/api/finance/summary "HTTP/1.1 200 OK"
2026-05-02 23:08:58,624 [INFO] pos-api: User logged in: owner (Role: Admin)
2026-05-02 23:08:58,625 [INFO] httpx: HTTP Request: POST http://testserver/api/auth/login "HTTP/1.1 200 OK"
2026-05-02 23:08:58,642 [INFO] httpx: HTTP Request: POST http://testserver/api/customers "HTTP/1.1 201 Created"
2026-05-02 23:08:58,650 [INFO] httpx: HTTP Request: POST http://testserver/api/products "HTTP/1.1 201 Created"
2026-05-02 23:08:58,679 [INFO] pos-api: Sale created: INV-20260502-0004 | Total: 20.0 | User: owner
2026-05-02 23:08:58,694 [INFO] httpx: HTTP Request: POST http://testserver/api/pos/sale "HTTP/1.1 200 OK"
2026-05-02 23:08:58,707 [INFO] httpx: HTTP Request: GET http://testserver/api/customers/5/due-payments "HTTP/1.1 200 OK"
2026-05-02 23:08:58,725 [INFO] httpx: HTTP Request: POST http://testserver/api/customers/5/due-payments "HTTP/1.1 201 Created"
2026-05-02 23:08:58,729 [INFO] httpx: HTTP Request: POST http://testserver/api/customers/5/due-payments "HTTP/1.1 400 Bad Request"
2026-05-02 23:08:58,732 [INFO] httpx: HTTP Request: GET http://testserver/api/customers/5/due-payments "HTTP/1.1 200 OK"
2026-05-02 23:08:58,774 [INFO] pos-api: User logged in: owner (Role: Admin)
2026-05-02 23:08:58,775 [INFO] httpx: HTTP Request: POST http://testserver/api/auth/login "HTTP/1.1 200 OK"
2026-05-02 23:08:58,780 [INFO] httpx: HTTP Request: POST http://testserver/api/products "HTTP/1.1 201 Created"
2026-05-02 23:08:58,787 [INFO] httpx: HTTP Request: PATCH http://testserver/api/products/12/stock "HTTP/1.1 200 OK"
2026-05-02 23:08:58,790 [INFO] httpx: HTTP Request: PATCH http://testserver/api/products/12/stock "HTTP/1.1 400 Bad Request"
2026-05-02 23:08:58,799 [INFO] httpx: HTTP Request: POST http://testserver/api/admin/damages?product_id=12&quantity=4&reason=smoke "HTTP/1.1 200 OK"
2026-05-02 23:08:58,804 [INFO] httpx: HTTP Request: POST http://testserver/api/admin/damages?product_id=12&quantity=1&reason=smoke "HTTP/1.1 400 Bad Request"
2026-05-02 23:08:58,809 [INFO] httpx: HTTP Request: GET http://testserver/api/products?q=SMOKE-ERP-STOCK-001 "HTTP/1.1 200 OK"
2026-05-02 23:08:58,839 [INFO] pos-api: User logged in: owner (Role: Admin)
2026-05-02 23:08:58,840 [INFO] httpx: HTTP Request: POST http://testserver/api/auth/login "HTTP/1.1 200 OK"
2026-05-02 23:08:58,844 [INFO] httpx: HTTP Request: POST http://testserver/api/products "HTTP/1.1 201 Created"
2026-05-02 23:08:58,851 [INFO] httpx: HTTP Request: POST http://testserver/api/vendors "HTTP/1.1 200 OK"
2026-05-02 23:08:58,873 [INFO] httpx: HTTP Request: POST http://testserver/api/purchases "HTTP/1.1 200 OK"
2026-05-02 23:08:58,891 [INFO] httpx: HTTP Request: POST http://testserver/api/purchases/return "HTTP/1.1 200 OK"
2026-05-02 23:08:58,902 [INFO] httpx: HTTP Request: POST http://testserver/api/vendors/1/pay "HTTP/1.1 200 OK"
2026-05-02 23:08:58,936 [INFO] pos-api: User logged in: owner (Role: Admin)
2026-05-02 23:08:58,937 [INFO] httpx: HTTP Request: POST http://testserver/api/auth/login "HTTP/1.1 200 OK"
2026-05-02 23:08:58,968 [INFO] httpx: HTTP Request: POST http://testserver/api/internal-threads "HTTP/1.1 201 Created"
2026-05-02 23:08:59,071 [INFO] httpx: HTTP Request: GET http://testserver/api/internal-threads?status=Open "HTTP/1.1 200 OK"
2026-05-02 23:08:59,088 [INFO] httpx: HTTP Request: PATCH http://testserver/api/internal-threads/1 "HTTP/1.1 200 OK"
2026-05-02 23:08:59,096 [INFO] httpx: HTTP Request: POST http://testserver/api/internal-threads/1/messages "HTTP/1.1 200 OK"
2026-05-02 23:08:59,124 [INFO] pos-api: User logged in: owner (Role: Admin)
2026-05-02 23:08:59,126 [INFO] httpx: HTTP Request: POST http://testserver/api/auth/login "HTTP/1.1 200 OK"
2026-05-02 23:08:59,156 [INFO] httpx: HTTP Request: POST http://testserver/api/tasks "HTTP/1.1 201 Created"
2026-05-02 23:08:59,167 [INFO] httpx: HTTP Request: GET http://testserver/api/tasks?status=Open "HTTP/1.1 200 OK"
2026-05-02 23:08:59,190 [INFO] httpx: HTTP Request: PATCH http://testserver/api/tasks/1 "HTTP/1.1 200 OK"
2026-05-04 00:03:08,094 [INFO] pos-api: User logged in: owner (Role: Admin)
2026-05-04 00:03:08,097 [INFO] httpx: HTTP Request: POST http://testserver/api/auth/login "HTTP/1.1 200 OK"
2026-05-04 00:03:08,106 [INFO] pos-api: Company settings updated
2026-05-04 00:03:08,108 [INFO] httpx: HTTP Request: PATCH http://testserver/api/settings/company "HTTP/1.1 200 OK"
2026-05-04 00:03:08,112 [INFO] httpx: HTTP Request: GET http://testserver/api/auth/staff "HTTP/1.1 200 OK"
2026-05-04 00:03:08,114 [INFO] httpx: HTTP Request: GET http://testserver/api/settings/company "HTTP/1.1 200 OK"
2026-05-04 00:03:08,133 [INFO] httpx: HTTP Request: GET http://testserver/api/customers "HTTP/1.1 200 OK"
2026-05-04 00:03:08,138 [INFO] httpx: HTTP Request: GET http://testserver/api/products "HTTP/1.1 200 OK"
2026-05-04 00:03:08,141 [INFO] httpx: HTTP Request: GET http://testserver/api/vendors "HTTP/1.1 200 OK"
2026-05-04 00:03:08,150 [INFO] httpx: HTTP Request: GET http://testserver/api/crm/leads "HTTP/1.1 200 OK"
2026-05-04 00:03:08,171 [INFO] httpx: HTTP Request: GET http://testserver/api/finance/summary "HTTP/1.1 200 OK"
2026-05-04 00:03:08,192 [INFO] pos-api: User logged in: owner (Role: Admin)
2026-05-04 00:03:08,194 [INFO] httpx: HTTP Request: POST http://testserver/api/auth/login "HTTP/1.1 200 OK"
2026-05-04 00:03:08,203 [INFO] httpx: HTTP Request: POST http://testserver/api/customers "HTTP/1.1 201 Created"
2026-05-04 00:03:08,208 [INFO] httpx: HTTP Request: POST http://testserver/api/products "HTTP/1.1 201 Created"
2026-05-04 00:03:08,226 [INFO] pos-api: Sale created: INV-20260504-0001 | Total: 20.0 | User: owner
2026-05-04 00:03:08,235 [INFO] httpx: HTTP Request: POST http://testserver/api/pos/sale "HTTP/1.1 200 OK"
2026-05-04 00:03:08,241 [INFO] httpx: HTTP Request: GET http://testserver/api/customers/5/due-payments "HTTP/1.1 200 OK"
2026-05-04 00:03:08,252 [INFO] httpx: HTTP Request: POST http://testserver/api/customers/5/due-payments "HTTP/1.1 201 Created"
2026-05-04 00:03:08,255 [INFO] httpx: HTTP Request: POST http://testserver/api/customers/5/due-payments "HTTP/1.1 400 Bad Request"
2026-05-04 00:03:08,258 [INFO] httpx: HTTP Request: GET http://testserver/api/customers/5/due-payments "HTTP/1.1 200 OK"
2026-05-04 00:03:08,282 [INFO] pos-api: User logged in: owner (Role: Admin)
2026-05-04 00:03:08,283 [INFO] httpx: HTTP Request: POST http://testserver/api/auth/login "HTTP/1.1 200 OK"
2026-05-04 00:03:08,286 [INFO] httpx: HTTP Request: POST http://testserver/api/products "HTTP/1.1 201 Created"
2026-05-04 00:03:08,290 [INFO] httpx: HTTP Request: PATCH http://testserver/api/products/12/stock "HTTP/1.1 200 OK"
2026-05-04 00:03:08,293 [INFO] httpx: HTTP Request: PATCH http://testserver/api/products/12/stock "HTTP/1.1 400 Bad Request"
2026-05-04 00:03:08,300 [INFO] httpx: HTTP Request: POST http://testserver/api/admin/damages?product_id=12&quantity=4&reason=smoke "HTTP/1.1 200 OK"
2026-05-04 00:03:08,302 [INFO] httpx: HTTP Request: POST http://testserver/api/admin/damages?product_id=12&quantity=1&reason=smoke "HTTP/1.1 400 Bad Request"
2026-05-04 00:03:08,306 [INFO] httpx: HTTP Request: GET http://testserver/api/products?q=SMOKE-ERP-STOCK-001 "HTTP/1.1 200 OK"
2026-05-04 00:03:08,329 [INFO] pos-api: User logged in: owner (Role: Admin)
2026-05-04 00:03:08,330 [INFO] httpx: HTTP Request: POST http://testserver/api/auth/login "HTTP/1.1 200 OK"
2026-05-04 00:03:08,334 [INFO] httpx: HTTP Request: POST http://testserver/api/products "HTTP/1.1 201 Created"
2026-05-04 00:03:08,338 [INFO] httpx: HTTP Request: POST http://testserver/api/vendors "HTTP/1.1 200 OK"
2026-05-04 00:03:08,353 [INFO] httpx: HTTP Request: POST http://testserver/api/purchases "HTTP/1.1 200 OK"
2026-05-04 00:03:08,370 [INFO] httpx: HTTP Request: POST http://testserver/api/purchases/return "HTTP/1.1 200 OK"
2026-05-04 00:03:08,378 [INFO] httpx: HTTP Request: POST http://testserver/api/vendors/1/pay "HTTP/1.1 200 OK"
2026-05-04 00:03:08,402 [INFO] pos-api: User logged in: owner (Role: Admin)
2026-05-04 00:03:08,403 [INFO] httpx: HTTP Request: POST http://testserver/api/auth/login "HTTP/1.1 200 OK"
2026-05-04 00:03:08,492 [INFO] httpx: HTTP Request: POST http://testserver/api/internal-threads "HTTP/1.1 201 Created"
2026-05-04 00:03:08,503 [INFO] httpx: HTTP Request: GET http://testserver/api/internal-threads?status=Open "HTTP/1.1 200 OK"
2026-05-04 00:03:08,515 [INFO] httpx: HTTP Request: PATCH http://testserver/api/internal-threads/1 "HTTP/1.1 200 OK"
2026-05-04 00:03:08,521 [INFO] httpx: HTTP Request: POST http://testserver/api/internal-threads/1/messages "HTTP/1.1 200 OK"
2026-05-04 00:03:08,546 [INFO] pos-api: User logged in: owner (Role: Admin)
2026-05-04 00:03:08,547 [INFO] httpx: HTTP Request: POST http://testserver/api/auth/login "HTTP/1.1 200 OK"
2026-05-04 00:03:08,566 [INFO] httpx: HTTP Request: POST http://testserver/api/tasks "HTTP/1.1 201 Created"
2026-05-04 00:03:08,573 [INFO] httpx: HTTP Request: GET http://testserver/api/tasks?status=Open "HTTP/1.1 200 OK"
2026-05-04 00:03:08,588 [INFO] httpx: HTTP Request: PATCH http://testserver/api/tasks/1 "HTTP/1.1 200 OK"
2026-05-04 00:10:43,925 [INFO] pos-api: User logged in: owner (Role: Admin)
2026-05-04 00:10:43,929 [INFO] httpx: HTTP Request: POST http://testserver/api/auth/login "HTTP/1.1 200 OK"
2026-05-04 00:10:43,936 [INFO] pos-api: Company settings updated
2026-05-04 00:10:43,938 [INFO] httpx: HTTP Request: PATCH http://testserver/api/settings/company "HTTP/1.1 200 OK"
2026-05-04 00:10:43,941 [INFO] httpx: HTTP Request: GET http://testserver/api/auth/staff "HTTP/1.1 200 OK"
2026-05-04 00:10:43,943 [INFO] httpx: HTTP Request: GET http://testserver/api/settings/company "HTTP/1.1 200 OK"
2026-05-04 00:10:43,959 [INFO] httpx: HTTP Request: GET http://testserver/api/customers "HTTP/1.1 200 OK"
2026-05-04 00:10:43,963 [INFO] httpx: HTTP Request: GET http://testserver/api/products "HTTP/1.1 200 OK"
2026-05-04 00:10:43,966 [INFO] httpx: HTTP Request: GET http://testserver/api/vendors "HTTP/1.1 200 OK"
2026-05-04 00:10:43,974 [INFO] httpx: HTTP Request: GET http://testserver/api/crm/leads "HTTP/1.1 200 OK"
2026-05-04 00:10:43,986 [INFO] httpx: HTTP Request: GET http://testserver/api/finance/summary "HTTP/1.1 200 OK"
2026-05-04 00:10:44,007 [INFO] pos-api: User logged in: owner (Role: Admin)
2026-05-04 00:10:44,008 [INFO] httpx: HTTP Request: POST http://testserver/api/auth/login "HTTP/1.1 200 OK"
2026-05-04 00:10:44,017 [INFO] httpx: HTTP Request: POST http://testserver/api/customers "HTTP/1.1 201 Created"
2026-05-04 00:10:44,022 [INFO] httpx: HTTP Request: POST http://testserver/api/products "HTTP/1.1 201 Created"
2026-05-04 00:10:44,039 [INFO] pos-api: Sale created: INV-20260504-0001 | Total: 20.0 | User: owner
2026-05-04 00:10:44,046 [INFO] httpx: HTTP Request: POST http://testserver/api/pos/sale "HTTP/1.1 200 OK"
2026-05-04 00:10:44,053 [INFO] httpx: HTTP Request: GET http://testserver/api/customers/5/due-payments "HTTP/1.1 200 OK"
2026-05-04 00:10:44,063 [INFO] httpx: HTTP Request: POST http://testserver/api/customers/5/due-payments "HTTP/1.1 201 Created"
2026-05-04 00:10:44,066 [INFO] httpx: HTTP Request: POST http://testserver/api/customers/5/due-payments "HTTP/1.1 400 Bad Request"
2026-05-04 00:10:44,069 [INFO] httpx: HTTP Request: GET http://testserver/api/customers/5/due-payments "HTTP/1.1 200 OK"
2026-05-04 00:10:44,089 [INFO] pos-api: User logged in: owner (Role: Admin)
2026-05-04 00:10:44,090 [INFO] httpx: HTTP Request: POST http://testserver/api/auth/login "HTTP/1.1 200 OK"
2026-05-04 00:10:44,093 [INFO] httpx: HTTP Request: POST http://testserver/api/products "HTTP/1.1 201 Created"
2026-05-04 00:10:44,097 [INFO] httpx: HTTP Request: PATCH http://testserver/api/products/12/stock "HTTP/1.1 200 OK"
2026-05-04 00:10:44,100 [INFO] httpx: HTTP Request: PATCH http://testserver/api/products/12/stock "HTTP/1.1 400 Bad Request"
2026-05-04 00:10:44,107 [INFO] httpx: HTTP Request: POST http://testserver/api/admin/damages?product_id=12&quantity=4&reason=smoke "HTTP/1.1 200 OK"
2026-05-04 00:10:44,109 [INFO] httpx: HTTP Request: POST http://testserver/api/admin/damages?product_id=12&quantity=1&reason=smoke "HTTP/1.1 400 Bad Request"
2026-05-04 00:10:44,112 [INFO] httpx: HTTP Request: GET http://testserver/api/products?q=SMOKE-ERP-STOCK-001 "HTTP/1.1 200 OK"
2026-05-04 00:10:44,134 [INFO] pos-api: User logged in: owner (Role: Admin)
2026-05-04 00:10:44,135 [INFO] httpx: HTTP Request: POST http://testserver/api/auth/login "HTTP/1.1 200 OK"
2026-05-04 00:10:44,138 [INFO] httpx: HTTP Request: POST http://testserver/api/products "HTTP/1.1 201 Created"
2026-05-04 00:10:44,142 [INFO] httpx: HTTP Request: POST http://testserver/api/vendors "HTTP/1.1 200 OK"
2026-05-04 00:10:44,159 [INFO] httpx: HTTP Request: POST http://testserver/api/purchases "HTTP/1.1 200 OK"
2026-05-04 00:10:44,170 [INFO] httpx: HTTP Request: POST http://testserver/api/purchases/return "HTTP/1.1 200 OK"
2026-05-04 00:10:44,177 [INFO] httpx: HTTP Request: POST http://testserver/api/vendors/1/pay "HTTP/1.1 200 OK"
2026-05-04 00:10:44,199 [INFO] pos-api: User logged in: owner (Role: Admin)
2026-05-04 00:10:44,200 [INFO] httpx: HTTP Request: POST http://testserver/api/auth/login "HTTP/1.1 200 OK"
2026-05-04 00:10:44,284 [INFO] httpx: HTTP Request: POST http://testserver/api/internal-threads "HTTP/1.1 201 Created"
2026-05-04 00:10:44,293 [INFO] httpx: HTTP Request: GET http://testserver/api/internal-threads?status=Open "HTTP/1.1 200 OK"
2026-05-04 00:10:44,304 [INFO] httpx: HTTP Request: PATCH http://testserver/api/internal-threads/1 "HTTP/1.1 200 OK"
2026-05-04 00:10:44,310 [INFO] httpx: HTTP Request: POST http://testserver/api/internal-threads/1/messages "HTTP/1.1 200 OK"
2026-05-04 00:10:44,333 [INFO] pos-api: User logged in: owner (Role: Admin)
2026-05-04 00:10:44,334 [INFO] httpx: HTTP Request: POST http://testserver/api/auth/login "HTTP/1.1 200 OK"
2026-05-04 00:10:44,353 [INFO] httpx: HTTP Request: POST http://testserver/api/tasks "HTTP/1.1 201 Created"
2026-05-04 00:10:44,359 [INFO] httpx: HTTP Request: GET http://testserver/api/tasks?status=Open "HTTP/1.1 200 OK"
2026-05-04 00:10:44,372 [INFO] httpx: HTTP Request: PATCH http://testserver/api/tasks/1 "HTTP/1.1 200 OK"
2026-05-04 00:10:44,393 [INFO] pos-api: User logged in: owner (Role: Admin)
2026-05-04 00:10:44,394 [INFO] httpx: HTTP Request: POST http://testserver/api/auth/login "HTTP/1.1 200 OK"
2026-05-04 00:10:44,399 [INFO] httpx: HTTP Request: POST http://testserver/api/admin/users "HTTP/1.1 200 OK"
2026-05-04 00:10:44,403 [INFO] httpx: HTTP Request: GET http://testserver/api/payroll/summary?month=2026-05 "HTTP/1.1 200 OK"
2026-05-04 00:10:44,411 [INFO] httpx: HTTP Request: POST http://testserver/api/payroll/cut "HTTP/1.1 201 Created"
2026-05-04 00:10:44,423 [INFO] httpx: HTTP Request: POST http://testserver/api/payroll/pay "HTTP/1.1 201 Created"
2026-05-04 00:10:44,426 [INFO] httpx: HTTP Request: POST http://testserver/api/payroll/pay "HTTP/1.1 400 Bad Request"
2026-05-04 00:10:44,429 [INFO] httpx: HTTP Request: GET http://testserver/api/payroll/summary?month=2026-05 "HTTP/1.1 200 OK"
2026-05-04 00:26:33,160 [INFO] pos-api: User logged in: owner (Role: Admin)
2026-05-04 00:26:33,165 [INFO] httpx: HTTP Request: POST http://testserver/api/auth/login "HTTP/1.1 200 OK"
2026-05-04 00:26:33,173 [INFO] pos-api: Company settings updated
2026-05-04 00:26:33,174 [INFO] httpx: HTTP Request: PATCH http://testserver/api/settings/company "HTTP/1.1 200 OK"
2026-05-04 00:26:33,177 [INFO] httpx: HTTP Request: GET http://testserver/api/auth/staff "HTTP/1.1 200 OK"
2026-05-04 00:26:33,181 [INFO] httpx: HTTP Request: GET http://testserver/api/settings/company "HTTP/1.1 200 OK"
2026-05-04 00:26:33,199 [INFO] httpx: HTTP Request: GET http://testserver/api/customers "HTTP/1.1 200 OK"
2026-05-04 00:26:33,204 [INFO] httpx: HTTP Request: GET http://testserver/api/products "HTTP/1.1 200 OK"
2026-05-04 00:26:33,207 [INFO] httpx: HTTP Request: GET http://testserver/api/vendors "HTTP/1.1 200 OK"
2026-05-04 00:26:33,217 [INFO] httpx: HTTP Request: GET http://testserver/api/crm/leads "HTTP/1.1 200 OK"
2026-05-04 00:26:33,230 [INFO] httpx: HTTP Request: GET http://testserver/api/finance/summary "HTTP/1.1 200 OK"
2026-05-04 00:26:33,234 [INFO] httpx: HTTP Request: GET http://testserver/api/finance/chart-accounts "HTTP/1.1 200 OK"
2026-05-04 00:26:33,239 [INFO] httpx: HTTP Request: GET http://testserver/api/finance/ledger "HTTP/1.1 200 OK"
2026-05-04 00:26:33,243 [INFO] httpx: HTTP Request: GET http://testserver/api/finance/daily-summary "HTTP/1.1 200 OK"
2026-05-04 00:26:33,266 [INFO] pos-api: User logged in: owner (Role: Admin)
2026-05-04 00:26:33,267 [INFO] httpx: HTTP Request: POST http://testserver/api/auth/login "HTTP/1.1 200 OK"
2026-05-04 00:26:33,275 [INFO] httpx: HTTP Request: POST http://testserver/api/customers "HTTP/1.1 201 Created"
2026-05-04 00:26:33,283 [INFO] httpx: HTTP Request: POST http://testserver/api/products "HTTP/1.1 201 Created"
2026-05-04 00:26:33,302 [INFO] pos-api: Sale created: INV-20260504-0001 | Total: 20.0 | User: owner
2026-05-04 00:26:33,309 [INFO] httpx: HTTP Request: POST http://testserver/api/pos/sale "HTTP/1.1 200 OK"
2026-05-04 00:26:33,317 [INFO] httpx: HTTP Request: GET http://testserver/api/customers/5/due-payments "HTTP/1.1 200 OK"
2026-05-04 00:26:33,335 [INFO] httpx: HTTP Request: POST http://testserver/api/customers/5/due-payments "HTTP/1.1 201 Created"
2026-05-04 00:26:33,337 [INFO] httpx: HTTP Request: POST http://testserver/api/customers/5/due-payments "HTTP/1.1 400 Bad Request"
2026-05-04 00:26:33,340 [INFO] httpx: HTTP Request: GET http://testserver/api/customers/5/due-payments "HTTP/1.1 200 OK"
2026-05-04 00:26:33,366 [INFO] pos-api: User logged in: owner (Role: Admin)
2026-05-04 00:26:33,367 [INFO] httpx: HTTP Request: POST http://testserver/api/auth/login "HTTP/1.1 200 OK"
2026-05-04 00:26:33,370 [INFO] httpx: HTTP Request: POST http://testserver/api/products "HTTP/1.1 201 Created"
2026-05-04 00:26:33,374 [INFO] httpx: HTTP Request: PATCH http://testserver/api/products/12/stock "HTTP/1.1 200 OK"
2026-05-04 00:26:33,376 [INFO] httpx: HTTP Request: PATCH http://testserver/api/products/12/stock "HTTP/1.1 400 Bad Request"
2026-05-04 00:26:33,467 [INFO] httpx: HTTP Request: POST http://testserver/api/admin/damages?product_id=12&quantity=4&reason=smoke "HTTP/1.1 200 OK"
2026-05-04 00:26:33,470 [INFO] httpx: HTTP Request: POST http://testserver/api/admin/damages?product_id=12&quantity=1&reason=smoke "HTTP/1.1 400 Bad Request"
2026-05-04 00:26:33,473 [INFO] httpx: HTTP Request: GET http://testserver/api/products?q=SMOKE-ERP-STOCK-001 "HTTP/1.1 200 OK"
2026-05-04 00:26:33,497 [INFO] pos-api: User logged in: owner (Role: Admin)
2026-05-04 00:26:33,498 [INFO] httpx: HTTP Request: POST http://testserver/api/auth/login "HTTP/1.1 200 OK"
2026-05-04 00:26:33,502 [INFO] httpx: HTTP Request: POST http://testserver/api/products "HTTP/1.1 201 Created"
2026-05-04 00:26:33,506 [INFO] httpx: HTTP Request: POST http://testserver/api/vendors "HTTP/1.1 200 OK"
2026-05-04 00:26:33,521 [INFO] httpx: HTTP Request: POST http://testserver/api/purchases "HTTP/1.1 200 OK"
2026-05-04 00:26:33,534 [INFO] httpx: HTTP Request: POST http://testserver/api/purchases/return "HTTP/1.1 200 OK"
2026-05-04 00:26:33,540 [INFO] httpx: HTTP Request: POST http://testserver/api/vendors/1/pay "HTTP/1.1 200 OK"
2026-05-04 00:26:33,566 [INFO] pos-api: User logged in: owner (Role: Admin)
2026-05-04 00:26:33,566 [INFO] httpx: HTTP Request: POST http://testserver/api/auth/login "HTTP/1.1 200 OK"
2026-05-04 00:26:33,583 [INFO] httpx: HTTP Request: POST http://testserver/api/internal-threads "HTTP/1.1 201 Created"
2026-05-04 00:26:33,593 [INFO] httpx: HTTP Request: GET http://testserver/api/internal-threads?status=Open "HTTP/1.1 200 OK"
2026-05-04 00:26:33,605 [INFO] httpx: HTTP Request: PATCH http://testserver/api/internal-threads/1 "HTTP/1.1 200 OK"
2026-05-04 00:26:33,612 [INFO] httpx: HTTP Request: POST http://testserver/api/internal-threads/1/messages "HTTP/1.1 200 OK"
2026-05-04 00:26:33,636 [INFO] pos-api: User logged in: owner (Role: Admin)
2026-05-04 00:26:33,637 [INFO] httpx: HTTP Request: POST http://testserver/api/auth/login "HTTP/1.1 200 OK"
2026-05-04 00:26:33,658 [INFO] httpx: HTTP Request: POST http://testserver/api/tasks "HTTP/1.1 201 Created"
2026-05-04 00:26:33,665 [INFO] httpx: HTTP Request: GET http://testserver/api/tasks?status=Open "HTTP/1.1 200 OK"
2026-05-04 00:26:33,680 [INFO] httpx: HTTP Request: PATCH http://testserver/api/tasks/1 "HTTP/1.1 200 OK"
2026-05-04 00:26:33,704 [INFO] pos-api: User logged in: owner (Role: Admin)
2026-05-04 00:26:33,705 [INFO] httpx: HTTP Request: POST http://testserver/api/auth/login "HTTP/1.1 200 OK"
2026-05-04 00:26:33,710 [INFO] httpx: HTTP Request: POST http://testserver/api/admin/users "HTTP/1.1 200 OK"
2026-05-04 00:26:33,716 [INFO] httpx: HTTP Request: GET http://testserver/api/payroll/summary?month=2026-05 "HTTP/1.1 200 OK"
2026-05-04 00:26:33,725 [INFO] httpx: HTTP Request: POST http://testserver/api/payroll/cut "HTTP/1.1 201 Created"
2026-05-04 00:26:33,740 [INFO] httpx: HTTP Request: POST http://testserver/api/payroll/pay "HTTP/1.1 201 Created"
2026-05-04 00:26:33,743 [INFO] httpx: HTTP Request: POST http://testserver/api/payroll/pay "HTTP/1.1 400 Bad Request"
2026-05-04 00:26:33,747 [INFO] httpx: HTTP Request: GET http://testserver/api/payroll/summary?month=2026-05 "HTTP/1.1 200 OK"
2026-05-04 00:35:53,426 [INFO] pos-api: User logged in: owner (Role: Admin)
2026-05-04 00:35:53,427 [INFO] httpx: HTTP Request: POST http://testserver/api/auth/login "HTTP/1.1 200 OK"
2026-05-04 00:35:53,434 [INFO] pos-api: Company settings updated
2026-05-04 00:35:53,435 [INFO] httpx: HTTP Request: PATCH http://testserver/api/settings/company "HTTP/1.1 200 OK"
2026-05-04 00:35:53,437 [INFO] httpx: HTTP Request: GET http://testserver/api/auth/staff "HTTP/1.1 200 OK"
2026-05-04 00:35:53,441 [INFO] httpx: HTTP Request: GET http://testserver/api/settings/company "HTTP/1.1 200 OK"
2026-05-04 00:35:53,457 [INFO] httpx: HTTP Request: GET http://testserver/api/customers "HTTP/1.1 200 OK"
2026-05-04 00:35:53,461 [INFO] httpx: HTTP Request: GET http://testserver/api/products "HTTP/1.1 200 OK"
2026-05-04 00:35:53,464 [INFO] httpx: HTTP Request: GET http://testserver/api/vendors "HTTP/1.1 200 OK"
2026-05-04 00:35:53,472 [INFO] httpx: HTTP Request: GET http://testserver/api/crm/leads "HTTP/1.1 200 OK"
2026-05-04 00:35:53,484 [INFO] httpx: HTTP Request: GET http://testserver/api/finance/summary "HTTP/1.1 200 OK"
2026-05-04 00:35:53,488 [INFO] httpx: HTTP Request: GET http://testserver/api/finance/chart-accounts "HTTP/1.1 200 OK"
2026-05-04 00:35:53,494 [INFO] httpx: HTTP Request: GET http://testserver/api/finance/ledger "HTTP/1.1 200 OK"
2026-05-04 00:35:53,498 [INFO] httpx: HTTP Request: GET http://testserver/api/finance/daily-summary "HTTP/1.1 200 OK"
2026-05-04 00:35:53,501 [INFO] httpx: HTTP Request: GET http://testserver/api/finance/recurring-expenses "HTTP/1.1 200 OK"
2026-05-04 00:35:53,522 [INFO] pos-api: User logged in: owner (Role: Admin)
2026-05-04 00:35:53,523 [INFO] httpx: HTTP Request: POST http://testserver/api/auth/login "HTTP/1.1 200 OK"
2026-05-04 00:35:53,533 [INFO] httpx: HTTP Request: POST http://testserver/api/customers "HTTP/1.1 201 Created"
2026-05-04 00:35:53,539 [INFO] httpx: HTTP Request: POST http://testserver/api/products "HTTP/1.1 201 Created"
2026-05-04 00:35:53,555 [INFO] pos-api: Sale created: INV-20260504-0001 | Total: 20.0 | User: owner
2026-05-04 00:35:53,563 [INFO] httpx: HTTP Request: POST http://testserver/api/pos/sale "HTTP/1.1 200 OK"
2026-05-04 00:35:53,572 [INFO] httpx: HTTP Request: GET http://testserver/api/customers/5/due-payments "HTTP/1.1 200 OK"
2026-05-04 00:35:53,583 [INFO] httpx: HTTP Request: POST http://testserver/api/customers/5/due-payments "HTTP/1.1 201 Created"
2026-05-04 00:35:53,586 [INFO] httpx: HTTP Request: POST http://testserver/api/customers/5/due-payments "HTTP/1.1 400 Bad Request"
2026-05-04 00:35:53,589 [INFO] httpx: HTTP Request: GET http://testserver/api/customers/5/due-payments "HTTP/1.1 200 OK"
2026-05-04 00:35:53,690 [INFO] pos-api: User logged in: owner (Role: Admin)
2026-05-04 00:35:53,691 [INFO] httpx: HTTP Request: POST http://testserver/api/auth/login "HTTP/1.1 200 OK"
2026-05-04 00:35:53,694 [INFO] httpx: HTTP Request: POST http://testserver/api/products "HTTP/1.1 201 Created"
2026-05-04 00:35:53,698 [INFO] httpx: HTTP Request: PATCH http://testserver/api/products/12/stock "HTTP/1.1 200 OK"
2026-05-04 00:35:53,700 [INFO] httpx: HTTP Request: PATCH http://testserver/api/products/12/stock "HTTP/1.1 400 Bad Request"
2026-05-04 00:35:53,707 [INFO] httpx: HTTP Request: POST http://testserver/api/admin/damages?product_id=12&quantity=4&reason=smoke "HTTP/1.1 200 OK"
2026-05-04 00:35:53,709 [INFO] httpx: HTTP Request: POST http://testserver/api/admin/damages?product_id=12&quantity=1&reason=smoke "HTTP/1.1 400 Bad Request"
2026-05-04 00:35:53,712 [INFO] httpx: HTTP Request: GET http://testserver/api/products?q=SMOKE-ERP-STOCK-001 "HTTP/1.1 200 OK"
2026-05-04 00:35:53,735 [INFO] pos-api: User logged in: owner (Role: Admin)
2026-05-04 00:35:53,735 [INFO] httpx: HTTP Request: POST http://testserver/api/auth/login "HTTP/1.1 200 OK"
2026-05-04 00:35:53,739 [INFO] httpx: HTTP Request: POST http://testserver/api/products "HTTP/1.1 201 Created"
2026-05-04 00:35:53,744 [INFO] httpx: HTTP Request: POST http://testserver/api/vendors "HTTP/1.1 200 OK"
2026-05-04 00:35:53,757 [INFO] httpx: HTTP Request: POST http://testserver/api/purchases "HTTP/1.1 200 OK"
2026-05-04 00:35:53,769 [INFO] httpx: HTTP Request: POST http://testserver/api/purchases/return "HTTP/1.1 200 OK"
2026-05-04 00:35:53,777 [INFO] httpx: HTTP Request: POST http://testserver/api/vendors/1/pay "HTTP/1.1 200 OK"
2026-05-04 00:35:53,799 [INFO] pos-api: User logged in: owner (Role: Admin)
2026-05-04 00:35:53,800 [INFO] httpx: HTTP Request: POST http://testserver/api/auth/login "HTTP/1.1 200 OK"
2026-05-04 00:35:53,816 [INFO] httpx: HTTP Request: POST http://testserver/api/internal-threads "HTTP/1.1 201 Created"
2026-05-04 00:35:53,826 [INFO] httpx: HTTP Request: GET http://testserver/api/internal-threads?status=Open "HTTP/1.1 200 OK"
2026-05-04 00:35:53,836 [INFO] httpx: HTTP Request: PATCH http://testserver/api/internal-threads/1 "HTTP/1.1 200 OK"
2026-05-04 00:35:53,843 [INFO] httpx: HTTP Request: POST http://testserver/api/internal-threads/1/messages "HTTP/1.1 200 OK"
2026-05-04 00:35:53,867 [INFO] pos-api: User logged in: owner (Role: Admin)
2026-05-04 00:35:53,868 [INFO] httpx: HTTP Request: POST http://testserver/api/auth/login "HTTP/1.1 200 OK"
2026-05-04 00:35:53,887 [INFO] httpx: HTTP Request: POST http://testserver/api/tasks "HTTP/1.1 201 Created"
2026-05-04 00:35:53,895 [INFO] httpx: HTTP Request: GET http://testserver/api/tasks?status=Open "HTTP/1.1 200 OK"
2026-05-04 00:35:53,910 [INFO] httpx: HTTP Request: PATCH http://testserver/api/tasks/1 "HTTP/1.1 200 OK"
2026-05-04 00:35:53,932 [INFO] pos-api: User logged in: owner (Role: Admin)
2026-05-04 00:35:53,933 [INFO] httpx: HTTP Request: POST http://testserver/api/auth/login "HTTP/1.1 200 OK"
2026-05-04 00:35:53,938 [INFO] httpx: HTTP Request: POST http://testserver/api/admin/users "HTTP/1.1 200 OK"
2026-05-04 00:35:53,942 [INFO] httpx: HTTP Request: GET http://testserver/api/payroll/summary?month=2026-05 "HTTP/1.1 200 OK"
2026-05-04 00:35:53,952 [INFO] httpx: HTTP Request: POST http://testserver/api/payroll/cut "HTTP/1.1 201 Created"
2026-05-04 00:35:53,965 [INFO] httpx: HTTP Request: POST http://testserver/api/payroll/pay "HTTP/1.1 201 Created"
2026-05-04 00:35:53,973 [INFO] httpx: HTTP Request: POST http://testserver/api/payroll/pay "HTTP/1.1 400 Bad Request"
2026-05-04 00:35:53,977 [INFO] httpx: HTTP Request: GET http://testserver/api/payroll/summary?month=2026-05 "HTTP/1.1 200 OK"
2026-05-04 00:35:54,001 [INFO] pos-api: User logged in: owner (Role: Admin)
2026-05-04 00:35:54,002 [INFO] httpx: HTTP Request: POST http://testserver/api/auth/login "HTTP/1.1 200 OK"
2026-05-04 00:35:54,004 [INFO] httpx: HTTP Request: GET http://testserver/api/finance/recurring-expenses "HTTP/1.1 200 OK"
2026-05-04 00:35:54,010 [INFO] httpx: HTTP Request: POST http://testserver/api/finance/recurring-expenses "HTTP/1.1 201 Created"
2026-05-04 00:35:54,015 [INFO] httpx: HTTP Request: PATCH http://testserver/api/finance/recurring-expenses/1 "HTTP/1.1 200 OK"
2026-05-04 00:35:54,031 [INFO] httpx: HTTP Request: POST http://testserver/api/finance/recurring-expenses/1/run?month=2026-05 "HTTP/1.1 201 Created"
2026-05-04 00:35:54,034 [INFO] httpx: HTTP Request: POST http://testserver/api/finance/recurring-expenses/1/run?month=2026-05 "HTTP/1.1 400 Bad Request"
2026-05-04 00:35:54,036 [INFO] httpx: HTTP Request: GET http://testserver/api/finance/recurring-expenses "HTTP/1.1 200 OK"
2026-05-04 16:32:34,636 [INFO] pos-api: User logged in: owner (Role: Admin)
2026-05-04 16:32:34,641 [INFO] httpx: HTTP Request: POST http://testserver/api/auth/login "HTTP/1.1 200 OK"
2026-05-04 16:32:34,651 [INFO] pos-api: Company settings updated
2026-05-04 16:32:34,653 [INFO] httpx: HTTP Request: PATCH http://testserver/api/settings/company "HTTP/1.1 200 OK"
2026-05-04 16:32:34,655 [INFO] httpx: HTTP Request: GET http://testserver/api/auth/staff "HTTP/1.1 200 OK"
2026-05-04 16:32:34,658 [INFO] httpx: HTTP Request: GET http://testserver/api/settings/company "HTTP/1.1 200 OK"
2026-05-04 16:32:34,678 [INFO] httpx: HTTP Request: GET http://testserver/api/customers "HTTP/1.1 200 OK"
2026-05-04 16:32:34,682 [INFO] httpx: HTTP Request: GET http://testserver/api/products "HTTP/1.1 200 OK"
2026-05-04 16:32:34,686 [INFO] httpx: HTTP Request: GET http://testserver/api/vendors "HTTP/1.1 200 OK"
2026-05-04 16:32:34,696 [INFO] httpx: HTTP Request: GET http://testserver/api/crm/leads "HTTP/1.1 200 OK"
2026-05-04 16:32:34,710 [INFO] httpx: HTTP Request: GET http://testserver/api/finance/summary "HTTP/1.1 200 OK"
2026-05-04 16:32:34,714 [INFO] httpx: HTTP Request: GET http://testserver/api/finance/chart-accounts "HTTP/1.1 200 OK"
2026-05-04 16:32:34,719 [INFO] httpx: HTTP Request: GET http://testserver/api/finance/ledger "HTTP/1.1 200 OK"
2026-05-04 16:32:34,723 [INFO] httpx: HTTP Request: GET http://testserver/api/finance/daily-summary "HTTP/1.1 200 OK"
2026-05-04 16:32:34,728 [INFO] httpx: HTTP Request: GET http://testserver/api/finance/recurring-expenses "HTTP/1.1 200 OK"
2026-05-04 16:32:34,736 [INFO] httpx: HTTP Request: GET http://testserver/api/ml/features/customers "HTTP/1.1 200 OK"
2026-05-04 16:32:34,742 [INFO] httpx: HTTP Request: GET http://testserver/api/ml/features/products "HTTP/1.1 200 OK"
2026-05-04 16:32:34,747 [INFO] httpx: HTTP Request: GET http://testserver/api/ml/recommendations "HTTP/1.1 200 OK"
2026-05-04 16:32:34,769 [INFO] pos-api: User logged in: owner (Role: Admin)
2026-05-04 16:32:34,770 [INFO] httpx: HTTP Request: POST http://testserver/api/auth/login "HTTP/1.1 200 OK"
2026-05-04 16:32:34,779 [INFO] httpx: HTTP Request: POST http://testserver/api/customers "HTTP/1.1 201 Created"
2026-05-04 16:32:34,784 [INFO] httpx: HTTP Request: POST http://testserver/api/products "HTTP/1.1 201 Created"
2026-05-04 16:32:34,924 [INFO] pos-api: Sale created: INV-20260504-0004 | Total: 20.0 | User: owner
2026-05-04 16:32:34,938 [INFO] httpx: HTTP Request: POST http://testserver/api/pos/sale "HTTP/1.1 200 OK"
2026-05-04 16:32:34,948 [INFO] httpx: HTTP Request: GET http://testserver/api/customers/5/due-payments "HTTP/1.1 200 OK"
2026-05-04 16:32:34,964 [INFO] httpx: HTTP Request: POST http://testserver/api/customers/5/due-payments "HTTP/1.1 201 Created"
2026-05-04 16:32:34,967 [INFO] httpx: HTTP Request: POST http://testserver/api/customers/5/due-payments "HTTP/1.1 400 Bad Request"
2026-05-04 16:32:34,970 [INFO] httpx: HTTP Request: GET http://testserver/api/customers/5/due-payments "HTTP/1.1 200 OK"
2026-05-04 16:32:34,997 [INFO] pos-api: User logged in: owner (Role: Admin)
2026-05-04 16:32:34,997 [INFO] httpx: HTTP Request: POST http://testserver/api/auth/login "HTTP/1.1 200 OK"
2026-05-04 16:32:35,001 [INFO] httpx: HTTP Request: POST http://testserver/api/products "HTTP/1.1 201 Created"
2026-05-04 16:32:35,005 [INFO] httpx: HTTP Request: PATCH http://testserver/api/products/12/stock "HTTP/1.1 200 OK"
2026-05-04 16:32:35,008 [INFO] httpx: HTTP Request: PATCH http://testserver/api/products/12/stock "HTTP/1.1 400 Bad Request"
2026-05-04 16:32:35,016 [INFO] httpx: HTTP Request: POST http://testserver/api/admin/damages?product_id=12&quantity=4&reason=smoke "HTTP/1.1 200 OK"
2026-05-04 16:32:35,019 [INFO] httpx: HTTP Request: POST http://testserver/api/admin/damages?product_id=12&quantity=1&reason=smoke "HTTP/1.1 400 Bad Request"
2026-05-04 16:32:35,022 [INFO] httpx: HTTP Request: GET http://testserver/api/products?q=SMOKE-ERP-STOCK-001 "HTTP/1.1 200 OK"
2026-05-04 16:32:35,052 [INFO] pos-api: User logged in: owner (Role: Admin)
2026-05-04 16:32:35,053 [INFO] httpx: HTTP Request: POST http://testserver/api/auth/login "HTTP/1.1 200 OK"
2026-05-04 16:32:35,056 [INFO] httpx: HTTP Request: POST http://testserver/api/products "HTTP/1.1 201 Created"
2026-05-04 16:32:35,064 [INFO] httpx: HTTP Request: POST http://testserver/api/vendors "HTTP/1.1 200 OK"
2026-05-04 16:32:35,080 [INFO] httpx: HTTP Request: POST http://testserver/api/purchases "HTTP/1.1 200 OK"
2026-05-04 16:32:35,093 [INFO] httpx: HTTP Request: POST http://testserver/api/purchases/return "HTTP/1.1 200 OK"
2026-05-04 16:32:35,101 [INFO] httpx: HTTP Request: POST http://testserver/api/vendors/1/pay "HTTP/1.1 200 OK"
2026-05-04 16:32:35,125 [INFO] pos-api: User logged in: owner (Role: Admin)
2026-05-04 16:32:35,126 [INFO] httpx: HTTP Request: POST http://testserver/api/auth/login "HTTP/1.1 200 OK"
2026-05-04 16:32:35,143 [INFO] httpx: HTTP Request: POST http://testserver/api/internal-threads "HTTP/1.1 201 Created"
2026-05-04 16:32:35,153 [INFO] httpx: HTTP Request: GET http://testserver/api/internal-threads?status=Open "HTTP/1.1 200 OK"
2026-05-04 16:32:35,166 [INFO] httpx: HTTP Request: PATCH http://testserver/api/internal-threads/1 "HTTP/1.1 200 OK"
2026-05-04 16:32:35,172 [INFO] httpx: HTTP Request: POST http://testserver/api/internal-threads/1/messages "HTTP/1.1 200 OK"
2026-05-04 16:32:35,198 [INFO] pos-api: User logged in: owner (Role: Admin)
2026-05-04 16:32:35,198 [INFO] httpx: HTTP Request: POST http://testserver/api/auth/login "HTTP/1.1 200 OK"
2026-05-04 16:32:35,218 [INFO] httpx: HTTP Request: POST http://testserver/api/tasks "HTTP/1.1 201 Created"
2026-05-04 16:32:35,225 [INFO] httpx: HTTP Request: GET http://testserver/api/tasks?status=Open "HTTP/1.1 200 OK"
2026-05-04 16:32:35,248 [INFO] httpx: HTTP Request: PATCH http://testserver/api/tasks/1 "HTTP/1.1 200 OK"
2026-05-04 16:32:35,273 [INFO] pos-api: User logged in: owner (Role: Admin)
2026-05-04 16:32:35,274 [INFO] httpx: HTTP Request: POST http://testserver/api/auth/login "HTTP/1.1 200 OK"
2026-05-04 16:32:35,284 [INFO] httpx: HTTP Request: POST http://testserver/api/admin/users "HTTP/1.1 200 OK"
2026-05-04 16:32:35,288 [INFO] httpx: HTTP Request: GET http://testserver/api/payroll/summary?month=2026-05 "HTTP/1.1 200 OK"
2026-05-04 16:32:35,299 [INFO] httpx: HTTP Request: POST http://testserver/api/payroll/cut "HTTP/1.1 201 Created"
2026-05-04 16:32:35,315 [INFO] httpx: HTTP Request: POST http://testserver/api/payroll/pay "HTTP/1.1 201 Created"
2026-05-04 16:32:35,319 [INFO] httpx: HTTP Request: POST http://testserver/api/payroll/pay "HTTP/1.1 400 Bad Request"
2026-05-04 16:32:35,321 [INFO] httpx: HTTP Request: GET http://testserver/api/payroll/summary?month=2026-05 "HTTP/1.1 200 OK"
2026-05-04 16:32:35,350 [INFO] pos-api: User logged in: owner (Role: Admin)
2026-05-04 16:32:35,350 [INFO] httpx: HTTP Request: POST http://testserver/api/auth/login "HTTP/1.1 200 OK"
2026-05-04 16:32:35,353 [INFO] httpx: HTTP Request: GET http://testserver/api/finance/recurring-expenses "HTTP/1.1 200 OK"
2026-05-04 16:32:35,359 [INFO] httpx: HTTP Request: POST http://testserver/api/finance/recurring-expenses "HTTP/1.1 201 Created"
2026-05-04 16:32:35,367 [INFO] httpx: HTTP Request: PATCH http://testserver/api/finance/recurring-expenses/1 "HTTP/1.1 200 OK"
2026-05-04 16:32:35,385 [INFO] httpx: HTTP Request: POST http://testserver/api/finance/recurring-expenses/1/run?month=2026-05 "HTTP/1.1 201 Created"
2026-05-04 16:32:35,388 [INFO] httpx: HTTP Request: POST http://testserver/api/finance/recurring-expenses/1/run?month=2026-05 "HTTP/1.1 400 Bad Request"
2026-05-04 16:32:35,391 [INFO] httpx: HTTP Request: GET http://testserver/api/finance/recurring-expenses "HTTP/1.1 200 OK"
2026-05-04 16:32:58,050 [INFO] pos-api: User logged in: owner (Role: Admin)
2026-05-04 16:32:58,052 [INFO] httpx: HTTP Request: POST http://testserver/api/auth/login "HTTP/1.1 200 OK"
2026-05-04 16:32:58,061 [INFO] pos-api: Company settings updated
2026-05-04 16:32:58,063 [INFO] httpx: HTTP Request: PATCH http://testserver/api/settings/company "HTTP/1.1 200 OK"
2026-05-04 16:32:58,068 [INFO] httpx: HTTP Request: GET http://testserver/api/auth/staff "HTTP/1.1 200 OK"
2026-05-04 16:32:58,071 [INFO] httpx: HTTP Request: GET http://testserver/api/settings/company "HTTP/1.1 200 OK"
2026-05-04 16:32:58,090 [INFO] httpx: HTTP Request: GET http://testserver/api/customers "HTTP/1.1 200 OK"
2026-05-04 16:32:58,095 [INFO] httpx: HTTP Request: GET http://testserver/api/products "HTTP/1.1 200 OK"
2026-05-04 16:32:58,100 [INFO] httpx: HTTP Request: GET http://testserver/api/vendors "HTTP/1.1 200 OK"
2026-05-04 16:32:58,115 [INFO] httpx: HTTP Request: GET http://testserver/api/crm/leads "HTTP/1.1 200 OK"
2026-05-04 16:32:58,129 [INFO] httpx: HTTP Request: GET http://testserver/api/finance/summary "HTTP/1.1 200 OK"
2026-05-04 16:32:58,134 [INFO] httpx: HTTP Request: GET http://testserver/api/finance/chart-accounts "HTTP/1.1 200 OK"
2026-05-04 16:32:58,139 [INFO] httpx: HTTP Request: GET http://testserver/api/finance/ledger "HTTP/1.1 200 OK"
2026-05-04 16:32:58,145 [INFO] httpx: HTTP Request: GET http://testserver/api/finance/daily-summary "HTTP/1.1 200 OK"
2026-05-04 16:32:58,150 [INFO] httpx: HTTP Request: GET http://testserver/api/finance/recurring-expenses "HTTP/1.1 200 OK"
2026-05-04 16:32:58,158 [INFO] httpx: HTTP Request: GET http://testserver/api/ml/features/customers "HTTP/1.1 200 OK"
2026-05-04 16:32:58,164 [INFO] httpx: HTTP Request: GET http://testserver/api/ml/features/products "HTTP/1.1 200 OK"
2026-05-04 16:32:58,170 [INFO] httpx: HTTP Request: GET http://testserver/api/ml/recommendations "HTTP/1.1 200 OK"
2026-05-04 16:32:58,194 [INFO] pos-api: User logged in: owner (Role: Admin)
2026-05-04 16:32:58,195 [INFO] httpx: HTTP Request: POST http://testserver/api/auth/login "HTTP/1.1 200 OK"
2026-05-04 16:32:58,205 [INFO] httpx: HTTP Request: POST http://testserver/api/customers "HTTP/1.1 201 Created"
2026-05-04 16:32:58,211 [INFO] httpx: HTTP Request: POST http://testserver/api/products "HTTP/1.1 201 Created"
2026-05-04 16:32:58,339 [INFO] pos-api: Sale created: INV-20260504-0004 | Total: 20.0 | User: owner
2026-05-04 16:32:58,346 [INFO] httpx: HTTP Request: POST http://testserver/api/pos/sale "HTTP/1.1 200 OK"
2026-05-04 16:32:58,354 [INFO] httpx: HTTP Request: GET http://testserver/api/customers/5/due-payments "HTTP/1.1 200 OK"
2026-05-04 16:32:58,365 [INFO] httpx: HTTP Request: POST http://testserver/api/customers/5/due-payments "HTTP/1.1 201 Created"
2026-05-04 16:32:58,369 [INFO] httpx: HTTP Request: POST http://testserver/api/customers/5/due-payments "HTTP/1.1 400 Bad Request"
2026-05-04 16:32:58,373 [INFO] httpx: HTTP Request: GET http://testserver/api/customers/5/due-payments "HTTP/1.1 200 OK"
2026-05-04 16:32:58,397 [INFO] pos-api: User logged in: owner (Role: Admin)
2026-05-04 16:32:58,398 [INFO] httpx: HTTP Request: POST http://testserver/api/auth/login "HTTP/1.1 200 OK"
2026-05-04 16:32:58,402 [INFO] httpx: HTTP Request: POST http://testserver/api/products "HTTP/1.1 201 Created"
2026-05-04 16:32:58,408 [INFO] httpx: HTTP Request: PATCH http://testserver/api/products/12/stock "HTTP/1.1 200 OK"
2026-05-04 16:32:58,410 [INFO] httpx: HTTP Request: PATCH http://testserver/api/products/12/stock "HTTP/1.1 400 Bad Request"
2026-05-04 16:32:58,417 [INFO] httpx: HTTP Request: POST http://testserver/api/admin/damages?product_id=12&quantity=4&reason=smoke "HTTP/1.1 200 OK"
2026-05-04 16:32:58,420 [INFO] httpx: HTTP Request: POST http://testserver/api/admin/damages?product_id=12&quantity=1&reason=smoke "HTTP/1.1 400 Bad Request"
2026-05-04 16:32:58,424 [INFO] httpx: HTTP Request: GET http://testserver/api/products?q=SMOKE-ERP-STOCK-001 "HTTP/1.1 200 OK"
2026-05-04 16:32:58,446 [INFO] pos-api: User logged in: owner (Role: Admin)
2026-05-04 16:32:58,447 [INFO] httpx: HTTP Request: POST http://testserver/api/auth/login "HTTP/1.1 200 OK"
2026-05-04 16:32:58,451 [INFO] httpx: HTTP Request: POST http://testserver/api/products "HTTP/1.1 201 Created"
2026-05-04 16:32:58,456 [INFO] httpx: HTTP Request: POST http://testserver/api/vendors "HTTP/1.1 200 OK"
2026-05-04 16:32:58,471 [INFO] httpx: HTTP Request: POST http://testserver/api/purchases "HTTP/1.1 200 OK"
2026-05-04 16:32:58,482 [INFO] httpx: HTTP Request: POST http://testserver/api/purchases/return "HTTP/1.1 200 OK"
2026-05-04 16:32:58,491 [INFO] httpx: HTTP Request: POST http://testserver/api/vendors/1/pay "HTTP/1.1 200 OK"
2026-05-04 16:32:58,513 [INFO] pos-api: User logged in: owner (Role: Admin)
2026-05-04 16:32:58,514 [INFO] httpx: HTTP Request: POST http://testserver/api/auth/login "HTTP/1.1 200 OK"
2026-05-04 16:32:58,530 [INFO] httpx: HTTP Request: POST http://testserver/api/internal-threads "HTTP/1.1 201 Created"
2026-05-04 16:32:58,542 [INFO] httpx: HTTP Request: GET http://testserver/api/internal-threads?status=Open "HTTP/1.1 200 OK"
2026-05-04 16:32:58,554 [INFO] httpx: HTTP Request: PATCH http://testserver/api/internal-threads/1 "HTTP/1.1 200 OK"
2026-05-04 16:32:58,561 [INFO] httpx: HTTP Request: POST http://testserver/api/internal-threads/1/messages "HTTP/1.1 200 OK"
2026-05-04 16:32:58,587 [INFO] pos-api: User logged in: owner (Role: Admin)
2026-05-04 16:32:58,588 [INFO] httpx: HTTP Request: POST http://testserver/api/auth/login "HTTP/1.1 200 OK"
2026-05-04 16:32:58,609 [INFO] httpx: HTTP Request: POST http://testserver/api/tasks "HTTP/1.1 201 Created"
2026-05-04 16:32:58,616 [INFO] httpx: HTTP Request: GET http://testserver/api/tasks?status=Open "HTTP/1.1 200 OK"
2026-05-04 16:32:58,641 [INFO] httpx: HTTP Request: PATCH http://testserver/api/tasks/1 "HTTP/1.1 200 OK"
2026-05-04 16:32:58,667 [INFO] pos-api: User logged in: owner (Role: Admin)
2026-05-04 16:32:58,667 [INFO] httpx: HTTP Request: POST http://testserver/api/auth/login "HTTP/1.1 200 OK"
2026-05-04 16:32:58,674 [INFO] httpx: HTTP Request: POST http://testserver/api/admin/users "HTTP/1.1 200 OK"
2026-05-04 16:32:58,677 [INFO] httpx: HTTP Request: GET http://testserver/api/payroll/summary?month=2026-05 "HTTP/1.1 200 OK"
2026-05-04 16:32:58,687 [INFO] httpx: HTTP Request: POST http://testserver/api/payroll/cut "HTTP/1.1 201 Created"
2026-05-04 16:32:58,700 [INFO] httpx: HTTP Request: POST http://testserver/api/payroll/pay "HTTP/1.1 201 Created"
2026-05-04 16:32:58,704 [INFO] httpx: HTTP Request: POST http://testserver/api/payroll/pay "HTTP/1.1 400 Bad Request"
2026-05-04 16:32:58,708 [INFO] httpx: HTTP Request: GET http://testserver/api/payroll/summary?month=2026-05 "HTTP/1.1 200 OK"
2026-05-04 16:32:58,732 [INFO] pos-api: User logged in: owner (Role: Admin)
2026-05-04 16:32:58,734 [INFO] httpx: HTTP Request: POST http://testserver/api/auth/login "HTTP/1.1 200 OK"
2026-05-04 16:32:58,737 [INFO] httpx: HTTP Request: GET http://testserver/api/finance/recurring-expenses "HTTP/1.1 200 OK"
2026-05-04 16:32:58,742 [INFO] httpx: HTTP Request: POST http://testserver/api/finance/recurring-expenses "HTTP/1.1 201 Created"
2026-05-04 16:32:58,748 [INFO] httpx: HTTP Request: PATCH http://testserver/api/finance/recurring-expenses/1 "HTTP/1.1 200 OK"
2026-05-04 16:32:58,764 [INFO] httpx: HTTP Request: POST http://testserver/api/finance/recurring-expenses/1/run?month=2026-05 "HTTP/1.1 201 Created"
2026-05-04 16:32:58,769 [INFO] httpx: HTTP Request: POST http://testserver/api/finance/recurring-expenses/1/run?month=2026-05 "HTTP/1.1 400 Bad Request"
2026-05-04 16:32:58,771 [INFO] httpx: HTTP Request: GET http://testserver/api/finance/recurring-expenses "HTTP/1.1 200 OK"
2026-05-04 16:58:52,700 [INFO] purnango-api: User logged in: owner (Role: Admin)
2026-05-04 16:58:52,704 [INFO] httpx: HTTP Request: POST http://testserver/api/auth/login "HTTP/1.1 200 OK"
2026-05-04 16:58:52,712 [INFO] purnango-api: Company settings updated
2026-05-04 16:58:52,713 [INFO] httpx: HTTP Request: PATCH http://testserver/api/settings/company "HTTP/1.1 200 OK"
2026-05-04 16:58:52,716 [INFO] httpx: HTTP Request: GET http://testserver/api/auth/staff "HTTP/1.1 200 OK"
2026-05-04 16:58:52,718 [INFO] httpx: HTTP Request: GET http://testserver/api/settings/company "HTTP/1.1 200 OK"
2026-05-04 16:58:52,734 [INFO] httpx: HTTP Request: GET http://testserver/api/customers "HTTP/1.1 200 OK"
2026-05-04 16:58:52,739 [INFO] httpx: HTTP Request: GET http://testserver/api/products "HTTP/1.1 200 OK"
2026-05-04 16:58:52,742 [INFO] httpx: HTTP Request: GET http://testserver/api/vendors "HTTP/1.1 200 OK"
2026-05-04 16:58:52,750 [INFO] httpx: HTTP Request: GET http://testserver/api/crm/leads "HTTP/1.1 200 OK"
2026-05-04 16:58:52,763 [INFO] httpx: HTTP Request: GET http://testserver/api/finance/summary "HTTP/1.1 200 OK"
2026-05-04 16:58:52,766 [INFO] httpx: HTTP Request: GET http://testserver/api/finance/chart-accounts "HTTP/1.1 200 OK"
2026-05-04 16:58:52,771 [INFO] httpx: HTTP Request: GET http://testserver/api/finance/ledger "HTTP/1.1 200 OK"
2026-05-04 16:58:52,775 [INFO] httpx: HTTP Request: GET http://testserver/api/finance/daily-summary "HTTP/1.1 200 OK"
2026-05-04 16:58:52,778 [INFO] httpx: HTTP Request: GET http://testserver/api/finance/recurring-expenses "HTTP/1.1 200 OK"
2026-05-04 16:58:52,785 [INFO] httpx: HTTP Request: GET http://testserver/api/ml/features/customers "HTTP/1.1 200 OK"
2026-05-04 16:58:52,790 [INFO] httpx: HTTP Request: GET http://testserver/api/ml/features/products "HTTP/1.1 200 OK"
2026-05-04 16:58:52,794 [INFO] httpx: HTTP Request: GET http://testserver/api/ml/recommendations "HTTP/1.1 200 OK"
2026-05-04 16:58:52,814 [INFO] purnango-api: User logged in: owner (Role: Admin)
2026-05-04 16:58:52,815 [INFO] httpx: HTTP Request: POST http://testserver/api/auth/login "HTTP/1.1 200 OK"
2026-05-04 16:58:52,823 [INFO] httpx: HTTP Request: POST http://testserver/api/customers "HTTP/1.1 201 Created"
2026-05-04 16:58:52,827 [INFO] httpx: HTTP Request: POST http://testserver/api/products "HTTP/1.1 201 Created"
2026-05-04 16:58:52,921 [INFO] purnango-api: Sale created: INV-20260504-0004 | Total: 20.0 | User: owner
2026-05-04 16:58:52,930 [INFO] httpx: HTTP Request: POST http://testserver/api/pos/sale "HTTP/1.1 200 OK"
2026-05-04 16:58:52,935 [INFO] httpx: HTTP Request: GET http://testserver/api/customers/5/due-payments "HTTP/1.1 200 OK"
2026-05-04 16:58:52,946 [INFO] httpx: HTTP Request: POST http://testserver/api/customers/5/due-payments "HTTP/1.1 201 Created"
2026-05-04 16:58:52,948 [INFO] httpx: HTTP Request: POST http://testserver/api/customers/5/due-payments "HTTP/1.1 400 Bad Request"
2026-05-04 16:58:52,951 [INFO] httpx: HTTP Request: GET http://testserver/api/customers/5/due-payments "HTTP/1.1 200 OK"
2026-05-04 16:58:52,974 [INFO] purnango-api: User logged in: owner (Role: Admin)
2026-05-04 16:58:52,974 [INFO] httpx: HTTP Request: POST http://testserver/api/auth/login "HTTP/1.1 200 OK"
2026-05-04 16:58:52,978 [INFO] httpx: HTTP Request: POST http://testserver/api/products "HTTP/1.1 201 Created"
2026-05-04 16:58:52,982 [INFO] httpx: HTTP Request: PATCH http://testserver/api/products/12/stock "HTTP/1.1 200 OK"
2026-05-04 16:58:52,984 [INFO] httpx: HTTP Request: PATCH http://testserver/api/products/12/stock "HTTP/1.1 400 Bad Request"
2026-05-04 16:58:52,991 [INFO] httpx: HTTP Request: POST http://testserver/api/admin/damages?product_id=12&quantity=4&reason=smoke "HTTP/1.1 200 OK"
2026-05-04 16:58:52,993 [INFO] httpx: HTTP Request: POST http://testserver/api/admin/damages?product_id=12&quantity=1&reason=smoke "HTTP/1.1 400 Bad Request"
2026-05-04 16:58:52,996 [INFO] httpx: HTTP Request: GET http://testserver/api/products?q=SMOKE-ERP-STOCK-001 "HTTP/1.1 200 OK"
2026-05-04 16:58:53,019 [INFO] purnango-api: User logged in: owner (Role: Admin)
2026-05-04 16:58:53,020 [INFO] httpx: HTTP Request: POST http://testserver/api/auth/login "HTTP/1.1 200 OK"
2026-05-04 16:58:53,023 [INFO] httpx: HTTP Request: POST http://testserver/api/products "HTTP/1.1 201 Created"
2026-05-04 16:58:53,027 [INFO] httpx: HTTP Request: POST http://testserver/api/vendors "HTTP/1.1 200 OK"
2026-05-04 16:58:53,041 [INFO] httpx: HTTP Request: POST http://testserver/api/purchases "HTTP/1.1 200 OK"
2026-05-04 16:58:53,052 [INFO] httpx: HTTP Request: POST http://testserver/api/purchases/return "HTTP/1.1 200 OK"
2026-05-04 16:58:53,058 [INFO] httpx: HTTP Request: POST http://testserver/api/vendors/1/pay "HTTP/1.1 200 OK"
2026-05-04 16:58:53,085 [INFO] purnango-api: User logged in: owner (Role: Admin)
2026-05-04 16:58:53,086 [INFO] httpx: HTTP Request: POST http://testserver/api/auth/login "HTTP/1.1 200 OK"
2026-05-04 16:58:53,101 [INFO] httpx: HTTP Request: POST http://testserver/api/internal-threads "HTTP/1.1 201 Created"
2026-05-04 16:58:53,110 [INFO] httpx: HTTP Request: GET http://testserver/api/internal-threads?status=Open "HTTP/1.1 200 OK"
2026-05-04 16:58:53,122 [INFO] httpx: HTTP Request: PATCH http://testserver/api/internal-threads/1 "HTTP/1.1 200 OK"
2026-05-04 16:58:53,129 [INFO] httpx: HTTP Request: POST http://testserver/api/internal-threads/1/messages "HTTP/1.1 200 OK"
2026-05-04 16:58:53,152 [INFO] purnango-api: User logged in: owner (Role: Admin)
2026-05-04 16:58:53,153 [INFO] httpx: HTTP Request: POST http://testserver/api/auth/login "HTTP/1.1 200 OK"
2026-05-04 16:58:53,172 [INFO] httpx: HTTP Request: POST http://testserver/api/tasks "HTTP/1.1 201 Created"
2026-05-04 16:58:53,179 [INFO] httpx: HTTP Request: GET http://testserver/api/tasks?status=Open "HTTP/1.1 200 OK"
2026-05-04 16:58:53,198 [INFO] httpx: HTTP Request: PATCH http://testserver/api/tasks/1 "HTTP/1.1 200 OK"
2026-05-04 16:58:53,221 [INFO] purnango-api: User logged in: owner (Role: Admin)
2026-05-04 16:58:53,222 [INFO] httpx: HTTP Request: POST http://testserver/api/auth/login "HTTP/1.1 200 OK"
2026-05-04 16:58:53,228 [INFO] httpx: HTTP Request: POST http://testserver/api/admin/users "HTTP/1.1 200 OK"
2026-05-04 16:58:53,231 [INFO] httpx: HTTP Request: GET http://testserver/api/payroll/summary?month=2026-05 "HTTP/1.1 200 OK"
2026-05-04 16:58:53,240 [INFO] httpx: HTTP Request: POST http://testserver/api/payroll/cut "HTTP/1.1 201 Created"
2026-05-04 16:58:53,252 [INFO] httpx: HTTP Request: POST http://testserver/api/payroll/pay "HTTP/1.1 201 Created"
2026-05-04 16:58:53,256 [INFO] httpx: HTTP Request: POST http://testserver/api/payroll/pay "HTTP/1.1 400 Bad Request"
2026-05-04 16:58:53,259 [INFO] httpx: HTTP Request: GET http://testserver/api/payroll/summary?month=2026-05 "HTTP/1.1 200 OK"
2026-05-04 16:58:53,283 [INFO] purnango-api: User logged in: owner (Role: Admin)
2026-05-04 16:58:53,283 [INFO] httpx: HTTP Request: POST http://testserver/api/auth/login "HTTP/1.1 200 OK"
2026-05-04 16:58:53,286 [INFO] httpx: HTTP Request: GET http://testserver/api/finance/recurring-expenses "HTTP/1.1 200 OK"
2026-05-04 16:58:53,291 [INFO] httpx: HTTP Request: POST http://testserver/api/finance/recurring-expenses "HTTP/1.1 201 Created"
2026-05-04 16:58:53,296 [INFO] httpx: HTTP Request: PATCH http://testserver/api/finance/recurring-expenses/1 "HTTP/1.1 200 OK"
2026-05-04 16:58:53,312 [INFO] httpx: HTTP Request: POST http://testserver/api/finance/recurring-expenses/1/run?month=2026-05 "HTTP/1.1 201 Created"
2026-05-04 16:58:53,315 [INFO] httpx: HTTP Request: POST http://testserver/api/finance/recurring-expenses/1/run?month=2026-05 "HTTP/1.1 400 Bad Request"
2026-05-04 16:58:53,317 [INFO] httpx: HTTP Request: GET http://testserver/api/finance/recurring-expenses "HTTP/1.1 200 OK"
2026-05-04 17:06:41,991 [INFO] banikos-api: User logged in: owner (Role: Admin)
2026-05-04 17:06:41,993 [INFO] httpx: HTTP Request: POST http://testserver/api/auth/login "HTTP/1.1 200 OK"
2026-05-04 17:06:42,004 [INFO] banikos-api: Company settings updated
2026-05-04 17:06:42,005 [INFO] httpx: HTTP Request: PATCH http://testserver/api/settings/company "HTTP/1.1 200 OK"
2026-05-04 17:06:42,009 [INFO] httpx: HTTP Request: GET http://testserver/api/auth/staff "HTTP/1.1 200 OK"
2026-05-04 17:06:42,012 [INFO] httpx: HTTP Request: GET http://testserver/api/settings/company "HTTP/1.1 200 OK"
2026-05-04 17:06:42,034 [INFO] httpx: HTTP Request: GET http://testserver/api/customers "HTTP/1.1 200 OK"
2026-05-04 17:06:42,040 [INFO] httpx: HTTP Request: GET http://testserver/api/products "HTTP/1.1 200 OK"
2026-05-04 17:06:42,044 [INFO] httpx: HTTP Request: GET http://testserver/api/vendors "HTTP/1.1 200 OK"
2026-05-04 17:06:42,054 [INFO] httpx: HTTP Request: GET http://testserver/api/crm/leads "HTTP/1.1 200 OK"
2026-05-04 17:06:42,071 [INFO] httpx: HTTP Request: GET http://testserver/api/finance/summary "HTTP/1.1 200 OK"
2026-05-04 17:06:42,077 [INFO] httpx: HTTP Request: GET http://testserver/api/finance/chart-accounts "HTTP/1.1 200 OK"
2026-05-04 17:06:42,084 [INFO] httpx: HTTP Request: GET http://testserver/api/finance/ledger "HTTP/1.1 200 OK"
2026-05-04 17:06:42,091 [INFO] httpx: HTTP Request: GET http://testserver/api/finance/daily-summary "HTTP/1.1 200 OK"
2026-05-04 17:06:42,096 [INFO] httpx: HTTP Request: GET http://testserver/api/finance/recurring-expenses "HTTP/1.1 200 OK"
2026-05-04 17:06:42,105 [INFO] httpx: HTTP Request: GET http://testserver/api/ml/features/customers "HTTP/1.1 200 OK"
2026-05-04 17:06:42,113 [INFO] httpx: HTTP Request: GET http://testserver/api/ml/features/products "HTTP/1.1 200 OK"
2026-05-04 17:06:42,119 [INFO] httpx: HTTP Request: GET http://testserver/api/ml/recommendations "HTTP/1.1 200 OK"
2026-05-04 17:06:42,149 [INFO] banikos-api: User logged in: owner (Role: Admin)
2026-05-04 17:06:42,150 [INFO] httpx: HTTP Request: POST http://testserver/api/auth/login "HTTP/1.1 200 OK"
2026-05-04 17:06:42,165 [INFO] httpx: HTTP Request: POST http://testserver/api/customers "HTTP/1.1 201 Created"
2026-05-04 17:06:42,174 [INFO] httpx: HTTP Request: POST http://testserver/api/products "HTTP/1.1 201 Created"
2026-05-04 17:06:42,303 [INFO] banikos-api: Sale created: INV-20260504-0004 | Total: 20.0 | User: owner
2026-05-04 17:06:42,311 [INFO] httpx: HTTP Request: POST http://testserver/api/pos/sale "HTTP/1.1 200 OK"
2026-05-04 17:06:42,317 [INFO] httpx: HTTP Request: GET http://testserver/api/customers/5/due-payments "HTTP/1.1 200 OK"
2026-05-04 17:06:42,329 [INFO] httpx: HTTP Request: POST http://testserver/api/customers/5/due-payments "HTTP/1.1 201 Created"
2026-05-04 17:06:42,331 [INFO] httpx: HTTP Request: POST http://testserver/api/customers/5/due-payments "HTTP/1.1 400 Bad Request"
2026-05-04 17:06:42,335 [INFO] httpx: HTTP Request: GET http://testserver/api/customers/5/due-payments "HTTP/1.1 200 OK"
2026-05-04 17:06:42,357 [INFO] banikos-api: User logged in: owner (Role: Admin)
2026-05-04 17:06:42,358 [INFO] httpx: HTTP Request: POST http://testserver/api/auth/login "HTTP/1.1 200 OK"
2026-05-04 17:06:42,361 [INFO] httpx: HTTP Request: POST http://testserver/api/products "HTTP/1.1 201 Created"
2026-05-04 17:06:42,365 [INFO] httpx: HTTP Request: PATCH http://testserver/api/products/12/stock "HTTP/1.1 200 OK"
2026-05-04 17:06:42,368 [INFO] httpx: HTTP Request: PATCH http://testserver/api/products/12/stock "HTTP/1.1 400 Bad Request"
2026-05-04 17:06:42,375 [INFO] httpx: HTTP Request: POST http://testserver/api/admin/damages?product_id=12&quantity=4&reason=smoke "HTTP/1.1 200 OK"
2026-05-04 17:06:42,377 [INFO] httpx: HTTP Request: POST http://testserver/api/admin/damages?product_id=12&quantity=1&reason=smoke "HTTP/1.1 400 Bad Request"
2026-05-04 17:06:42,381 [INFO] httpx: HTTP Request: GET http://testserver/api/products?q=SMOKE-ERP-STOCK-001 "HTTP/1.1 200 OK"
2026-05-04 17:06:42,405 [INFO] banikos-api: User logged in: owner (Role: Admin)
2026-05-04 17:06:42,406 [INFO] httpx: HTTP Request: POST http://testserver/api/auth/login "HTTP/1.1 200 OK"
2026-05-04 17:06:42,409 [INFO] httpx: HTTP Request: POST http://testserver/api/products "HTTP/1.1 201 Created"
2026-05-04 17:06:42,413 [INFO] httpx: HTTP Request: POST http://testserver/api/vendors "HTTP/1.1 200 OK"
2026-05-04 17:06:42,426 [INFO] httpx: HTTP Request: POST http://testserver/api/purchases "HTTP/1.1 200 OK"
2026-05-04 17:06:42,436 [INFO] httpx: HTTP Request: POST http://testserver/api/purchases/return "HTTP/1.1 200 OK"
2026-05-04 17:06:42,443 [INFO] httpx: HTTP Request: POST http://testserver/api/vendors/1/pay "HTTP/1.1 200 OK"
2026-05-04 17:06:42,465 [INFO] banikos-api: User logged in: owner (Role: Admin)
2026-05-04 17:06:42,466 [INFO] httpx: HTTP Request: POST http://testserver/api/auth/login "HTTP/1.1 200 OK"
2026-05-04 17:06:42,482 [INFO] httpx: HTTP Request: POST http://testserver/api/internal-threads "HTTP/1.1 201 Created"
2026-05-04 17:06:42,492 [INFO] httpx: HTTP Request: GET http://testserver/api/internal-threads?status=Open "HTTP/1.1 200 OK"
2026-05-04 17:06:42,503 [INFO] httpx: HTTP Request: PATCH http://testserver/api/internal-threads/1 "HTTP/1.1 200 OK"
2026-05-04 17:06:42,510 [INFO] httpx: HTTP Request: POST http://testserver/api/internal-threads/1/messages "HTTP/1.1 200 OK"
2026-05-04 17:06:42,532 [INFO] banikos-api: User logged in: owner (Role: Admin)
2026-05-04 17:06:42,533 [INFO] httpx: HTTP Request: POST http://testserver/api/auth/login "HTTP/1.1 200 OK"
2026-05-04 17:06:42,552 [INFO] httpx: HTTP Request: POST http://testserver/api/tasks "HTTP/1.1 201 Created"
2026-05-04 17:06:42,559 [INFO] httpx: HTTP Request: GET http://testserver/api/tasks?status=Open "HTTP/1.1 200 OK"
2026-05-04 17:06:42,576 [INFO] httpx: HTTP Request: PATCH http://testserver/api/tasks/1 "HTTP/1.1 200 OK"
2026-05-04 17:06:42,599 [INFO] banikos-api: User logged in: owner (Role: Admin)
2026-05-04 17:06:42,599 [INFO] httpx: HTTP Request: POST http://testserver/api/auth/login "HTTP/1.1 200 OK"
2026-05-04 17:06:42,606 [INFO] httpx: HTTP Request: POST http://testserver/api/admin/users "HTTP/1.1 200 OK"
2026-05-04 17:06:42,609 [INFO] httpx: HTTP Request: GET http://testserver/api/payroll/summary?month=2026-05 "HTTP/1.1 200 OK"
2026-05-04 17:06:42,618 [INFO] httpx: HTTP Request: POST http://testserver/api/payroll/cut "HTTP/1.1 201 Created"
2026-05-04 17:06:42,631 [INFO] httpx: HTTP Request: POST http://testserver/api/payroll/pay "HTTP/1.1 201 Created"
2026-05-04 17:06:42,634 [INFO] httpx: HTTP Request: POST http://testserver/api/payroll/pay "HTTP/1.1 400 Bad Request"
2026-05-04 17:06:42,637 [INFO] httpx: HTTP Request: GET http://testserver/api/payroll/summary?month=2026-05 "HTTP/1.1 200 OK"
2026-05-04 17:06:42,660 [INFO] banikos-api: User logged in: owner (Role: Admin)
2026-05-04 17:06:42,661 [INFO] httpx: HTTP Request: POST http://testserver/api/auth/login "HTTP/1.1 200 OK"
2026-05-04 17:06:42,663 [INFO] httpx: HTTP Request: GET http://testserver/api/finance/recurring-expenses "HTTP/1.1 200 OK"
2026-05-04 17:06:42,668 [INFO] httpx: HTTP Request: POST http://testserver/api/finance/recurring-expenses "HTTP/1.1 201 Created"
2026-05-04 17:06:42,673 [INFO] httpx: HTTP Request: PATCH http://testserver/api/finance/recurring-expenses/1 "HTTP/1.1 200 OK"
2026-05-04 17:06:42,688 [INFO] httpx: HTTP Request: POST http://testserver/api/finance/recurring-expenses/1/run?month=2026-05 "HTTP/1.1 201 Created"
2026-05-04 17:06:42,691 [INFO] httpx: HTTP Request: POST http://testserver/api/finance/recurring-expenses/1/run?month=2026-05 "HTTP/1.1 400 Bad Request"
2026-05-04 17:06:42,693 [INFO] httpx: HTTP Request: GET http://testserver/api/finance/recurring-expenses "HTTP/1.1 200 OK"
2026-05-04 18:36:56,118 [INFO] banikos-api: User logged in: owner (Role: Admin)
2026-05-04 18:36:56,122 [INFO] httpx: HTTP Request: POST http://testserver/api/auth/login "HTTP/1.1 200 OK"
2026-05-04 18:36:56,130 [INFO] banikos-api: Company settings updated
2026-05-04 18:36:56,132 [INFO] httpx: HTTP Request: PATCH http://testserver/api/settings/company "HTTP/1.1 200 OK"
2026-05-04 18:36:56,134 [INFO] httpx: HTTP Request: GET http://testserver/api/auth/staff "HTTP/1.1 200 OK"
2026-05-04 18:36:56,137 [INFO] httpx: HTTP Request: GET http://testserver/api/settings/company "HTTP/1.1 200 OK"
2026-05-04 18:36:56,152 [INFO] httpx: HTTP Request: GET http://testserver/api/customers "HTTP/1.1 200 OK"
2026-05-04 18:36:56,156 [INFO] httpx: HTTP Request: GET http://testserver/api/products "HTTP/1.1 200 OK"
2026-05-04 18:36:56,159 [INFO] httpx: HTTP Request: GET http://testserver/api/vendors "HTTP/1.1 200 OK"
2026-05-04 18:36:56,168 [INFO] httpx: HTTP Request: GET http://testserver/api/crm/leads "HTTP/1.1 200 OK"
2026-05-04 18:36:56,181 [INFO] httpx: HTTP Request: GET http://testserver/api/finance/summary "HTTP/1.1 200 OK"
2026-05-04 18:36:56,184 [INFO] httpx: HTTP Request: GET http://testserver/api/finance/chart-accounts "HTTP/1.1 200 OK"
2026-05-04 18:36:56,189 [INFO] httpx: HTTP Request: GET http://testserver/api/finance/ledger "HTTP/1.1 200 OK"
2026-05-04 18:36:56,193 [INFO] httpx: HTTP Request: GET http://testserver/api/finance/daily-summary "HTTP/1.1 200 OK"
2026-05-04 18:36:56,196 [INFO] httpx: HTTP Request: GET http://testserver/api/finance/recurring-expenses "HTTP/1.1 200 OK"
2026-05-04 18:36:56,202 [INFO] httpx: HTTP Request: GET http://testserver/api/ml/features/customers "HTTP/1.1 200 OK"
2026-05-04 18:36:56,208 [INFO] httpx: HTTP Request: GET http://testserver/api/ml/features/products "HTTP/1.1 200 OK"
2026-05-04 18:36:56,212 [INFO] httpx: HTTP Request: GET http://testserver/api/ml/recommendations "HTTP/1.1 200 OK"
2026-05-04 18:36:56,232 [INFO] banikos-api: User logged in: owner (Role: Admin)
2026-05-04 18:36:56,233 [INFO] httpx: HTTP Request: POST http://testserver/api/auth/login "HTTP/1.1 200 OK"
2026-05-04 18:36:56,241 [INFO] httpx: HTTP Request: POST http://testserver/api/customers "HTTP/1.1 201 Created"
2026-05-04 18:36:56,246 [INFO] httpx: HTTP Request: POST http://testserver/api/products "HTTP/1.1 201 Created"
2026-05-04 18:36:56,354 [INFO] banikos-api: Sale created: INV-20260504-0004 | Total: 20.0 | User: owner
2026-05-04 18:36:56,362 [INFO] httpx: HTTP Request: POST http://testserver/api/pos/sale "HTTP/1.1 200 OK"
2026-05-04 18:36:56,368 [INFO] httpx: HTTP Request: GET http://testserver/api/customers/5/due-payments "HTTP/1.1 200 OK"
2026-05-04 18:36:56,379 [INFO] httpx: HTTP Request: POST http://testserver/api/customers/5/due-payments "HTTP/1.1 201 Created"
2026-05-04 18:36:56,381 [INFO] httpx: HTTP Request: POST http://testserver/api/customers/5/due-payments "HTTP/1.1 400 Bad Request"
2026-05-04 18:36:56,384 [INFO] httpx: HTTP Request: GET http://testserver/api/customers/5/due-payments "HTTP/1.1 200 OK"
2026-05-04 18:36:56,405 [INFO] banikos-api: User logged in: owner (Role: Admin)
2026-05-04 18:36:56,406 [INFO] httpx: HTTP Request: POST http://testserver/api/auth/login "HTTP/1.1 200 OK"
2026-05-04 18:36:56,410 [INFO] httpx: HTTP Request: POST http://testserver/api/products "HTTP/1.1 201 Created"
2026-05-04 18:36:56,414 [INFO] httpx: HTTP Request: PATCH http://testserver/api/products/12/stock "HTTP/1.1 200 OK"
2026-05-04 18:36:56,416 [INFO] httpx: HTTP Request: PATCH http://testserver/api/products/12/stock "HTTP/1.1 400 Bad Request"
2026-05-04 18:36:56,423 [INFO] httpx: HTTP Request: POST http://testserver/api/admin/damages?product_id=12&quantity=4&reason=smoke "HTTP/1.1 200 OK"
2026-05-04 18:36:56,426 [INFO] httpx: HTTP Request: POST http://testserver/api/admin/damages?product_id=12&quantity=1&reason=smoke "HTTP/1.1 400 Bad Request"
2026-05-04 18:36:56,429 [INFO] httpx: HTTP Request: GET http://testserver/api/products?q=SMOKE-ERP-STOCK-001 "HTTP/1.1 200 OK"
2026-05-04 18:36:56,451 [INFO] banikos-api: User logged in: owner (Role: Admin)
2026-05-04 18:36:56,452 [INFO] httpx: HTTP Request: POST http://testserver/api/auth/login "HTTP/1.1 200 OK"
2026-05-04 18:36:56,456 [INFO] httpx: HTTP Request: POST http://testserver/api/products "HTTP/1.1 201 Created"
2026-05-04 18:36:56,461 [INFO] httpx: HTTP Request: POST http://testserver/api/vendors "HTTP/1.1 200 OK"
2026-05-04 18:36:56,473 [INFO] httpx: HTTP Request: POST http://testserver/api/purchases "HTTP/1.1 200 OK"
2026-05-04 18:36:56,484 [INFO] httpx: HTTP Request: POST http://testserver/api/purchases/return "HTTP/1.1 200 OK"
2026-05-04 18:36:56,492 [INFO] httpx: HTTP Request: POST http://testserver/api/vendors/1/pay "HTTP/1.1 200 OK"
2026-05-04 18:36:56,514 [INFO] banikos-api: User logged in: owner (Role: Admin)
2026-05-04 18:36:56,515 [INFO] httpx: HTTP Request: POST http://testserver/api/auth/login "HTTP/1.1 200 OK"
2026-05-04 18:36:56,530 [INFO] httpx: HTTP Request: POST http://testserver/api/internal-threads "HTTP/1.1 201 Created"
2026-05-04 18:36:56,539 [INFO] httpx: HTTP Request: GET http://testserver/api/internal-threads?status=Open "HTTP/1.1 200 OK"
2026-05-04 18:36:56,551 [INFO] httpx: HTTP Request: PATCH http://testserver/api/internal-threads/1 "HTTP/1.1 200 OK"
2026-05-04 18:36:56,557 [INFO] httpx: HTTP Request: POST http://testserver/api/internal-threads/1/messages "HTTP/1.1 200 OK"
2026-05-04 18:36:56,581 [INFO] banikos-api: User logged in: owner (Role: Admin)
2026-05-04 18:36:56,582 [INFO] httpx: HTTP Request: POST http://testserver/api/auth/login "HTTP/1.1 200 OK"
2026-05-04 18:36:56,601 [INFO] httpx: HTTP Request: POST http://testserver/api/tasks "HTTP/1.1 201 Created"
2026-05-04 18:36:56,609 [INFO] httpx: HTTP Request: GET http://testserver/api/tasks?status=Open "HTTP/1.1 200 OK"
2026-05-04 18:36:56,627 [INFO] httpx: HTTP Request: PATCH http://testserver/api/tasks/1 "HTTP/1.1 200 OK"
2026-05-04 18:36:56,650 [INFO] banikos-api: User logged in: owner (Role: Admin)
2026-05-04 18:36:56,651 [INFO] httpx: HTTP Request: POST http://testserver/api/auth/login "HTTP/1.1 200 OK"
2026-05-04 18:36:56,658 [INFO] httpx: HTTP Request: POST http://testserver/api/admin/users "HTTP/1.1 200 OK"
2026-05-04 18:36:56,662 [INFO] httpx: HTTP Request: GET http://testserver/api/payroll/summary?month=2026-05 "HTTP/1.1 200 OK"
2026-05-04 18:36:56,670 [INFO] httpx: HTTP Request: POST http://testserver/api/payroll/cut "HTTP/1.1 201 Created"
2026-05-04 18:36:56,683 [INFO] httpx: HTTP Request: POST http://testserver/api/payroll/pay "HTTP/1.1 201 Created"
2026-05-04 18:36:56,687 [INFO] httpx: HTTP Request: POST http://testserver/api/payroll/pay "HTTP/1.1 400 Bad Request"
2026-05-04 18:36:56,690 [INFO] httpx: HTTP Request: GET http://testserver/api/payroll/summary?month=2026-05 "HTTP/1.1 200 OK"
2026-05-04 18:36:56,714 [INFO] banikos-api: User logged in: owner (Role: Admin)
2026-05-04 18:36:56,715 [INFO] httpx: HTTP Request: POST http://testserver/api/auth/login "HTTP/1.1 200 OK"
2026-05-04 18:36:56,718 [INFO] httpx: HTTP Request: GET http://testserver/api/finance/recurring-expenses "HTTP/1.1 200 OK"
2026-05-04 18:36:56,723 [INFO] httpx: HTTP Request: POST http://testserver/api/finance/recurring-expenses "HTTP/1.1 201 Created"
2026-05-04 18:36:56,728 [INFO] httpx: HTTP Request: PATCH http://testserver/api/finance/recurring-expenses/1 "HTTP/1.1 200 OK"
2026-05-04 18:36:56,744 [INFO] httpx: HTTP Request: POST http://testserver/api/finance/recurring-expenses/1/run?month=2026-05 "HTTP/1.1 201 Created"
2026-05-04 18:36:56,747 [INFO] httpx: HTTP Request: POST http://testserver/api/finance/recurring-expenses/1/run?month=2026-05 "HTTP/1.1 400 Bad Request"
2026-05-04 18:36:56,749 [INFO] httpx: HTTP Request: GET http://testserver/api/finance/recurring-expenses "HTTP/1.1 200 OK"
2026-05-04 18:39:16,553 [INFO] banikos-api: User logged in: owner (Role: Admin)
2026-05-04 18:39:16,555 [INFO] httpx: HTTP Request: POST http://testserver/api/auth/login "HTTP/1.1 200 OK"
2026-05-04 18:39:16,563 [INFO] banikos-api: Company settings updated
2026-05-04 18:39:16,564 [INFO] httpx: HTTP Request: PATCH http://testserver/api/settings/company "HTTP/1.1 200 OK"
2026-05-04 18:39:16,566 [INFO] httpx: HTTP Request: GET http://testserver/api/auth/staff "HTTP/1.1 200 OK"
2026-05-04 18:39:16,569 [INFO] httpx: HTTP Request: GET http://testserver/api/settings/company "HTTP/1.1 200 OK"
2026-05-04 18:39:16,587 [INFO] httpx: HTTP Request: GET http://testserver/api/customers "HTTP/1.1 200 OK"
2026-05-04 18:39:16,592 [INFO] httpx: HTTP Request: GET http://testserver/api/products "HTTP/1.1 200 OK"
2026-05-04 18:39:16,596 [INFO] httpx: HTTP Request: GET http://testserver/api/vendors "HTTP/1.1 200 OK"
2026-05-04 18:39:16,605 [INFO] httpx: HTTP Request: GET http://testserver/api/crm/leads "HTTP/1.1 200 OK"
2026-05-04 18:39:16,617 [INFO] httpx: HTTP Request: GET http://testserver/api/finance/summary "HTTP/1.1 200 OK"
2026-05-04 18:39:16,620 [INFO] httpx: HTTP Request: GET http://testserver/api/finance/chart-accounts "HTTP/1.1 200 OK"
2026-05-04 18:39:16,626 [INFO] httpx: HTTP Request: GET http://testserver/api/finance/ledger "HTTP/1.1 200 OK"
2026-05-04 18:39:16,631 [INFO] httpx: HTTP Request: GET http://testserver/api/finance/daily-summary "HTTP/1.1 200 OK"
2026-05-04 18:39:16,635 [INFO] httpx: HTTP Request: GET http://testserver/api/finance/recurring-expenses "HTTP/1.1 200 OK"
2026-05-04 18:39:16,642 [INFO] httpx: HTTP Request: GET http://testserver/api/ml/features/customers "HTTP/1.1 200 OK"
2026-05-04 18:39:16,647 [INFO] httpx: HTTP Request: GET http://testserver/api/ml/features/products "HTTP/1.1 200 OK"
2026-05-04 18:39:16,651 [INFO] httpx: HTTP Request: GET http://testserver/api/ml/recommendations "HTTP/1.1 200 OK"
2026-05-04 18:39:16,670 [INFO] httpx: HTTP Request: OPTIONS http://testserver/api/health "HTTP/1.1 200 OK"
2026-05-04 18:39:16,691 [INFO] banikos-api: User logged in: owner (Role: Admin)
2026-05-04 18:39:16,692 [INFO] httpx: HTTP Request: POST http://testserver/api/auth/login "HTTP/1.1 200 OK"
2026-05-04 18:39:16,701 [INFO] httpx: HTTP Request: POST http://testserver/api/customers "HTTP/1.1 201 Created"
2026-05-04 18:39:16,706 [INFO] httpx: HTTP Request: POST http://testserver/api/products "HTTP/1.1 201 Created"
2026-05-04 18:39:16,809 [INFO] banikos-api: Sale created: INV-20260504-0004 | Total: 20.0 | User: owner
2026-05-04 18:39:16,818 [INFO] httpx: HTTP Request: POST http://testserver/api/pos/sale "HTTP/1.1 200 OK"
2026-05-04 18:39:16,823 [INFO] httpx: HTTP Request: GET http://testserver/api/customers/5/due-payments "HTTP/1.1 200 OK"
2026-05-04 18:39:16,835 [INFO] httpx: HTTP Request: POST http://testserver/api/customers/5/due-payments "HTTP/1.1 201 Created"
2026-05-04 18:39:16,838 [INFO] httpx: HTTP Request: POST http://testserver/api/customers/5/due-payments "HTTP/1.1 400 Bad Request"
2026-05-04 18:39:16,841 [INFO] httpx: HTTP Request: GET http://testserver/api/customers/5/due-payments "HTTP/1.1 200 OK"
2026-05-04 18:39:16,863 [INFO] banikos-api: User logged in: owner (Role: Admin)
2026-05-04 18:39:16,864 [INFO] httpx: HTTP Request: POST http://testserver/api/auth/login "HTTP/1.1 200 OK"
2026-05-04 18:39:16,867 [INFO] httpx: HTTP Request: POST http://testserver/api/products "HTTP/1.1 201 Created"
2026-05-04 18:39:16,871 [INFO] httpx: HTTP Request: PATCH http://testserver/api/products/12/stock "HTTP/1.1 200 OK"
2026-05-04 18:39:16,873 [INFO] httpx: HTTP Request: PATCH http://testserver/api/products/12/stock "HTTP/1.1 400 Bad Request"
2026-05-04 18:39:16,881 [INFO] httpx: HTTP Request: POST http://testserver/api/admin/damages?product_id=12&quantity=4&reason=smoke "HTTP/1.1 200 OK"
2026-05-04 18:39:16,884 [INFO] httpx: HTTP Request: POST http://testserver/api/admin/damages?product_id=12&quantity=1&reason=smoke "HTTP/1.1 400 Bad Request"
2026-05-04 18:39:16,888 [INFO] httpx: HTTP Request: GET http://testserver/api/products?q=SMOKE-ERP-STOCK-001 "HTTP/1.1 200 OK"
2026-05-04 18:39:16,911 [INFO] banikos-api: User logged in: owner (Role: Admin)
2026-05-04 18:39:16,912 [INFO] httpx: HTTP Request: POST http://testserver/api/auth/login "HTTP/1.1 200 OK"
2026-05-04 18:39:16,916 [INFO] httpx: HTTP Request: POST http://testserver/api/products "HTTP/1.1 201 Created"
2026-05-04 18:39:16,920 [INFO] httpx: HTTP Request: POST http://testserver/api/vendors "HTTP/1.1 200 OK"
2026-05-04 18:39:16,933 [INFO] httpx: HTTP Request: POST http://testserver/api/purchases "HTTP/1.1 200 OK"
2026-05-04 18:39:16,946 [INFO] httpx: HTTP Request: POST http://testserver/api/purchases/return "HTTP/1.1 200 OK"
2026-05-04 18:39:16,953 [INFO] httpx: HTTP Request: POST http://testserver/api/vendors/1/pay "HTTP/1.1 200 OK"
2026-05-04 18:39:16,976 [INFO] banikos-api: User logged in: owner (Role: Admin)
2026-05-04 18:39:16,977 [INFO] httpx: HTTP Request: POST http://testserver/api/auth/login "HTTP/1.1 200 OK"
2026-05-04 18:39:16,992 [INFO] httpx: HTTP Request: POST http://testserver/api/internal-threads "HTTP/1.1 201 Created"
2026-05-04 18:39:17,003 [INFO] httpx: HTTP Request: GET http://testserver/api/internal-threads?status=Open "HTTP/1.1 200 OK"
2026-05-04 18:39:17,014 [INFO] httpx: HTTP Request: PATCH http://testserver/api/internal-threads/1 "HTTP/1.1 200 OK"
2026-05-04 18:39:17,021 [INFO] httpx: HTTP Request: POST http://testserver/api/internal-threads/1/messages "HTTP/1.1 200 OK"
2026-05-04 18:39:17,044 [INFO] banikos-api: User logged in: owner (Role: Admin)
2026-05-04 18:39:17,045 [INFO] httpx: HTTP Request: POST http://testserver/api/auth/login "HTTP/1.1 200 OK"
2026-05-04 18:39:17,065 [INFO] httpx: HTTP Request: POST http://testserver/api/tasks "HTTP/1.1 201 Created"
2026-05-04 18:39:17,076 [INFO] httpx: HTTP Request: GET http://testserver/api/tasks?status=Open "HTTP/1.1 200 OK"
2026-05-04 18:39:17,090 [INFO] httpx: HTTP Request: PATCH http://testserver/api/tasks/1 "HTTP/1.1 200 OK"
2026-05-04 18:39:17,114 [INFO] banikos-api: User logged in: owner (Role: Admin)
2026-05-04 18:39:17,115 [INFO] httpx: HTTP Request: POST http://testserver/api/auth/login "HTTP/1.1 200 OK"
2026-05-04 18:39:17,120 [INFO] httpx: HTTP Request: POST http://testserver/api/admin/users "HTTP/1.1 200 OK"
2026-05-04 18:39:17,124 [INFO] httpx: HTTP Request: GET http://testserver/api/payroll/summary?month=2026-05 "HTTP/1.1 200 OK"
2026-05-04 18:39:17,134 [INFO] httpx: HTTP Request: POST http://testserver/api/payroll/cut "HTTP/1.1 201 Created"
2026-05-04 18:39:17,147 [INFO] httpx: HTTP Request: POST http://testserver/api/payroll/pay "HTTP/1.1 201 Created"
2026-05-04 18:39:17,151 [INFO] httpx: HTTP Request: POST http://testserver/api/payroll/pay "HTTP/1.1 400 Bad Request"
2026-05-04 18:39:17,154 [INFO] httpx: HTTP Request: GET http://testserver/api/payroll/summary?month=2026-05 "HTTP/1.1 200 OK"
2026-05-04 18:39:17,179 [INFO] banikos-api: User logged in: owner (Role: Admin)
2026-05-04 18:39:17,179 [INFO] httpx: HTTP Request: POST http://testserver/api/auth/login "HTTP/1.1 200 OK"
2026-05-04 18:39:17,182 [INFO] httpx: HTTP Request: GET http://testserver/api/finance/recurring-expenses "HTTP/1.1 200 OK"
2026-05-04 18:39:17,187 [INFO] httpx: HTTP Request: POST http://testserver/api/finance/recurring-expenses "HTTP/1.1 201 Created"
2026-05-04 18:39:17,192 [INFO] httpx: HTTP Request: PATCH http://testserver/api/finance/recurring-expenses/1 "HTTP/1.1 200 OK"
2026-05-04 18:39:17,215 [INFO] httpx: HTTP Request: POST http://testserver/api/finance/recurring-expenses/1/run?month=2026-05 "HTTP/1.1 201 Created"
2026-05-04 18:39:17,219 [INFO] httpx: HTTP Request: POST http://testserver/api/finance/recurring-expenses/1/run?month=2026-05 "HTTP/1.1 400 Bad Request"
2026-05-04 18:39:17,222 [INFO] httpx: HTTP Request: GET http://testserver/api/finance/recurring-expenses "HTTP/1.1 200 OK"
2026-05-04 19:02:54,145 [INFO] banikos-api: User logged in: owner (Role: Admin)
2026-05-04 19:09:19,223 [ERROR] asyncio: Exception in callback _ProactorBasePipeTransport._call_connection_lost()
handle: <Handle _ProactorBasePipeTransport._call_connection_lost()>
Traceback (most recent call last):
  File "C:\Program Files\WindowsApps\PythonSoftwareFoundation.Python.3.13_3.13.3568.0_x64__qbz5n2kfra8p0\Lib\asyncio\events.py", line 89, in _run
    self._context.run(self._callback, *self._args)
    ~~~~~~~~~~~~~~~~~^^^^^^^^^^^^^^^^^^^^^^^^^^^^^
  File "C:\Program Files\WindowsApps\PythonSoftwareFoundation.Python.3.13_3.13.3568.0_x64__qbz5n2kfra8p0\Lib\asyncio\proactor_events.py", line 165, in _call_connection_lost
    self._sock.shutdown(socket.SHUT_RDWR)
    ~~~~~~~~~~~~~~~~~~~^^^^^^^^^^^^^^^^^^
ConnectionResetError: [WinError 10054] An existing connection was forcibly closed by the remote host
2026-05-04 19:10:28,073 [WARNING] banikos-api: Failed login attempt for user: Abdul Malek
2026-05-04 19:10:31,693 [WARNING] banikos-api: Failed login attempt for user: Abdul Malek
2026-05-04 19:10:36,324 [WARNING] banikos-api: Failed login attempt for user: Abdul Malek
2026-05-04 19:10:37,044 [WARNING] banikos-api: Failed login attempt for user: Abdul Malek
2026-05-04 19:10:37,597 [WARNING] banikos-api: Failed login attempt for user: Abdul Malek
2026-05-04 19:10:42,654 [INFO] banikos-api: User logged in: owner (Role: Admin)
2026-05-04 19:11:10,272 [INFO] banikos-api: User logged in: sunny (Role: Cashier)
2026-05-04 21:05:26,732 [INFO] banikos-api: User logged in: owner (Role: Admin)
2026-05-04 21:05:26,735 [INFO] httpx: HTTP Request: POST http://testserver/api/auth/login "HTTP/1.1 200 OK"
2026-05-04 21:05:26,746 [INFO] banikos-api: Company settings updated
2026-05-04 21:05:26,747 [INFO] httpx: HTTP Request: PATCH http://testserver/api/settings/company "HTTP/1.1 200 OK"
2026-05-04 21:05:26,752 [INFO] httpx: HTTP Request: GET http://testserver/api/auth/staff "HTTP/1.1 200 OK"
2026-05-04 21:05:26,757 [INFO] httpx: HTTP Request: GET http://testserver/api/settings/company "HTTP/1.1 200 OK"
2026-05-04 21:05:26,782 [INFO] httpx: HTTP Request: GET http://testserver/api/customers "HTTP/1.1 200 OK"
2026-05-04 21:05:26,788 [INFO] httpx: HTTP Request: GET http://testserver/api/products "HTTP/1.1 200 OK"
2026-05-04 21:05:26,795 [INFO] httpx: HTTP Request: GET http://testserver/api/vendors "HTTP/1.1 200 OK"
2026-05-04 21:05:26,807 [INFO] httpx: HTTP Request: GET http://testserver/api/crm/leads "HTTP/1.1 200 OK"
2026-05-04 21:05:26,822 [INFO] httpx: HTTP Request: GET http://testserver/api/finance/summary "HTTP/1.1 200 OK"
2026-05-04 21:05:26,827 [INFO] httpx: HTTP Request: GET http://testserver/api/finance/chart-accounts "HTTP/1.1 200 OK"
2026-05-04 21:05:26,834 [INFO] httpx: HTTP Request: GET http://testserver/api/finance/ledger "HTTP/1.1 200 OK"
2026-05-04 21:05:26,840 [INFO] httpx: HTTP Request: GET http://testserver/api/finance/daily-summary "HTTP/1.1 200 OK"
2026-05-04 21:05:26,846 [INFO] httpx: HTTP Request: GET http://testserver/api/finance/recurring-expenses "HTTP/1.1 200 OK"
2026-05-04 21:05:26,855 [INFO] httpx: HTTP Request: GET http://testserver/api/ml/features/customers "HTTP/1.1 200 OK"
2026-05-04 21:05:26,870 [INFO] httpx: HTTP Request: GET http://testserver/api/ml/features/products "HTTP/1.1 200 OK"
2026-05-04 21:05:26,877 [INFO] httpx: HTTP Request: GET http://testserver/api/ml/recommendations "HTTP/1.1 200 OK"
2026-05-04 21:05:26,899 [INFO] httpx: HTTP Request: OPTIONS http://testserver/api/health "HTTP/1.1 200 OK"
2026-05-04 21:05:26,920 [INFO] banikos-api: User logged in: owner (Role: Admin)
2026-05-04 21:05:26,921 [INFO] httpx: HTTP Request: POST http://testserver/api/auth/login "HTTP/1.1 200 OK"
2026-05-04 21:05:26,932 [INFO] httpx: HTTP Request: POST http://testserver/api/customers "HTTP/1.1 201 Created"
2026-05-04 21:05:26,938 [INFO] httpx: HTTP Request: POST http://testserver/api/products "HTTP/1.1 201 Created"
2026-05-04 21:05:27,069 [INFO] banikos-api: Sale created: INV-20260504-0004 | Total: 20.0 | User: owner
2026-05-04 21:05:27,079 [INFO] httpx: HTTP Request: POST http://testserver/api/pos/sale "HTTP/1.1 200 OK"
2026-05-04 21:05:27,086 [INFO] httpx: HTTP Request: GET http://testserver/api/customers/5/due-payments "HTTP/1.1 200 OK"
2026-05-04 21:05:27,099 [INFO] httpx: HTTP Request: POST http://testserver/api/customers/5/due-payments "HTTP/1.1 201 Created"
2026-05-04 21:05:27,102 [INFO] httpx: HTTP Request: POST http://testserver/api/customers/5/due-payments "HTTP/1.1 400 Bad Request"
2026-05-04 21:05:27,105 [INFO] httpx: HTTP Request: GET http://testserver/api/customers/5/due-payments "HTTP/1.1 200 OK"
2026-05-04 21:05:27,132 [INFO] banikos-api: User logged in: owner (Role: Admin)
2026-05-04 21:05:27,133 [INFO] httpx: HTTP Request: POST http://testserver/api/auth/login "HTTP/1.1 200 OK"
2026-05-04 21:05:27,137 [INFO] httpx: HTTP Request: POST http://testserver/api/products "HTTP/1.1 201 Created"
2026-05-04 21:05:27,144 [INFO] httpx: HTTP Request: PATCH http://testserver/api/products/12/stock "HTTP/1.1 200 OK"
2026-05-04 21:05:27,148 [INFO] httpx: HTTP Request: PATCH http://testserver/api/products/12/stock "HTTP/1.1 400 Bad Request"
2026-05-04 21:05:27,156 [INFO] httpx: HTTP Request: POST http://testserver/api/admin/damages?product_id=12&quantity=4&reason=smoke "HTTP/1.1 200 OK"
2026-05-04 21:05:27,161 [INFO] httpx: HTTP Request: POST http://testserver/api/admin/damages?product_id=12&quantity=1&reason=smoke "HTTP/1.1 400 Bad Request"
2026-05-04 21:05:27,167 [INFO] httpx: HTTP Request: GET http://testserver/api/products?q=SMOKE-ERP-STOCK-001 "HTTP/1.1 200 OK"
2026-05-04 21:05:27,191 [INFO] banikos-api: User logged in: owner (Role: Admin)
2026-05-04 21:05:27,193 [INFO] httpx: HTTP Request: POST http://testserver/api/auth/login "HTTP/1.1 200 OK"
2026-05-04 21:05:27,197 [INFO] httpx: HTTP Request: POST http://testserver/api/products "HTTP/1.1 201 Created"
2026-05-04 21:05:27,202 [INFO] httpx: HTTP Request: POST http://testserver/api/vendors "HTTP/1.1 200 OK"
2026-05-04 21:05:27,220 [INFO] httpx: HTTP Request: POST http://testserver/api/purchases "HTTP/1.1 200 OK"
2026-05-04 21:05:27,237 [INFO] httpx: HTTP Request: POST http://testserver/api/purchases/return "HTTP/1.1 200 OK"
2026-05-04 21:05:27,248 [INFO] httpx: HTTP Request: POST http://testserver/api/vendors/1/pay "HTTP/1.1 200 OK"
2026-05-04 21:05:27,278 [INFO] banikos-api: User logged in: owner (Role: Admin)
2026-05-04 21:05:27,278 [INFO] httpx: HTTP Request: POST http://testserver/api/auth/login "HTTP/1.1 200 OK"
2026-05-04 21:05:27,294 [INFO] httpx: HTTP Request: POST http://testserver/api/internal-threads "HTTP/1.1 201 Created"
2026-05-04 21:05:27,310 [INFO] httpx: HTTP Request: GET http://testserver/api/internal-threads?status=Open "HTTP/1.1 200 OK"
2026-05-04 21:05:27,323 [INFO] httpx: HTTP Request: PATCH http://testserver/api/internal-threads/1 "HTTP/1.1 200 OK"
2026-05-04 21:05:27,331 [INFO] httpx: HTTP Request: POST http://testserver/api/internal-threads/1/messages "HTTP/1.1 200 OK"
2026-05-04 21:05:27,357 [INFO] banikos-api: User logged in: owner (Role: Admin)
2026-05-04 21:05:27,358 [INFO] httpx: HTTP Request: POST http://testserver/api/auth/login "HTTP/1.1 200 OK"
2026-05-04 21:05:27,388 [INFO] httpx: HTTP Request: POST http://testserver/api/tasks "HTTP/1.1 201 Created"
2026-05-04 21:05:27,396 [INFO] httpx: HTTP Request: GET http://testserver/api/tasks?status=Open "HTTP/1.1 200 OK"
2026-05-04 21:05:27,411 [INFO] httpx: HTTP Request: PATCH http://testserver/api/tasks/1 "HTTP/1.1 200 OK"
2026-05-04 21:05:27,441 [INFO] banikos-api: User logged in: owner (Role: Admin)
2026-05-04 21:05:27,442 [INFO] httpx: HTTP Request: POST http://testserver/api/auth/login "HTTP/1.1 200 OK"
2026-05-04 21:05:27,450 [INFO] httpx: HTTP Request: POST http://testserver/api/admin/users "HTTP/1.1 200 OK"
2026-05-04 21:05:27,457 [INFO] httpx: HTTP Request: GET http://testserver/api/payroll/summary?month=2026-05 "HTTP/1.1 200 OK"
2026-05-04 21:05:27,469 [INFO] httpx: HTTP Request: POST http://testserver/api/payroll/cut "HTTP/1.1 201 Created"
2026-05-04 21:05:27,484 [INFO] httpx: HTTP Request: POST http://testserver/api/payroll/pay "HTTP/1.1 201 Created"
2026-05-04 21:05:27,488 [INFO] httpx: HTTP Request: POST http://testserver/api/payroll/pay "HTTP/1.1 400 Bad Request"
2026-05-04 21:05:27,492 [INFO] httpx: HTTP Request: GET http://testserver/api/payroll/summary?month=2026-05 "HTTP/1.1 200 OK"
2026-05-04 21:05:27,520 [INFO] banikos-api: User logged in: owner (Role: Admin)
2026-05-04 21:05:27,521 [INFO] httpx: HTTP Request: POST http://testserver/api/auth/login "HTTP/1.1 200 OK"
2026-05-04 21:05:27,524 [INFO] httpx: HTTP Request: GET http://testserver/api/finance/recurring-expenses "HTTP/1.1 200 OK"
2026-05-04 21:05:27,532 [INFO] httpx: HTTP Request: POST http://testserver/api/finance/recurring-expenses "HTTP/1.1 201 Created"
2026-05-04 21:05:27,538 [INFO] httpx: HTTP Request: PATCH http://testserver/api/finance/recurring-expenses/1 "HTTP/1.1 200 OK"
2026-05-04 21:05:27,557 [INFO] httpx: HTTP Request: POST http://testserver/api/finance/recurring-expenses/1/run?month=2026-05 "HTTP/1.1 201 Created"
2026-05-04 21:05:27,561 [INFO] httpx: HTTP Request: POST http://testserver/api/finance/recurring-expenses/1/run?month=2026-05 "HTTP/1.1 400 Bad Request"
2026-05-04 21:05:27,564 [INFO] httpx: HTTP Request: GET http://testserver/api/finance/recurring-expenses "HTTP/1.1 200 OK"
2026-05-04 21:59:18,211 [INFO] banikos-api: User logged in: owner (Role: Admin)
2026-05-04 21:59:18,214 [INFO] httpx: HTTP Request: POST http://testserver/api/auth/login "HTTP/1.1 200 OK"
2026-05-04 21:59:18,222 [INFO] banikos-api: Company settings updated
2026-05-04 21:59:18,224 [INFO] httpx: HTTP Request: PATCH http://testserver/api/settings/company "HTTP/1.1 200 OK"
2026-05-04 21:59:18,228 [INFO] httpx: HTTP Request: GET http://testserver/api/auth/staff "HTTP/1.1 200 OK"
2026-05-04 21:59:18,231 [INFO] httpx: HTTP Request: GET http://testserver/api/settings/company "HTTP/1.1 200 OK"
2026-05-04 21:59:18,247 [INFO] httpx: HTTP Request: GET http://testserver/api/customers "HTTP/1.1 200 OK"
2026-05-04 21:59:18,251 [INFO] httpx: HTTP Request: GET http://testserver/api/products "HTTP/1.1 200 OK"
2026-05-04 21:59:18,254 [INFO] httpx: HTTP Request: GET http://testserver/api/vendors "HTTP/1.1 200 OK"
2026-05-04 21:59:18,265 [INFO] httpx: HTTP Request: GET http://testserver/api/crm/leads "HTTP/1.1 200 OK"
2026-05-04 21:59:18,279 [INFO] httpx: HTTP Request: GET http://testserver/api/finance/summary "HTTP/1.1 200 OK"
2026-05-04 21:59:18,282 [INFO] httpx: HTTP Request: GET http://testserver/api/finance/chart-accounts "HTTP/1.1 200 OK"
2026-05-04 21:59:18,287 [INFO] httpx: HTTP Request: GET http://testserver/api/finance/ledger "HTTP/1.1 200 OK"
2026-05-04 21:59:18,291 [INFO] httpx: HTTP Request: GET http://testserver/api/finance/daily-summary "HTTP/1.1 200 OK"
2026-05-04 21:59:18,296 [INFO] httpx: HTTP Request: GET http://testserver/api/finance/recurring-expenses "HTTP/1.1 200 OK"
2026-05-04 21:59:18,303 [INFO] httpx: HTTP Request: GET http://testserver/api/ml/features/customers "HTTP/1.1 200 OK"
2026-05-04 21:59:18,308 [INFO] httpx: HTTP Request: GET http://testserver/api/ml/features/products "HTTP/1.1 200 OK"
2026-05-04 21:59:18,313 [INFO] httpx: HTTP Request: GET http://testserver/api/ml/recommendations "HTTP/1.1 200 OK"
2026-05-04 21:59:18,333 [INFO] httpx: HTTP Request: OPTIONS http://testserver/api/health "HTTP/1.1 200 OK"
2026-05-04 21:59:18,353 [INFO] banikos-api: User logged in: owner (Role: Admin)
2026-05-04 21:59:18,353 [INFO] httpx: HTTP Request: POST http://testserver/api/auth/login "HTTP/1.1 200 OK"
2026-05-04 21:59:18,362 [INFO] httpx: HTTP Request: POST http://testserver/api/customers "HTTP/1.1 201 Created"
2026-05-04 21:59:18,368 [INFO] httpx: HTTP Request: POST http://testserver/api/products "HTTP/1.1 201 Created"
2026-05-04 21:59:18,390 [INFO] banikos-api: Sale created: INV-20260504-0004 | Total: 20.0 | User: owner
2026-05-04 21:59:18,476 [INFO] httpx: HTTP Request: POST http://testserver/api/pos/sale "HTTP/1.1 200 OK"
2026-05-04 21:59:18,482 [INFO] httpx: HTTP Request: GET http://testserver/api/customers/5/due-payments "HTTP/1.1 200 OK"
2026-05-04 21:59:18,494 [INFO] httpx: HTTP Request: POST http://testserver/api/customers/5/due-payments "HTTP/1.1 201 Created"
2026-05-04 21:59:18,498 [INFO] httpx: HTTP Request: POST http://testserver/api/customers/5/due-payments "HTTP/1.1 400 Bad Request"
2026-05-04 21:59:18,501 [INFO] httpx: HTTP Request: GET http://testserver/api/customers/5/due-payments "HTTP/1.1 200 OK"
2026-05-04 21:59:18,522 [INFO] banikos-api: User logged in: owner (Role: Admin)
2026-05-04 21:59:18,523 [INFO] httpx: HTTP Request: POST http://testserver/api/auth/login "HTTP/1.1 200 OK"
2026-05-04 21:59:18,527 [INFO] httpx: HTTP Request: POST http://testserver/api/products "HTTP/1.1 201 Created"
2026-05-04 21:59:18,532 [INFO] httpx: HTTP Request: PATCH http://testserver/api/products/12/stock "HTTP/1.1 200 OK"
2026-05-04 21:59:18,535 [INFO] httpx: HTTP Request: PATCH http://testserver/api/products/12/stock "HTTP/1.1 400 Bad Request"
2026-05-04 21:59:18,541 [INFO] httpx: HTTP Request: POST http://testserver/api/admin/damages?product_id=12&quantity=4&reason=smoke "HTTP/1.1 200 OK"
2026-05-04 21:59:18,543 [INFO] httpx: HTTP Request: POST http://testserver/api/admin/damages?product_id=12&quantity=1&reason=smoke "HTTP/1.1 400 Bad Request"
2026-05-04 21:59:18,547 [INFO] httpx: HTTP Request: GET http://testserver/api/products?q=SMOKE-ERP-STOCK-001 "HTTP/1.1 200 OK"
2026-05-04 21:59:18,570 [INFO] banikos-api: User logged in: owner (Role: Admin)
2026-05-04 21:59:18,571 [INFO] httpx: HTTP Request: POST http://testserver/api/auth/login "HTTP/1.1 200 OK"
2026-05-04 21:59:18,574 [INFO] httpx: HTTP Request: POST http://testserver/api/products "HTTP/1.1 201 Created"
2026-05-04 21:59:18,579 [INFO] httpx: HTTP Request: POST http://testserver/api/vendors "HTTP/1.1 200 OK"
2026-05-04 21:59:18,593 [INFO] httpx: HTTP Request: POST http://testserver/api/purchases "HTTP/1.1 200 OK"
2026-05-04 21:59:18,605 [INFO] httpx: HTTP Request: POST http://testserver/api/purchases/return "HTTP/1.1 200 OK"
2026-05-04 21:59:18,611 [INFO] httpx: HTTP Request: POST http://testserver/api/vendors/1/pay "HTTP/1.1 200 OK"
2026-05-04 21:59:18,637 [INFO] banikos-api: User logged in: owner (Role: Admin)
2026-05-04 21:59:18,638 [INFO] httpx: HTTP Request: POST http://testserver/api/auth/login "HTTP/1.1 200 OK"
2026-05-04 21:59:18,643 [INFO] httpx: HTTP Request: POST http://testserver/api/admin/users "HTTP/1.1 200 OK"
2026-05-04 21:59:18,647 [INFO] httpx: HTTP Request: POST http://testserver/api/admin/users "HTTP/1.1 200 OK"
2026-05-04 21:59:18,650 [INFO] httpx: HTTP Request: POST http://testserver/api/admin/users "HTTP/1.1 200 OK"
2026-05-04 21:59:18,651 [INFO] banikos-api: User logged in: cashier-rbac-smoke (Role: Cashier)
2026-05-04 21:59:18,652 [INFO] httpx: HTTP Request: POST http://testserver/api/auth/login "HTTP/1.1 200 OK"
2026-05-04 21:59:18,653 [INFO] banikos-api: User logged in: sales-rbac-smoke (Role: Salesman)
2026-05-04 21:59:18,654 [INFO] httpx: HTTP Request: POST http://testserver/api/auth/login "HTTP/1.1 200 OK"
2026-05-04 21:59:18,655 [INFO] banikos-api: User logged in: packaging-rbac-smoke (Role: Packaging)
2026-05-04 21:59:18,655 [INFO] httpx: HTTP Request: POST http://testserver/api/auth/login "HTTP/1.1 200 OK"
2026-05-04 21:59:18,658 [INFO] httpx: HTTP Request: GET http://testserver/api/products "HTTP/1.1 200 OK"
2026-05-04 21:59:18,675 [INFO] httpx: HTTP Request: GET http://testserver/api/customers "HTTP/1.1 200 OK"
2026-05-04 21:59:18,682 [INFO] httpx: HTTP Request: GET http://testserver/api/shifts/active "HTTP/1.1 200 OK"
2026-05-04 21:59:18,684 [INFO] httpx: HTTP Request: GET http://testserver/api/auth/staff "HTTP/1.1 200 OK"
2026-05-04 21:59:18,686 [INFO] httpx: HTTP Request: GET http://testserver/api/crm/leads "HTTP/1.1 403 Forbidden"
2026-05-04 21:59:18,688 [INFO] httpx: HTTP Request: GET http://testserver/api/crm/orders "HTTP/1.1 403 Forbidden"
2026-05-04 21:59:18,690 [INFO] httpx: HTTP Request: GET http://testserver/api/tasks "HTTP/1.1 403 Forbidden"
2026-05-04 21:59:18,692 [INFO] httpx: HTTP Request: GET http://testserver/api/finance/summary "HTTP/1.1 403 Forbidden"
2026-05-04 21:59:18,696 [INFO] httpx: HTTP Request: GET http://testserver/api/pos/sales "HTTP/1.1 403 Forbidden"
2026-05-04 21:59:18,698 [INFO] httpx: HTTP Request: GET http://testserver/api/auth/staff "HTTP/1.1 200 OK"
2026-05-04 21:59:18,701 [INFO] httpx: HTTP Request: GET http://testserver/api/products "HTTP/1.1 200 OK"
2026-05-04 21:59:18,712 [INFO] httpx: HTTP Request: GET http://testserver/api/customers "HTTP/1.1 200 OK"
2026-05-04 21:59:18,720 [INFO] httpx: HTTP Request: GET http://testserver/api/crm/leads "HTTP/1.1 200 OK"
2026-05-04 21:59:18,728 [INFO] httpx: HTTP Request: GET http://testserver/api/crm/orders "HTTP/1.1 200 OK"
2026-05-04 21:59:18,737 [INFO] httpx: HTTP Request: GET http://testserver/api/tasks "HTTP/1.1 200 OK"
2026-05-04 21:59:18,739 [INFO] httpx: HTTP Request: GET http://testserver/api/finance/summary "HTTP/1.1 403 Forbidden"
2026-05-04 21:59:18,741 [INFO] httpx: HTTP Request: GET http://testserver/api/vendors "HTTP/1.1 403 Forbidden"
2026-05-04 21:59:18,743 [INFO] httpx: HTTP Request: GET http://testserver/api/pos/sales "HTTP/1.1 403 Forbidden"
2026-05-04 21:59:18,745 [INFO] httpx: HTTP Request: GET http://testserver/api/products "HTTP/1.1 200 OK"
2026-05-04 21:59:18,749 [INFO] httpx: HTTP Request: GET http://testserver/api/tasks "HTTP/1.1 200 OK"
2026-05-04 21:59:18,751 [INFO] httpx: HTTP Request: GET http://testserver/api/customers "HTTP/1.1 403 Forbidden"
2026-05-04 21:59:18,752 [INFO] httpx: HTTP Request: GET http://testserver/api/crm/leads "HTTP/1.1 403 Forbidden"
2026-05-04 21:59:18,754 [INFO] httpx: HTTP Request: GET http://testserver/api/crm/orders "HTTP/1.1 403 Forbidden"
2026-05-04 21:59:18,756 [INFO] httpx: HTTP Request: GET http://testserver/api/finance/summary "HTTP/1.1 403 Forbidden"
2026-05-04 21:59:18,779 [INFO] banikos-api: User logged in: owner (Role: Admin)
2026-05-04 21:59:18,780 [INFO] httpx: HTTP Request: POST http://testserver/api/auth/login "HTTP/1.1 200 OK"
2026-05-04 21:59:18,794 [INFO] httpx: HTTP Request: POST http://testserver/api/internal-threads "HTTP/1.1 201 Created"
2026-05-04 21:59:18,805 [INFO] httpx: HTTP Request: GET http://testserver/api/internal-threads?status=Open "HTTP/1.1 200 OK"
2026-05-04 21:59:18,820 [INFO] httpx: HTTP Request: PATCH http://testserver/api/internal-threads/1 "HTTP/1.1 200 OK"
2026-05-04 21:59:18,828 [INFO] httpx: HTTP Request: POST http://testserver/api/internal-threads/1/messages "HTTP/1.1 200 OK"
2026-05-04 21:59:18,852 [INFO] banikos-api: User logged in: owner (Role: Admin)
2026-05-04 21:59:18,853 [INFO] httpx: HTTP Request: POST http://testserver/api/auth/login "HTTP/1.1 200 OK"
2026-05-04 21:59:18,874 [INFO] httpx: HTTP Request: POST http://testserver/api/tasks "HTTP/1.1 201 Created"
2026-05-04 21:59:18,881 [INFO] httpx: HTTP Request: GET http://testserver/api/tasks?status=Open "HTTP/1.1 200 OK"
2026-05-04 21:59:18,894 [INFO] httpx: HTTP Request: PATCH http://testserver/api/tasks/1 "HTTP/1.1 200 OK"
2026-05-04 21:59:18,919 [INFO] banikos-api: User logged in: owner (Role: Admin)
2026-05-04 21:59:18,920 [INFO] httpx: HTTP Request: POST http://testserver/api/auth/login "HTTP/1.1 200 OK"
2026-05-04 21:59:18,925 [INFO] httpx: HTTP Request: POST http://testserver/api/admin/users "HTTP/1.1 200 OK"
2026-05-04 21:59:18,930 [INFO] httpx: HTTP Request: GET http://testserver/api/payroll/summary?month=2026-05 "HTTP/1.1 200 OK"
2026-05-04 21:59:18,939 [INFO] httpx: HTTP Request: POST http://testserver/api/payroll/cut "HTTP/1.1 201 Created"
2026-05-04 21:59:18,954 [INFO] httpx: HTTP Request: POST http://testserver/api/payroll/pay "HTTP/1.1 201 Created"
2026-05-04 21:59:18,958 [INFO] httpx: HTTP Request: POST http://testserver/api/payroll/pay "HTTP/1.1 400 Bad Request"
2026-05-04 21:59:18,963 [INFO] httpx: HTTP Request: GET http://testserver/api/payroll/summary?month=2026-05 "HTTP/1.1 200 OK"
2026-05-04 21:59:18,988 [INFO] banikos-api: User logged in: owner (Role: Admin)
2026-05-04 21:59:18,989 [INFO] httpx: HTTP Request: POST http://testserver/api/auth/login "HTTP/1.1 200 OK"
2026-05-04 21:59:18,991 [INFO] httpx: HTTP Request: GET http://testserver/api/finance/recurring-expenses "HTTP/1.1 200 OK"
2026-05-04 21:59:18,999 [INFO] httpx: HTTP Request: POST http://testserver/api/finance/recurring-expenses "HTTP/1.1 201 Created"
2026-05-04 21:59:19,004 [INFO] httpx: HTTP Request: PATCH http://testserver/api/finance/recurring-expenses/1 "HTTP/1.1 200 OK"
2026-05-04 21:59:19,024 [INFO] httpx: HTTP Request: POST http://testserver/api/finance/recurring-expenses/1/run?month=2026-05 "HTTP/1.1 201 Created"
2026-05-04 21:59:19,028 [INFO] httpx: HTTP Request: POST http://testserver/api/finance/recurring-expenses/1/run?month=2026-05 "HTTP/1.1 400 Bad Request"
2026-05-04 21:59:19,031 [INFO] httpx: HTTP Request: GET http://testserver/api/finance/recurring-expenses "HTTP/1.1 200 OK"
2026-05-04 22:06:20,974 [INFO] banikos-api: User logged in: owner (Role: Admin)
2026-05-04 22:06:20,978 [INFO] httpx: HTTP Request: POST http://testserver/api/auth/login "HTTP/1.1 200 OK"
2026-05-04 22:06:20,988 [INFO] banikos-api: Company settings updated
2026-05-04 22:06:20,990 [INFO] httpx: HTTP Request: PATCH http://testserver/api/settings/company "HTTP/1.1 200 OK"
2026-05-04 22:06:20,995 [INFO] httpx: HTTP Request: GET http://testserver/api/auth/staff "HTTP/1.1 200 OK"
2026-05-04 22:06:20,998 [INFO] httpx: HTTP Request: GET http://testserver/api/settings/company "HTTP/1.1 200 OK"
2026-05-04 22:06:21,017 [INFO] httpx: HTTP Request: GET http://testserver/api/customers "HTTP/1.1 200 OK"
2026-05-04 22:06:21,022 [INFO] httpx: HTTP Request: GET http://testserver/api/products "HTTP/1.1 200 OK"
2026-05-04 22:06:21,025 [INFO] httpx: HTTP Request: GET http://testserver/api/vendors "HTTP/1.1 200 OK"
2026-05-04 22:06:21,036 [INFO] httpx: HTTP Request: GET http://testserver/api/crm/leads "HTTP/1.1 200 OK"
2026-05-04 22:06:21,051 [INFO] httpx: HTTP Request: GET http://testserver/api/finance/summary "HTTP/1.1 200 OK"
2026-05-04 22:06:21,054 [INFO] httpx: HTTP Request: GET http://testserver/api/finance/chart-accounts "HTTP/1.1 200 OK"
2026-05-04 22:06:21,061 [INFO] httpx: HTTP Request: GET http://testserver/api/finance/ledger "HTTP/1.1 200 OK"
2026-05-04 22:06:21,066 [INFO] httpx: HTTP Request: GET http://testserver/api/finance/daily-summary "HTTP/1.1 200 OK"
2026-05-04 22:06:21,070 [INFO] httpx: HTTP Request: GET http://testserver/api/finance/recurring-expenses "HTTP/1.1 200 OK"
2026-05-04 22:06:21,077 [INFO] httpx: HTTP Request: GET http://testserver/api/ml/features/customers "HTTP/1.1 200 OK"
2026-05-04 22:06:21,083 [INFO] httpx: HTTP Request: GET http://testserver/api/ml/features/products "HTTP/1.1 200 OK"
2026-05-04 22:06:21,087 [INFO] httpx: HTTP Request: GET http://testserver/api/ml/recommendations "HTTP/1.1 200 OK"
2026-05-04 22:06:21,105 [INFO] httpx: HTTP Request: OPTIONS http://testserver/api/health "HTTP/1.1 200 OK"
2026-05-04 22:06:21,126 [INFO] banikos-api: User logged in: owner (Role: Admin)
2026-05-04 22:06:21,127 [INFO] httpx: HTTP Request: POST http://testserver/api/auth/login "HTTP/1.1 200 OK"
2026-05-04 22:06:21,136 [INFO] httpx: HTTP Request: POST http://testserver/api/customers "HTTP/1.1 201 Created"
2026-05-04 22:06:21,141 [INFO] httpx: HTTP Request: POST http://testserver/api/products "HTTP/1.1 201 Created"
2026-05-04 22:06:21,165 [INFO] banikos-api: Sale created: INV-20260504-0004 | Total: 20.0 | User: owner
2026-05-04 22:06:21,262 [INFO] httpx: HTTP Request: POST http://testserver/api/pos/sale "HTTP/1.1 200 OK"
2026-05-04 22:06:21,269 [INFO] httpx: HTTP Request: GET http://testserver/api/customers/5/due-payments "HTTP/1.1 200 OK"
2026-05-04 22:06:21,281 [INFO] httpx: HTTP Request: POST http://testserver/api/customers/5/due-payments "HTTP/1.1 201 Created"
2026-05-04 22:06:21,283 [INFO] httpx: HTTP Request: POST http://testserver/api/customers/5/due-payments "HTTP/1.1 400 Bad Request"
2026-05-04 22:06:21,286 [INFO] httpx: HTTP Request: GET http://testserver/api/customers/5/due-payments "HTTP/1.1 200 OK"
2026-05-04 22:06:21,309 [INFO] banikos-api: User logged in: owner (Role: Admin)
2026-05-04 22:06:21,310 [INFO] httpx: HTTP Request: POST http://testserver/api/auth/login "HTTP/1.1 200 OK"
2026-05-04 22:06:21,314 [INFO] httpx: HTTP Request: POST http://testserver/api/products "HTTP/1.1 201 Created"
2026-05-04 22:06:21,318 [INFO] httpx: HTTP Request: PATCH http://testserver/api/products/12/stock "HTTP/1.1 200 OK"
2026-05-04 22:06:21,321 [INFO] httpx: HTTP Request: PATCH http://testserver/api/products/12/stock "HTTP/1.1 400 Bad Request"
2026-05-04 22:06:21,329 [INFO] httpx: HTTP Request: POST http://testserver/api/admin/damages?product_id=12&quantity=4&reason=smoke "HTTP/1.1 200 OK"
2026-05-04 22:06:21,331 [INFO] httpx: HTTP Request: POST http://testserver/api/admin/damages?product_id=12&quantity=1&reason=smoke "HTTP/1.1 400 Bad Request"
2026-05-04 22:06:21,335 [INFO] httpx: HTTP Request: GET http://testserver/api/products?q=SMOKE-ERP-STOCK-001 "HTTP/1.1 200 OK"
2026-05-04 22:06:21,358 [INFO] banikos-api: User logged in: owner (Role: Admin)
2026-05-04 22:06:21,359 [INFO] httpx: HTTP Request: POST http://testserver/api/auth/login "HTTP/1.1 200 OK"
2026-05-04 22:06:21,363 [INFO] httpx: HTTP Request: POST http://testserver/api/products "HTTP/1.1 201 Created"
2026-05-04 22:06:21,369 [INFO] httpx: HTTP Request: POST http://testserver/api/vendors "HTTP/1.1 200 OK"
2026-05-04 22:06:21,384 [INFO] httpx: HTTP Request: POST http://testserver/api/purchases "HTTP/1.1 200 OK"
2026-05-04 22:06:21,397 [INFO] httpx: HTTP Request: POST http://testserver/api/purchases/return "HTTP/1.1 200 OK"
2026-05-04 22:06:21,404 [INFO] httpx: HTTP Request: POST http://testserver/api/vendors/1/pay "HTTP/1.1 200 OK"
2026-05-04 22:06:21,430 [INFO] banikos-api: User logged in: owner (Role: Admin)
2026-05-04 22:06:21,430 [INFO] httpx: HTTP Request: POST http://testserver/api/auth/login "HTTP/1.1 200 OK"
2026-05-04 22:06:21,436 [INFO] httpx: HTTP Request: POST http://testserver/api/admin/users "HTTP/1.1 200 OK"
2026-05-04 22:06:21,439 [INFO] httpx: HTTP Request: POST http://testserver/api/admin/users "HTTP/1.1 200 OK"
2026-05-04 22:06:21,443 [INFO] httpx: HTTP Request: POST http://testserver/api/admin/users "HTTP/1.1 200 OK"
2026-05-04 22:06:21,447 [INFO] httpx: HTTP Request: POST http://testserver/api/admin/users "HTTP/1.1 200 OK"
2026-05-04 22:06:21,450 [INFO] httpx: HTTP Request: POST http://testserver/api/admin/users "HTTP/1.1 200 OK"
2026-05-04 22:06:21,454 [INFO] httpx: HTTP Request: POST http://testserver/api/admin/users "HTTP/1.1 200 OK"
2026-05-04 22:06:21,455 [INFO] banikos-api: User logged in: ceo-rbac-smoke (Role: CEO)
2026-05-04 22:06:21,456 [INFO] httpx: HTTP Request: POST http://testserver/api/auth/login "HTTP/1.1 200 OK"
2026-05-04 22:06:21,457 [INFO] banikos-api: User logged in: coo-rbac-smoke (Role: COO)
2026-05-04 22:06:21,457 [INFO] httpx: HTTP Request: POST http://testserver/api/auth/login "HTTP/1.1 200 OK"
2026-05-04 22:06:21,459 [INFO] banikos-api: User logged in: cmo-rbac-smoke (Role: CMO)
2026-05-04 22:06:21,460 [INFO] httpx: HTTP Request: POST http://testserver/api/auth/login "HTTP/1.1 200 OK"
2026-05-04 22:06:21,461 [INFO] banikos-api: User logged in: cfo-rbac-smoke (Role: CFO)
2026-05-04 22:06:21,462 [INFO] httpx: HTTP Request: POST http://testserver/api/auth/login "HTTP/1.1 200 OK"
2026-05-04 22:06:21,464 [INFO] banikos-api: User logged in: social-rbac-smoke (Role: SocialAgent)
2026-05-04 22:06:21,465 [INFO] httpx: HTTP Request: POST http://testserver/api/auth/login "HTTP/1.1 200 OK"
2026-05-04 22:06:21,466 [INFO] banikos-api: User logged in: production-rbac-smoke (Role: ProductionWorker)
2026-05-04 22:06:21,467 [INFO] httpx: HTTP Request: POST http://testserver/api/auth/login "HTTP/1.1 200 OK"
2026-05-04 22:06:21,470 [INFO] httpx: HTTP Request: GET http://testserver/api/admin/users "HTTP/1.1 200 OK"
2026-05-04 22:06:21,474 [INFO] httpx: HTTP Request: GET http://testserver/api/finance/summary "HTTP/1.1 200 OK"
2026-05-04 22:06:21,478 [INFO] httpx: HTTP Request: GET http://testserver/api/ml/recommendations "HTTP/1.1 200 OK"
2026-05-04 22:06:21,487 [INFO] httpx: HTTP Request: GET http://testserver/api/tasks "HTTP/1.1 200 OK"
2026-05-04 22:06:21,495 [INFO] httpx: HTTP Request: GET http://testserver/api/dashboard/kpi "HTTP/1.1 200 OK"
2026-05-04 22:06:21,503 [INFO] httpx: HTTP Request: GET http://testserver/api/crm/orders "HTTP/1.1 200 OK"
2026-05-04 22:06:21,506 [INFO] httpx: HTTP Request: GET http://testserver/api/vendors "HTTP/1.1 200 OK"
2026-05-04 22:06:21,510 [INFO] httpx: HTTP Request: GET http://testserver/api/finance/summary "HTTP/1.1 200 OK"
2026-05-04 22:06:21,513 [INFO] httpx: HTTP Request: GET http://testserver/api/tasks "HTTP/1.1 200 OK"
2026-05-04 22:06:21,524 [INFO] httpx: HTTP Request: GET http://testserver/api/customers "HTTP/1.1 200 OK"
2026-05-04 22:06:21,527 [INFO] httpx: HTTP Request: GET http://testserver/api/crm/leads "HTTP/1.1 200 OK"
2026-05-04 22:06:21,534 [INFO] httpx: HTTP Request: GET http://testserver/api/tasks "HTTP/1.1 200 OK"
2026-05-04 22:06:21,539 [INFO] httpx: HTTP Request: GET http://testserver/api/ml/recommendations "HTTP/1.1 200 OK"
2026-05-04 22:06:21,540 [INFO] httpx: HTTP Request: GET http://testserver/api/finance/summary "HTTP/1.1 403 Forbidden"
2026-05-04 22:06:21,542 [INFO] httpx: HTTP Request: GET http://testserver/api/crm/orders "HTTP/1.1 403 Forbidden"
2026-05-04 22:06:21,545 [INFO] httpx: HTTP Request: GET http://testserver/api/admin/users "HTTP/1.1 403 Forbidden"
2026-05-04 22:06:21,550 [INFO] httpx: HTTP Request: GET http://testserver/api/finance/summary "HTTP/1.1 200 OK"
2026-05-04 22:06:21,552 [INFO] httpx: HTTP Request: GET http://testserver/api/finance/ledger "HTTP/1.1 200 OK"
2026-05-04 22:06:21,564 [INFO] httpx: HTTP Request: GET http://testserver/api/accounting/journals "HTTP/1.1 200 OK"
2026-05-04 22:06:21,567 [INFO] httpx: HTTP Request: GET http://testserver/api/tasks "HTTP/1.1 200 OK"
2026-05-04 22:06:21,575 [INFO] httpx: HTTP Request: POST http://testserver/api/finance/entry "HTTP/1.1 201 Created"
2026-05-04 22:06:21,577 [INFO] httpx: HTTP Request: GET http://testserver/api/customers "HTTP/1.1 403 Forbidden"
2026-05-04 22:06:21,580 [INFO] httpx: HTTP Request: GET http://testserver/api/crm/leads "HTTP/1.1 403 Forbidden"
2026-05-04 22:06:21,582 [INFO] httpx: HTTP Request: GET http://testserver/api/admin/users "HTTP/1.1 403 Forbidden"
2026-05-04 22:06:21,592 [INFO] httpx: HTTP Request: GET http://testserver/api/customers "HTTP/1.1 200 OK"
2026-05-04 22:06:21,600 [INFO] httpx: HTTP Request: GET http://testserver/api/crm/leads "HTTP/1.1 200 OK"
2026-05-04 22:06:21,603 [INFO] httpx: HTTP Request: GET http://testserver/api/tasks "HTTP/1.1 200 OK"
2026-05-04 22:06:21,605 [INFO] httpx: HTTP Request: GET http://testserver/api/products "HTTP/1.1 403 Forbidden"
2026-05-04 22:06:21,608 [INFO] httpx: HTTP Request: GET http://testserver/api/crm/orders "HTTP/1.1 403 Forbidden"
2026-05-04 22:06:21,610 [INFO] httpx: HTTP Request: GET http://testserver/api/finance/summary "HTTP/1.1 403 Forbidden"
2026-05-04 22:06:21,613 [INFO] httpx: HTTP Request: GET http://testserver/api/products "HTTP/1.1 200 OK"
2026-05-04 22:06:21,616 [INFO] httpx: HTTP Request: GET http://testserver/api/tasks "HTTP/1.1 200 OK"
2026-05-04 22:06:21,618 [INFO] httpx: HTTP Request: GET http://testserver/api/customers "HTTP/1.1 403 Forbidden"
2026-05-04 22:06:21,620 [INFO] httpx: HTTP Request: GET http://testserver/api/crm/leads "HTTP/1.1 403 Forbidden"
2026-05-04 22:06:21,621 [INFO] httpx: HTTP Request: GET http://testserver/api/crm/orders "HTTP/1.1 403 Forbidden"
2026-05-04 22:06:21,623 [INFO] httpx: HTTP Request: GET http://testserver/api/finance/summary "HTTP/1.1 403 Forbidden"
2026-05-04 22:06:21,648 [INFO] banikos-api: User logged in: owner (Role: Admin)
2026-05-04 22:06:21,649 [INFO] httpx: HTTP Request: POST http://testserver/api/auth/login "HTTP/1.1 200 OK"
2026-05-04 22:06:21,653 [INFO] httpx: HTTP Request: POST http://testserver/api/admin/users "HTTP/1.1 200 OK"
2026-05-04 22:06:21,656 [INFO] httpx: HTTP Request: POST http://testserver/api/admin/users "HTTP/1.1 200 OK"
2026-05-04 22:06:21,660 [INFO] httpx: HTTP Request: POST http://testserver/api/admin/users "HTTP/1.1 200 OK"
2026-05-04 22:06:21,662 [INFO] banikos-api: User logged in: cashier-rbac-smoke (Role: Cashier)
2026-05-04 22:06:21,663 [INFO] httpx: HTTP Request: POST http://testserver/api/auth/login "HTTP/1.1 200 OK"
2026-05-04 22:06:21,665 [INFO] banikos-api: User logged in: sales-rbac-smoke (Role: Salesman)
2026-05-04 22:06:21,665 [INFO] httpx: HTTP Request: POST http://testserver/api/auth/login "HTTP/1.1 200 OK"
2026-05-04 22:06:21,667 [INFO] banikos-api: User logged in: packaging-rbac-smoke (Role: Packaging)
2026-05-04 22:06:21,667 [INFO] httpx: HTTP Request: POST http://testserver/api/auth/login "HTTP/1.1 200 OK"
2026-05-04 22:06:21,670 [INFO] httpx: HTTP Request: GET http://testserver/api/products "HTTP/1.1 200 OK"
2026-05-04 22:06:21,681 [INFO] httpx: HTTP Request: GET http://testserver/api/customers "HTTP/1.1 200 OK"
2026-05-04 22:06:21,686 [INFO] httpx: HTTP Request: GET http://testserver/api/shifts/active "HTTP/1.1 200 OK"
2026-05-04 22:06:21,688 [INFO] httpx: HTTP Request: GET http://testserver/api/auth/staff "HTTP/1.1 200 OK"
2026-05-04 22:06:21,690 [INFO] httpx: HTTP Request: GET http://testserver/api/crm/leads "HTTP/1.1 403 Forbidden"
2026-05-04 22:06:21,691 [INFO] httpx: HTTP Request: GET http://testserver/api/crm/orders "HTTP/1.1 403 Forbidden"
2026-05-04 22:06:21,694 [INFO] httpx: HTTP Request: GET http://testserver/api/tasks "HTTP/1.1 403 Forbidden"
2026-05-04 22:06:21,696 [INFO] httpx: HTTP Request: GET http://testserver/api/finance/summary "HTTP/1.1 403 Forbidden"
2026-05-04 22:06:21,699 [INFO] httpx: HTTP Request: GET http://testserver/api/pos/sales "HTTP/1.1 403 Forbidden"
2026-05-04 22:06:21,701 [INFO] httpx: HTTP Request: GET http://testserver/api/auth/staff "HTTP/1.1 200 OK"
2026-05-04 22:06:21,707 [INFO] httpx: HTTP Request: GET http://testserver/api/products "HTTP/1.1 200 OK"
2026-05-04 22:06:21,719 [INFO] httpx: HTTP Request: GET http://testserver/api/customers "HTTP/1.1 200 OK"
2026-05-04 22:06:21,722 [INFO] httpx: HTTP Request: GET http://testserver/api/crm/leads "HTTP/1.1 200 OK"
2026-05-04 22:06:21,731 [INFO] httpx: HTTP Request: GET http://testserver/api/crm/orders "HTTP/1.1 200 OK"
2026-05-04 22:06:21,734 [INFO] httpx: HTTP Request: GET http://testserver/api/tasks "HTTP/1.1 200 OK"
2026-05-04 22:06:21,736 [INFO] httpx: HTTP Request: GET http://testserver/api/finance/summary "HTTP/1.1 403 Forbidden"
2026-05-04 22:06:21,738 [INFO] httpx: HTTP Request: GET http://testserver/api/vendors "HTTP/1.1 403 Forbidden"
2026-05-04 22:06:21,740 [INFO] httpx: HTTP Request: GET http://testserver/api/pos/sales "HTTP/1.1 403 Forbidden"
2026-05-04 22:06:21,743 [INFO] httpx: HTTP Request: GET http://testserver/api/products "HTTP/1.1 200 OK"
2026-05-04 22:06:21,747 [INFO] httpx: HTTP Request: GET http://testserver/api/tasks "HTTP/1.1 200 OK"
2026-05-04 22:06:21,749 [INFO] httpx: HTTP Request: GET http://testserver/api/customers "HTTP/1.1 403 Forbidden"
2026-05-04 22:06:21,751 [INFO] httpx: HTTP Request: GET http://testserver/api/crm/leads "HTTP/1.1 403 Forbidden"
2026-05-04 22:06:21,752 [INFO] httpx: HTTP Request: GET http://testserver/api/crm/orders "HTTP/1.1 403 Forbidden"
2026-05-04 22:06:21,754 [INFO] httpx: HTTP Request: GET http://testserver/api/finance/summary "HTTP/1.1 403 Forbidden"
2026-05-04 22:06:21,779 [INFO] banikos-api: User logged in: owner (Role: Admin)
2026-05-04 22:06:21,780 [INFO] httpx: HTTP Request: POST http://testserver/api/auth/login "HTTP/1.1 200 OK"
2026-05-04 22:06:21,795 [INFO] httpx: HTTP Request: POST http://testserver/api/internal-threads "HTTP/1.1 201 Created"
2026-05-04 22:06:21,810 [INFO] httpx: HTTP Request: GET http://testserver/api/internal-threads?status=Open "HTTP/1.1 200 OK"
2026-05-04 22:06:21,828 [INFO] httpx: HTTP Request: PATCH http://testserver/api/internal-threads/1 "HTTP/1.1 200 OK"
2026-05-04 22:06:21,839 [INFO] httpx: HTTP Request: POST http://testserver/api/internal-threads/1/messages "HTTP/1.1 200 OK"
2026-05-04 22:06:21,869 [INFO] banikos-api: User logged in: owner (Role: Admin)
2026-05-04 22:06:21,870 [INFO] httpx: HTTP Request: POST http://testserver/api/auth/login "HTTP/1.1 200 OK"
2026-05-04 22:06:21,895 [INFO] httpx: HTTP Request: POST http://testserver/api/tasks "HTTP/1.1 201 Created"
2026-05-04 22:06:21,899 [INFO] httpx: HTTP Request: GET http://testserver/api/tasks?status=Open "HTTP/1.1 200 OK"
2026-05-04 22:06:21,916 [INFO] httpx: HTTP Request: PATCH http://testserver/api/tasks/1 "HTTP/1.1 200 OK"
2026-05-04 22:06:21,943 [INFO] banikos-api: User logged in: owner (Role: Admin)
2026-05-04 22:06:21,944 [INFO] httpx: HTTP Request: POST http://testserver/api/auth/login "HTTP/1.1 200 OK"
2026-05-04 22:06:21,949 [INFO] httpx: HTTP Request: POST http://testserver/api/admin/users "HTTP/1.1 200 OK"
2026-05-04 22:06:21,953 [INFO] httpx: HTTP Request: GET http://testserver/api/payroll/summary?month=2026-05 "HTTP/1.1 200 OK"
2026-05-04 22:06:21,965 [INFO] httpx: HTTP Request: POST http://testserver/api/payroll/cut "HTTP/1.1 201 Created"
2026-05-04 22:06:21,979 [INFO] httpx: HTTP Request: POST http://testserver/api/payroll/pay "HTTP/1.1 201 Created"
2026-05-04 22:06:21,984 [INFO] httpx: HTTP Request: POST http://testserver/api/payroll/pay "HTTP/1.1 400 Bad Request"
2026-05-04 22:06:21,990 [INFO] httpx: HTTP Request: GET http://testserver/api/payroll/summary?month=2026-05 "HTTP/1.1 200 OK"
2026-05-04 22:06:22,018 [INFO] banikos-api: User logged in: owner (Role: Admin)
2026-05-04 22:06:22,018 [INFO] httpx: HTTP Request: POST http://testserver/api/auth/login "HTTP/1.1 200 OK"
2026-05-04 22:06:22,021 [INFO] httpx: HTTP Request: GET http://testserver/api/finance/recurring-expenses "HTTP/1.1 200 OK"
2026-05-04 22:06:22,027 [INFO] httpx: HTTP Request: POST http://testserver/api/finance/recurring-expenses "HTTP/1.1 201 Created"
2026-05-04 22:06:22,034 [INFO] httpx: HTTP Request: PATCH http://testserver/api/finance/recurring-expenses/1 "HTTP/1.1 200 OK"
2026-05-04 22:06:22,051 [INFO] httpx: HTTP Request: POST http://testserver/api/finance/recurring-expenses/1/run?month=2026-05 "HTTP/1.1 201 Created"
2026-05-04 22:06:22,054 [INFO] httpx: HTTP Request: POST http://testserver/api/finance/recurring-expenses/1/run?month=2026-05 "HTTP/1.1 400 Bad Request"
2026-05-04 22:06:22,057 [INFO] httpx: HTTP Request: GET http://testserver/api/finance/recurring-expenses "HTTP/1.1 200 OK"
2026-05-04 22:12:48,194 [INFO] banikos-api: User logged in: owner (Role: Admin)
2026-05-04 22:12:48,197 [INFO] httpx: HTTP Request: POST http://testserver/api/auth/login "HTTP/1.1 200 OK"
2026-05-04 22:12:48,206 [INFO] banikos-api: Company settings updated
2026-05-04 22:12:48,208 [INFO] httpx: HTTP Request: PATCH http://testserver/api/settings/company "HTTP/1.1 200 OK"
2026-05-04 22:12:48,211 [INFO] httpx: HTTP Request: GET http://testserver/api/auth/staff "HTTP/1.1 200 OK"
2026-05-04 22:12:48,214 [INFO] httpx: HTTP Request: GET http://testserver/api/settings/company "HTTP/1.1 200 OK"
2026-05-04 22:12:48,231 [INFO] httpx: HTTP Request: GET http://testserver/api/customers "HTTP/1.1 200 OK"
2026-05-04 22:12:48,235 [INFO] httpx: HTTP Request: GET http://testserver/api/products "HTTP/1.1 200 OK"
2026-05-04 22:12:48,239 [INFO] httpx: HTTP Request: GET http://testserver/api/vendors "HTTP/1.1 200 OK"
2026-05-04 22:12:48,248 [INFO] httpx: HTTP Request: GET http://testserver/api/crm/leads "HTTP/1.1 200 OK"
2026-05-04 22:12:48,261 [INFO] httpx: HTTP Request: GET http://testserver/api/finance/summary "HTTP/1.1 200 OK"
2026-05-04 22:12:48,265 [INFO] httpx: HTTP Request: GET http://testserver/api/finance/chart-accounts "HTTP/1.1 200 OK"
2026-05-04 22:12:48,269 [INFO] httpx: HTTP Request: GET http://testserver/api/finance/ledger "HTTP/1.1 200 OK"
2026-05-04 22:12:48,275 [INFO] httpx: HTTP Request: GET http://testserver/api/finance/daily-summary "HTTP/1.1 200 OK"
2026-05-04 22:12:48,279 [INFO] httpx: HTTP Request: GET http://testserver/api/finance/recurring-expenses "HTTP/1.1 200 OK"
2026-05-04 22:12:48,285 [INFO] httpx: HTTP Request: GET http://testserver/api/ml/features/customers "HTTP/1.1 200 OK"
2026-05-04 22:12:48,292 [INFO] httpx: HTTP Request: GET http://testserver/api/ml/features/products "HTTP/1.1 200 OK"
2026-05-04 22:12:48,296 [INFO] httpx: HTTP Request: GET http://testserver/api/ml/recommendations "HTTP/1.1 200 OK"
2026-05-04 22:12:48,314 [INFO] httpx: HTTP Request: OPTIONS http://testserver/api/health "HTTP/1.1 200 OK"
2026-05-04 22:12:48,335 [INFO] banikos-api: User logged in: owner (Role: Admin)
2026-05-04 22:12:48,337 [INFO] httpx: HTTP Request: POST http://testserver/api/auth/login "HTTP/1.1 200 OK"
2026-05-04 22:12:48,344 [INFO] httpx: HTTP Request: POST http://testserver/api/customers "HTTP/1.1 201 Created"
2026-05-04 22:12:48,349 [INFO] httpx: HTTP Request: POST http://testserver/api/products "HTTP/1.1 201 Created"
2026-05-04 22:12:48,371 [INFO] banikos-api: Sale created: INV-20260504-0004 | Total: 20.0 | User: owner
2026-05-04 22:12:48,458 [INFO] httpx: HTTP Request: POST http://testserver/api/pos/sale "HTTP/1.1 200 OK"
2026-05-04 22:12:48,465 [INFO] httpx: HTTP Request: GET http://testserver/api/customers/5/due-payments "HTTP/1.1 200 OK"
2026-05-04 22:12:48,476 [INFO] httpx: HTTP Request: POST http://testserver/api/customers/5/due-payments "HTTP/1.1 201 Created"
2026-05-04 22:12:48,478 [INFO] httpx: HTTP Request: POST http://testserver/api/customers/5/due-payments "HTTP/1.1 400 Bad Request"
2026-05-04 22:12:48,481 [INFO] httpx: HTTP Request: GET http://testserver/api/customers/5/due-payments "HTTP/1.1 200 OK"
2026-05-04 22:12:48,503 [INFO] banikos-api: User logged in: owner (Role: Admin)
2026-05-04 22:12:48,504 [INFO] httpx: HTTP Request: POST http://testserver/api/auth/login "HTTP/1.1 200 OK"
2026-05-04 22:12:48,508 [INFO] httpx: HTTP Request: POST http://testserver/api/products "HTTP/1.1 201 Created"
2026-05-04 22:12:48,512 [INFO] httpx: HTTP Request: PATCH http://testserver/api/products/12/stock "HTTP/1.1 200 OK"
2026-05-04 22:12:48,514 [INFO] httpx: HTTP Request: PATCH http://testserver/api/products/12/stock "HTTP/1.1 400 Bad Request"
2026-05-04 22:12:48,521 [INFO] httpx: HTTP Request: POST http://testserver/api/admin/damages?product_id=12&quantity=4&reason=smoke "HTTP/1.1 200 OK"
2026-05-04 22:12:48,525 [INFO] httpx: HTTP Request: POST http://testserver/api/admin/damages?product_id=12&quantity=1&reason=smoke "HTTP/1.1 400 Bad Request"
2026-05-04 22:12:48,528 [INFO] httpx: HTTP Request: GET http://testserver/api/products?q=SMOKE-ERP-STOCK-001 "HTTP/1.1 200 OK"
2026-05-04 22:12:48,551 [INFO] banikos-api: User logged in: owner (Role: Admin)
2026-05-04 22:12:48,552 [INFO] httpx: HTTP Request: POST http://testserver/api/auth/login "HTTP/1.1 200 OK"
2026-05-04 22:12:48,556 [INFO] httpx: HTTP Request: POST http://testserver/api/products "HTTP/1.1 201 Created"
2026-05-04 22:12:48,560 [INFO] httpx: HTTP Request: POST http://testserver/api/vendors "HTTP/1.1 200 OK"
2026-05-04 22:12:48,574 [INFO] httpx: HTTP Request: POST http://testserver/api/purchases "HTTP/1.1 200 OK"
2026-05-04 22:12:48,586 [INFO] httpx: HTTP Request: POST http://testserver/api/purchases/return "HTTP/1.1 200 OK"
2026-05-04 22:12:48,594 [INFO] httpx: HTTP Request: POST http://testserver/api/vendors/1/pay "HTTP/1.1 200 OK"
2026-05-04 22:12:48,617 [INFO] banikos-api: User logged in: owner (Role: Admin)
2026-05-04 22:12:48,617 [INFO] httpx: HTTP Request: POST http://testserver/api/auth/login "HTTP/1.1 200 OK"
2026-05-04 22:12:48,623 [INFO] httpx: HTTP Request: POST http://testserver/api/admin/users "HTTP/1.1 200 OK"
2026-05-04 22:12:48,627 [INFO] httpx: HTTP Request: POST http://testserver/api/admin/users "HTTP/1.1 200 OK"
2026-05-04 22:12:48,630 [INFO] httpx: HTTP Request: POST http://testserver/api/admin/users "HTTP/1.1 200 OK"
2026-05-04 22:12:48,633 [INFO] httpx: HTTP Request: POST http://testserver/api/admin/users "HTTP/1.1 200 OK"
2026-05-04 22:12:48,637 [INFO] httpx: HTTP Request: POST http://testserver/api/admin/users "HTTP/1.1 200 OK"
2026-05-04 22:12:48,641 [INFO] httpx: HTTP Request: POST http://testserver/api/admin/users "HTTP/1.1 200 OK"
2026-05-04 22:12:48,642 [INFO] banikos-api: User logged in: ceo-rbac-smoke (Role: CEO)
2026-05-04 22:12:48,642 [INFO] httpx: HTTP Request: POST http://testserver/api/auth/login "HTTP/1.1 200 OK"
2026-05-04 22:12:48,644 [INFO] banikos-api: User logged in: coo-rbac-smoke (Role: COO)
2026-05-04 22:12:48,644 [INFO] httpx: HTTP Request: POST http://testserver/api/auth/login "HTTP/1.1 200 OK"
2026-05-04 22:12:48,645 [INFO] banikos-api: User logged in: cmo-rbac-smoke (Role: CMO)
2026-05-04 22:12:48,646 [INFO] httpx: HTTP Request: POST http://testserver/api/auth/login "HTTP/1.1 200 OK"
2026-05-04 22:12:48,647 [INFO] banikos-api: User logged in: cfo-rbac-smoke (Role: CFO)
2026-05-04 22:12:48,647 [INFO] httpx: HTTP Request: POST http://testserver/api/auth/login "HTTP/1.1 200 OK"
2026-05-04 22:12:48,649 [INFO] banikos-api: User logged in: social-rbac-smoke (Role: SocialAgent)
2026-05-04 22:12:48,649 [INFO] httpx: HTTP Request: POST http://testserver/api/auth/login "HTTP/1.1 200 OK"
2026-05-04 22:12:48,650 [INFO] banikos-api: User logged in: production-rbac-smoke (Role: ProductionWorker)
2026-05-04 22:12:48,651 [INFO] httpx: HTTP Request: POST http://testserver/api/auth/login "HTTP/1.1 200 OK"
2026-05-04 22:12:48,654 [INFO] httpx: HTTP Request: GET http://testserver/api/admin/users "HTTP/1.1 200 OK"
2026-05-04 22:12:48,659 [INFO] httpx: HTTP Request: GET http://testserver/api/finance/summary "HTTP/1.1 200 OK"
2026-05-04 22:12:48,663 [INFO] httpx: HTTP Request: GET http://testserver/api/ml/recommendations "HTTP/1.1 200 OK"
2026-05-04 22:12:48,671 [INFO] httpx: HTTP Request: GET http://testserver/api/tasks "HTTP/1.1 200 OK"
2026-05-04 22:12:48,679 [INFO] httpx: HTTP Request: GET http://testserver/api/dashboard/kpi "HTTP/1.1 200 OK"
2026-05-04 22:12:48,687 [INFO] httpx: HTTP Request: GET http://testserver/api/crm/orders "HTTP/1.1 200 OK"
2026-05-04 22:12:48,690 [INFO] httpx: HTTP Request: GET http://testserver/api/vendors "HTTP/1.1 200 OK"
2026-05-04 22:12:48,694 [INFO] httpx: HTTP Request: GET http://testserver/api/finance/summary "HTTP/1.1 200 OK"
2026-05-04 22:12:48,697 [INFO] httpx: HTTP Request: GET http://testserver/api/tasks "HTTP/1.1 200 OK"
2026-05-04 22:12:48,699 [INFO] httpx: HTTP Request: GET http://testserver/api/auth/staff "HTTP/1.1 200 OK"
2026-05-04 22:12:48,710 [INFO] httpx: HTTP Request: GET http://testserver/api/customers "HTTP/1.1 200 OK"
2026-05-04 22:12:48,713 [INFO] httpx: HTTP Request: GET http://testserver/api/crm/leads "HTTP/1.1 200 OK"
2026-05-04 22:12:48,719 [INFO] httpx: HTTP Request: GET http://testserver/api/tasks "HTTP/1.1 200 OK"
2026-05-04 22:12:48,724 [INFO] httpx: HTTP Request: GET http://testserver/api/ml/recommendations "HTTP/1.1 200 OK"
2026-05-04 22:12:48,727 [INFO] httpx: HTTP Request: GET http://testserver/api/auth/staff "HTTP/1.1 200 OK"
2026-05-04 22:12:48,728 [INFO] httpx: HTTP Request: GET http://testserver/api/finance/summary "HTTP/1.1 403 Forbidden"
2026-05-04 22:12:48,730 [INFO] httpx: HTTP Request: GET http://testserver/api/crm/orders "HTTP/1.1 403 Forbidden"
2026-05-04 22:12:48,732 [INFO] httpx: HTTP Request: GET http://testserver/api/admin/users "HTTP/1.1 403 Forbidden"
2026-05-04 22:12:48,735 [INFO] httpx: HTTP Request: GET http://testserver/api/finance/summary "HTTP/1.1 200 OK"
2026-05-04 22:12:48,738 [INFO] httpx: HTTP Request: GET http://testserver/api/finance/ledger "HTTP/1.1 200 OK"
2026-05-04 22:12:48,750 [INFO] httpx: HTTP Request: GET http://testserver/api/accounting/journals "HTTP/1.1 200 OK"
2026-05-04 22:12:48,752 [INFO] httpx: HTTP Request: GET http://testserver/api/tasks "HTTP/1.1 200 OK"
2026-05-04 22:12:48,761 [INFO] httpx: HTTP Request: POST http://testserver/api/finance/entry "HTTP/1.1 201 Created"
2026-05-04 22:12:48,763 [INFO] httpx: HTTP Request: GET http://testserver/api/customers "HTTP/1.1 403 Forbidden"
2026-05-04 22:12:48,764 [INFO] httpx: HTTP Request: GET http://testserver/api/crm/leads "HTTP/1.1 403 Forbidden"
2026-05-04 22:12:48,766 [INFO] httpx: HTTP Request: GET http://testserver/api/admin/users "HTTP/1.1 403 Forbidden"
2026-05-04 22:12:48,777 [INFO] httpx: HTTP Request: GET http://testserver/api/customers "HTTP/1.1 200 OK"
2026-05-04 22:12:48,784 [INFO] httpx: HTTP Request: GET http://testserver/api/crm/leads "HTTP/1.1 200 OK"
2026-05-04 22:12:48,787 [INFO] httpx: HTTP Request: GET http://testserver/api/tasks "HTTP/1.1 200 OK"
2026-05-04 22:12:48,789 [INFO] httpx: HTTP Request: GET http://testserver/api/products "HTTP/1.1 403 Forbidden"
2026-05-04 22:12:48,791 [INFO] httpx: HTTP Request: GET http://testserver/api/crm/orders "HTTP/1.1 403 Forbidden"
2026-05-04 22:12:48,793 [INFO] httpx: HTTP Request: GET http://testserver/api/finance/summary "HTTP/1.1 403 Forbidden"
2026-05-04 22:12:48,795 [INFO] httpx: HTTP Request: GET http://testserver/api/products "HTTP/1.1 200 OK"
2026-05-04 22:12:48,798 [INFO] httpx: HTTP Request: GET http://testserver/api/tasks "HTTP/1.1 200 OK"
2026-05-04 22:12:48,799 [INFO] httpx: HTTP Request: GET http://testserver/api/customers "HTTP/1.1 403 Forbidden"
2026-05-04 22:12:48,801 [INFO] httpx: HTTP Request: GET http://testserver/api/crm/leads "HTTP/1.1 403 Forbidden"
2026-05-04 22:12:48,803 [INFO] httpx: HTTP Request: GET http://testserver/api/crm/orders "HTTP/1.1 403 Forbidden"
2026-05-04 22:12:48,805 [INFO] httpx: HTTP Request: GET http://testserver/api/finance/summary "HTTP/1.1 403 Forbidden"
2026-05-04 22:12:48,830 [INFO] banikos-api: User logged in: owner (Role: Admin)
2026-05-04 22:12:48,831 [INFO] httpx: HTTP Request: POST http://testserver/api/auth/login "HTTP/1.1 200 OK"
2026-05-04 22:12:48,835 [INFO] httpx: HTTP Request: POST http://testserver/api/admin/users "HTTP/1.1 200 OK"
2026-05-04 22:12:48,840 [INFO] httpx: HTTP Request: POST http://testserver/api/admin/users "HTTP/1.1 200 OK"
2026-05-04 22:12:48,844 [INFO] httpx: HTTP Request: POST http://testserver/api/admin/users "HTTP/1.1 200 OK"
2026-05-04 22:12:48,845 [INFO] banikos-api: User logged in: cashier-rbac-smoke (Role: Cashier)
2026-05-04 22:12:48,846 [INFO] httpx: HTTP Request: POST http://testserver/api/auth/login "HTTP/1.1 200 OK"
2026-05-04 22:12:48,847 [INFO] banikos-api: User logged in: sales-rbac-smoke (Role: Salesman)
2026-05-04 22:12:48,848 [INFO] httpx: HTTP Request: POST http://testserver/api/auth/login "HTTP/1.1 200 OK"
2026-05-04 22:12:48,849 [INFO] banikos-api: User logged in: packaging-rbac-smoke (Role: Packaging)
2026-05-04 22:12:48,850 [INFO] httpx: HTTP Request: POST http://testserver/api/auth/login "HTTP/1.1 200 OK"
2026-05-04 22:12:48,852 [INFO] httpx: HTTP Request: GET http://testserver/api/products "HTTP/1.1 200 OK"
2026-05-04 22:12:48,864 [INFO] httpx: HTTP Request: GET http://testserver/api/customers "HTTP/1.1 200 OK"
2026-05-04 22:12:48,869 [INFO] httpx: HTTP Request: GET http://testserver/api/shifts/active "HTTP/1.1 200 OK"
2026-05-04 22:12:48,871 [INFO] httpx: HTTP Request: GET http://testserver/api/auth/staff "HTTP/1.1 200 OK"
2026-05-04 22:12:48,874 [INFO] httpx: HTTP Request: GET http://testserver/api/crm/leads "HTTP/1.1 403 Forbidden"
2026-05-04 22:12:48,876 [INFO] httpx: HTTP Request: GET http://testserver/api/crm/orders "HTTP/1.1 403 Forbidden"
2026-05-04 22:12:48,878 [INFO] httpx: HTTP Request: GET http://testserver/api/tasks "HTTP/1.1 403 Forbidden"
2026-05-04 22:12:48,884 [INFO] httpx: HTTP Request: GET http://testserver/api/finance/summary "HTTP/1.1 403 Forbidden"
2026-05-04 22:12:48,887 [INFO] httpx: HTTP Request: GET http://testserver/api/pos/sales "HTTP/1.1 403 Forbidden"
2026-05-04 22:12:48,889 [INFO] httpx: HTTP Request: GET http://testserver/api/auth/staff "HTTP/1.1 200 OK"
2026-05-04 22:12:48,892 [INFO] httpx: HTTP Request: GET http://testserver/api/products "HTTP/1.1 200 OK"
2026-05-04 22:12:48,903 [INFO] httpx: HTTP Request: GET http://testserver/api/customers "HTTP/1.1 200 OK"
2026-05-04 22:12:48,907 [INFO] httpx: HTTP Request: GET http://testserver/api/crm/leads "HTTP/1.1 200 OK"
2026-05-04 22:12:48,915 [INFO] httpx: HTTP Request: GET http://testserver/api/crm/orders "HTTP/1.1 200 OK"
2026-05-04 22:12:48,918 [INFO] httpx: HTTP Request: GET http://testserver/api/tasks "HTTP/1.1 200 OK"
2026-05-04 22:12:48,920 [INFO] httpx: HTTP Request: GET http://testserver/api/finance/summary "HTTP/1.1 403 Forbidden"
2026-05-04 22:12:48,922 [INFO] httpx: HTTP Request: GET http://testserver/api/vendors "HTTP/1.1 403 Forbidden"
2026-05-04 22:12:48,924 [INFO] httpx: HTTP Request: GET http://testserver/api/pos/sales "HTTP/1.1 403 Forbidden"
2026-05-04 22:12:48,926 [INFO] httpx: HTTP Request: GET http://testserver/api/products "HTTP/1.1 200 OK"
2026-05-04 22:12:48,929 [INFO] httpx: HTTP Request: GET http://testserver/api/tasks "HTTP/1.1 200 OK"
2026-05-04 22:12:48,931 [INFO] httpx: HTTP Request: GET http://testserver/api/customers "HTTP/1.1 403 Forbidden"
2026-05-04 22:12:48,932 [INFO] httpx: HTTP Request: GET http://testserver/api/crm/leads "HTTP/1.1 403 Forbidden"
2026-05-04 22:12:48,934 [INFO] httpx: HTTP Request: GET http://testserver/api/crm/orders "HTTP/1.1 403 Forbidden"
2026-05-04 22:12:48,936 [INFO] httpx: HTTP Request: GET http://testserver/api/finance/summary "HTTP/1.1 403 Forbidden"
2026-05-04 22:12:48,960 [INFO] banikos-api: User logged in: owner (Role: Admin)
2026-05-04 22:12:48,961 [INFO] httpx: HTTP Request: POST http://testserver/api/auth/login "HTTP/1.1 200 OK"
2026-05-04 22:12:48,974 [INFO] httpx: HTTP Request: POST http://testserver/api/internal-threads "HTTP/1.1 201 Created"
2026-05-04 22:12:48,983 [INFO] httpx: HTTP Request: GET http://testserver/api/internal-threads?status=Open "HTTP/1.1 200 OK"
2026-05-04 22:12:48,995 [INFO] httpx: HTTP Request: PATCH http://testserver/api/internal-threads/1 "HTTP/1.1 200 OK"
2026-05-04 22:12:49,002 [INFO] httpx: HTTP Request: POST http://testserver/api/internal-threads/1/messages "HTTP/1.1 200 OK"
2026-05-04 22:12:49,026 [INFO] banikos-api: User logged in: owner (Role: Admin)
2026-05-04 22:12:49,027 [INFO] httpx: HTTP Request: POST http://testserver/api/auth/login "HTTP/1.1 200 OK"
2026-05-04 22:12:49,047 [INFO] httpx: HTTP Request: POST http://testserver/api/tasks "HTTP/1.1 201 Created"
2026-05-04 22:12:49,051 [INFO] httpx: HTTP Request: GET http://testserver/api/tasks?status=Open "HTTP/1.1 200 OK"
2026-05-04 22:12:49,063 [INFO] httpx: HTTP Request: PATCH http://testserver/api/tasks/1 "HTTP/1.1 200 OK"
2026-05-04 22:12:49,087 [INFO] banikos-api: User logged in: owner (Role: Admin)
2026-05-04 22:12:49,088 [INFO] httpx: HTTP Request: POST http://testserver/api/auth/login "HTTP/1.1 200 OK"
2026-05-04 22:12:49,093 [INFO] httpx: HTTP Request: POST http://testserver/api/admin/users "HTTP/1.1 200 OK"
2026-05-04 22:12:49,097 [INFO] httpx: HTTP Request: GET http://testserver/api/payroll/summary?month=2026-05 "HTTP/1.1 200 OK"
2026-05-04 22:12:49,106 [INFO] httpx: HTTP Request: POST http://testserver/api/payroll/cut "HTTP/1.1 201 Created"
2026-05-04 22:12:49,119 [INFO] httpx: HTTP Request: POST http://testserver/api/payroll/pay "HTTP/1.1 201 Created"
2026-05-04 22:12:49,124 [INFO] httpx: HTTP Request: POST http://testserver/api/payroll/pay "HTTP/1.1 400 Bad Request"
2026-05-04 22:12:49,127 [INFO] httpx: HTTP Request: GET http://testserver/api/payroll/summary?month=2026-05 "HTTP/1.1 200 OK"
2026-05-04 22:12:49,150 [INFO] banikos-api: User logged in: owner (Role: Admin)
2026-05-04 22:12:49,151 [INFO] httpx: HTTP Request: POST http://testserver/api/auth/login "HTTP/1.1 200 OK"
2026-05-04 22:12:49,153 [INFO] httpx: HTTP Request: GET http://testserver/api/finance/recurring-expenses "HTTP/1.1 200 OK"
2026-05-04 22:12:49,159 [INFO] httpx: HTTP Request: POST http://testserver/api/finance/recurring-expenses "HTTP/1.1 201 Created"
2026-05-04 22:12:49,164 [INFO] httpx: HTTP Request: PATCH http://testserver/api/finance/recurring-expenses/1 "HTTP/1.1 200 OK"
2026-05-04 22:12:49,179 [INFO] httpx: HTTP Request: POST http://testserver/api/finance/recurring-expenses/1/run?month=2026-05 "HTTP/1.1 201 Created"
2026-05-04 22:12:49,182 [INFO] httpx: HTTP Request: POST http://testserver/api/finance/recurring-expenses/1/run?month=2026-05 "HTTP/1.1 400 Bad Request"
2026-05-04 22:12:49,185 [INFO] httpx: HTTP Request: GET http://testserver/api/finance/recurring-expenses "HTTP/1.1 200 OK"
2026-05-05 15:21:37,761 [INFO] banikos-api: User logged in: owner (Role: Admin)
2026-05-05 15:21:37,764 [INFO] httpx: HTTP Request: POST http://testserver/api/auth/login "HTTP/1.1 200 OK"
2026-05-05 15:21:37,771 [INFO] banikos-api: Company settings updated
2026-05-05 15:21:37,772 [INFO] httpx: HTTP Request: PATCH http://testserver/api/settings/company "HTTP/1.1 200 OK"
2026-05-05 15:21:37,776 [INFO] httpx: HTTP Request: GET http://testserver/api/auth/staff "HTTP/1.1 200 OK"
2026-05-05 15:21:37,778 [INFO] httpx: HTTP Request: GET http://testserver/api/settings/company "HTTP/1.1 200 OK"
2026-05-05 15:21:37,794 [INFO] httpx: HTTP Request: GET http://testserver/api/customers "HTTP/1.1 200 OK"
2026-05-05 15:21:37,798 [INFO] httpx: HTTP Request: GET http://testserver/api/products "HTTP/1.1 200 OK"
2026-05-05 15:21:37,801 [INFO] httpx: HTTP Request: GET http://testserver/api/vendors "HTTP/1.1 200 OK"
2026-05-05 15:21:37,809 [INFO] httpx: HTTP Request: GET http://testserver/api/crm/leads "HTTP/1.1 200 OK"
2026-05-05 15:21:37,822 [INFO] httpx: HTTP Request: GET http://testserver/api/finance/summary "HTTP/1.1 200 OK"
2026-05-05 15:21:37,825 [INFO] httpx: HTTP Request: GET http://testserver/api/finance/chart-accounts "HTTP/1.1 200 OK"
2026-05-05 15:21:37,830 [INFO] httpx: HTTP Request: GET http://testserver/api/finance/ledger "HTTP/1.1 200 OK"
2026-05-05 15:21:37,834 [INFO] httpx: HTTP Request: GET http://testserver/api/finance/daily-summary "HTTP/1.1 200 OK"
2026-05-05 15:21:37,837 [INFO] httpx: HTTP Request: GET http://testserver/api/finance/recurring-expenses "HTTP/1.1 200 OK"
2026-05-05 15:21:37,843 [INFO] httpx: HTTP Request: GET http://testserver/api/ml/features/customers "HTTP/1.1 200 OK"
2026-05-05 15:21:37,848 [INFO] httpx: HTTP Request: GET http://testserver/api/ml/features/products "HTTP/1.1 200 OK"
2026-05-05 15:21:37,852 [INFO] httpx: HTTP Request: GET http://testserver/api/ml/recommendations "HTTP/1.1 200 OK"
2026-05-05 15:21:37,869 [INFO] httpx: HTTP Request: OPTIONS http://testserver/api/health "HTTP/1.1 200 OK"
2026-05-05 15:21:37,888 [INFO] banikos-api: User logged in: owner (Role: Admin)
2026-05-05 15:21:37,889 [INFO] httpx: HTTP Request: POST http://testserver/api/auth/login "HTTP/1.1 200 OK"
2026-05-05 15:21:37,896 [INFO] httpx: HTTP Request: POST http://testserver/api/customers "HTTP/1.1 201 Created"
2026-05-05 15:21:37,900 [INFO] httpx: HTTP Request: POST http://testserver/api/products "HTTP/1.1 201 Created"
2026-05-05 15:21:37,920 [INFO] banikos-api: Sale created: INV-20260505-0004 | Total: 20.0 | User: owner
2026-05-05 15:21:37,997 [INFO] httpx: HTTP Request: POST http://testserver/api/pos/sale "HTTP/1.1 200 OK"
2026-05-05 15:21:38,003 [INFO] httpx: HTTP Request: GET http://testserver/api/customers/5/due-payments "HTTP/1.1 200 OK"
2026-05-05 15:21:38,013 [INFO] httpx: HTTP Request: POST http://testserver/api/customers/5/due-payments "HTTP/1.1 201 Created"
2026-05-05 15:21:38,016 [INFO] httpx: HTTP Request: POST http://testserver/api/customers/5/due-payments "HTTP/1.1 400 Bad Request"
2026-05-05 15:21:38,019 [INFO] httpx: HTTP Request: GET http://testserver/api/customers/5/due-payments "HTTP/1.1 200 OK"
2026-05-05 15:21:38,040 [INFO] banikos-api: User logged in: owner (Role: Admin)
2026-05-05 15:21:38,041 [INFO] httpx: HTTP Request: POST http://testserver/api/auth/login "HTTP/1.1 200 OK"
2026-05-05 15:21:38,044 [INFO] httpx: HTTP Request: POST http://testserver/api/products "HTTP/1.1 201 Created"
2026-05-05 15:21:38,048 [INFO] httpx: HTTP Request: PATCH http://testserver/api/products/12/stock "HTTP/1.1 200 OK"
2026-05-05 15:21:38,050 [INFO] httpx: HTTP Request: PATCH http://testserver/api/products/12/stock "HTTP/1.1 400 Bad Request"
2026-05-05 15:21:38,056 [INFO] httpx: HTTP Request: POST http://testserver/api/admin/damages?product_id=12&quantity=4&reason=smoke "HTTP/1.1 200 OK"
2026-05-05 15:21:38,058 [INFO] httpx: HTTP Request: POST http://testserver/api/admin/damages?product_id=12&quantity=1&reason=smoke "HTTP/1.1 400 Bad Request"
2026-05-05 15:21:38,061 [INFO] httpx: HTTP Request: GET http://testserver/api/products?q=SMOKE-ERP-STOCK-001 "HTTP/1.1 200 OK"
2026-05-05 15:21:38,082 [INFO] banikos-api: User logged in: owner (Role: Admin)
2026-05-05 15:21:38,083 [INFO] httpx: HTTP Request: POST http://testserver/api/auth/login "HTTP/1.1 200 OK"
2026-05-05 15:21:38,088 [INFO] httpx: HTTP Request: POST http://testserver/api/products "HTTP/1.1 201 Created"
2026-05-05 15:21:38,094 [INFO] httpx: HTTP Request: POST http://testserver/api/vendors "HTTP/1.1 200 OK"
2026-05-05 15:21:38,113 [INFO] httpx: HTTP Request: POST http://testserver/api/purchases "HTTP/1.1 200 OK"
2026-05-05 15:21:38,128 [INFO] httpx: HTTP Request: POST http://testserver/api/purchases/return "HTTP/1.1 200 OK"
2026-05-05 15:21:38,134 [INFO] httpx: HTTP Request: POST http://testserver/api/vendors/1/pay "HTTP/1.1 200 OK"
2026-05-05 15:21:38,155 [INFO] banikos-api: User logged in: owner (Role: Admin)
2026-05-05 15:21:38,156 [INFO] httpx: HTTP Request: POST http://testserver/api/auth/login "HTTP/1.1 200 OK"
2026-05-05 15:21:38,162 [INFO] httpx: HTTP Request: POST http://testserver/api/admin/users "HTTP/1.1 200 OK"
2026-05-05 15:21:38,165 [INFO] httpx: HTTP Request: POST http://testserver/api/admin/users "HTTP/1.1 200 OK"
2026-05-05 15:21:38,168 [INFO] httpx: HTTP Request: POST http://testserver/api/admin/users "HTTP/1.1 200 OK"
2026-05-05 15:21:38,171 [INFO] httpx: HTTP Request: POST http://testserver/api/admin/users "HTTP/1.1 200 OK"
2026-05-05 15:21:38,174 [INFO] httpx: HTTP Request: POST http://testserver/api/admin/users "HTTP/1.1 200 OK"
2026-05-05 15:21:38,177 [INFO] httpx: HTTP Request: POST http://testserver/api/admin/users "HTTP/1.1 200 OK"
2026-05-05 15:21:38,178 [INFO] banikos-api: User logged in: ceo-rbac-smoke (Role: CEO)
2026-05-05 15:21:38,179 [INFO] httpx: HTTP Request: POST http://testserver/api/auth/login "HTTP/1.1 200 OK"
2026-05-05 15:21:38,180 [INFO] banikos-api: User logged in: coo-rbac-smoke (Role: COO)
2026-05-05 15:21:38,181 [INFO] httpx: HTTP Request: POST http://testserver/api/auth/login "HTTP/1.1 200 OK"
2026-05-05 15:21:38,182 [INFO] banikos-api: User logged in: cmo-rbac-smoke (Role: CMO)
2026-05-05 15:21:38,183 [INFO] httpx: HTTP Request: POST http://testserver/api/auth/login "HTTP/1.1 200 OK"
2026-05-05 15:21:38,184 [INFO] banikos-api: User logged in: cfo-rbac-smoke (Role: CFO)
2026-05-05 15:21:38,184 [INFO] httpx: HTTP Request: POST http://testserver/api/auth/login "HTTP/1.1 200 OK"
2026-05-05 15:21:38,185 [INFO] banikos-api: User logged in: social-rbac-smoke (Role: SocialAgent)
2026-05-05 15:21:38,186 [INFO] httpx: HTTP Request: POST http://testserver/api/auth/login "HTTP/1.1 200 OK"
2026-05-05 15:21:38,187 [INFO] banikos-api: User logged in: production-rbac-smoke (Role: ProductionWorker)
2026-05-05 15:21:38,188 [INFO] httpx: HTTP Request: POST http://testserver/api/auth/login "HTTP/1.1 200 OK"
2026-05-05 15:21:38,191 [INFO] httpx: HTTP Request: GET http://testserver/api/admin/users "HTTP/1.1 200 OK"
2026-05-05 15:21:38,195 [INFO] httpx: HTTP Request: GET http://testserver/api/finance/summary "HTTP/1.1 200 OK"
2026-05-05 15:21:38,199 [INFO] httpx: HTTP Request: GET http://testserver/api/ml/recommendations "HTTP/1.1 200 OK"
2026-05-05 15:21:38,208 [INFO] httpx: HTTP Request: GET http://testserver/api/tasks "HTTP/1.1 200 OK"
2026-05-05 15:21:38,214 [INFO] httpx: HTTP Request: GET http://testserver/api/dashboard/kpi "HTTP/1.1 200 OK"
2026-05-05 15:21:38,222 [INFO] httpx: HTTP Request: GET http://testserver/api/crm/orders "HTTP/1.1 200 OK"
2026-05-05 15:21:38,225 [INFO] httpx: HTTP Request: GET http://testserver/api/vendors "HTTP/1.1 200 OK"
2026-05-05 15:21:38,228 [INFO] httpx: HTTP Request: GET http://testserver/api/finance/summary "HTTP/1.1 200 OK"
2026-05-05 15:21:38,232 [INFO] httpx: HTTP Request: GET http://testserver/api/tasks "HTTP/1.1 200 OK"
2026-05-05 15:21:38,234 [INFO] httpx: HTTP Request: GET http://testserver/api/auth/staff "HTTP/1.1 200 OK"
2026-05-05 15:21:38,245 [INFO] httpx: HTTP Request: GET http://testserver/api/customers "HTTP/1.1 200 OK"
2026-05-05 15:21:38,248 [INFO] httpx: HTTP Request: GET http://testserver/api/crm/leads "HTTP/1.1 200 OK"
2026-05-05 15:21:38,254 [INFO] httpx: HTTP Request: GET http://testserver/api/tasks "HTTP/1.1 200 OK"
2026-05-05 15:21:38,259 [INFO] httpx: HTTP Request: GET http://testserver/api/ml/recommendations "HTTP/1.1 200 OK"
2026-05-05 15:21:38,261 [INFO] httpx: HTTP Request: GET http://testserver/api/auth/staff "HTTP/1.1 200 OK"
2026-05-05 15:21:38,263 [INFO] httpx: HTTP Request: GET http://testserver/api/finance/summary "HTTP/1.1 403 Forbidden"
2026-05-05 15:21:38,265 [INFO] httpx: HTTP Request: GET http://testserver/api/crm/orders "HTTP/1.1 403 Forbidden"
2026-05-05 15:21:38,267 [INFO] httpx: HTTP Request: GET http://testserver/api/admin/users "HTTP/1.1 403 Forbidden"
2026-05-05 15:21:38,270 [INFO] httpx: HTTP Request: GET http://testserver/api/finance/summary "HTTP/1.1 200 OK"
2026-05-05 15:21:38,273 [INFO] httpx: HTTP Request: GET http://testserver/api/finance/ledger "HTTP/1.1 200 OK"
2026-05-05 15:21:38,284 [INFO] httpx: HTTP Request: GET http://testserver/api/accounting/journals "HTTP/1.1 200 OK"
2026-05-05 15:21:38,288 [INFO] httpx: HTTP Request: GET http://testserver/api/tasks "HTTP/1.1 200 OK"
2026-05-05 15:21:38,295 [INFO] httpx: HTTP Request: POST http://testserver/api/finance/entry "HTTP/1.1 201 Created"
2026-05-05 15:21:38,297 [INFO] httpx: HTTP Request: GET http://testserver/api/customers "HTTP/1.1 403 Forbidden"
2026-05-05 15:21:38,299 [INFO] httpx: HTTP Request: GET http://testserver/api/crm/leads "HTTP/1.1 403 Forbidden"
2026-05-05 15:21:38,301 [INFO] httpx: HTTP Request: GET http://testserver/api/admin/users "HTTP/1.1 403 Forbidden"
2026-05-05 15:21:38,311 [INFO] httpx: HTTP Request: GET http://testserver/api/customers "HTTP/1.1 200 OK"
2026-05-05 15:21:38,318 [INFO] httpx: HTTP Request: GET http://testserver/api/crm/leads "HTTP/1.1 200 OK"
2026-05-05 15:21:38,322 [INFO] httpx: HTTP Request: GET http://testserver/api/tasks "HTTP/1.1 200 OK"
2026-05-05 15:21:38,324 [INFO] httpx: HTTP Request: GET http://testserver/api/products "HTTP/1.1 403 Forbidden"
2026-05-05 15:21:38,325 [INFO] httpx: HTTP Request: GET http://testserver/api/crm/orders "HTTP/1.1 403 Forbidden"
2026-05-05 15:21:38,327 [INFO] httpx: HTTP Request: GET http://testserver/api/finance/summary "HTTP/1.1 403 Forbidden"
2026-05-05 15:21:38,329 [INFO] httpx: HTTP Request: GET http://testserver/api/products "HTTP/1.1 200 OK"
2026-05-05 15:21:38,333 [INFO] httpx: HTTP Request: GET http://testserver/api/tasks "HTTP/1.1 200 OK"
2026-05-05 15:21:38,335 [INFO] httpx: HTTP Request: GET http://testserver/api/customers "HTTP/1.1 403 Forbidden"
2026-05-05 15:21:38,337 [INFO] httpx: HTTP Request: GET http://testserver/api/crm/leads "HTTP/1.1 403 Forbidden"
2026-05-05 15:21:38,338 [INFO] httpx: HTTP Request: GET http://testserver/api/crm/orders "HTTP/1.1 403 Forbidden"
2026-05-05 15:21:38,340 [INFO] httpx: HTTP Request: GET http://testserver/api/finance/summary "HTTP/1.1 403 Forbidden"
2026-05-05 15:21:38,362 [INFO] banikos-api: User logged in: owner (Role: Admin)
2026-05-05 15:21:38,363 [INFO] httpx: HTTP Request: POST http://testserver/api/auth/login "HTTP/1.1 200 OK"
2026-05-05 15:21:38,368 [INFO] httpx: HTTP Request: POST http://testserver/api/admin/users "HTTP/1.1 200 OK"
2026-05-05 15:21:38,371 [INFO] httpx: HTTP Request: POST http://testserver/api/admin/users "HTTP/1.1 200 OK"
2026-05-05 15:21:38,374 [INFO] httpx: HTTP Request: POST http://testserver/api/admin/users "HTTP/1.1 200 OK"
2026-05-05 15:21:38,375 [INFO] banikos-api: User logged in: cashier-rbac-smoke (Role: Cashier)
2026-05-05 15:21:38,376 [INFO] httpx: HTTP Request: POST http://testserver/api/auth/login "HTTP/1.1 200 OK"
2026-05-05 15:21:38,377 [INFO] banikos-api: User logged in: sales-rbac-smoke (Role: Salesman)
2026-05-05 15:21:38,378 [INFO] httpx: HTTP Request: POST http://testserver/api/auth/login "HTTP/1.1 200 OK"
2026-05-05 15:21:38,379 [INFO] banikos-api: User logged in: packaging-rbac-smoke (Role: Packaging)
2026-05-05 15:21:38,379 [INFO] httpx: HTTP Request: POST http://testserver/api/auth/login "HTTP/1.1 200 OK"
2026-05-05 15:21:38,383 [INFO] httpx: HTTP Request: GET http://testserver/api/products "HTTP/1.1 200 OK"
2026-05-05 15:21:38,393 [INFO] httpx: HTTP Request: GET http://testserver/api/customers "HTTP/1.1 200 OK"
2026-05-05 15:21:38,398 [INFO] httpx: HTTP Request: GET http://testserver/api/shifts/active "HTTP/1.1 200 OK"
2026-05-05 15:21:38,400 [INFO] httpx: HTTP Request: GET http://testserver/api/auth/staff "HTTP/1.1 200 OK"
2026-05-05 15:21:38,402 [INFO] httpx: HTTP Request: GET http://testserver/api/crm/leads "HTTP/1.1 403 Forbidden"
2026-05-05 15:21:38,404 [INFO] httpx: HTTP Request: GET http://testserver/api/crm/orders "HTTP/1.1 403 Forbidden"
2026-05-05 15:21:38,405 [INFO] httpx: HTTP Request: GET http://testserver/api/tasks "HTTP/1.1 403 Forbidden"
2026-05-05 15:21:38,411 [INFO] httpx: HTTP Request: GET http://testserver/api/finance/summary "HTTP/1.1 403 Forbidden"
2026-05-05 15:21:38,413 [INFO] httpx: HTTP Request: GET http://testserver/api/pos/sales "HTTP/1.1 403 Forbidden"
2026-05-05 15:21:38,415 [INFO] httpx: HTTP Request: GET http://testserver/api/auth/staff "HTTP/1.1 200 OK"
2026-05-05 15:21:38,418 [INFO] httpx: HTTP Request: GET http://testserver/api/products "HTTP/1.1 200 OK"
2026-05-05 15:21:38,427 [INFO] httpx: HTTP Request: GET http://testserver/api/customers "HTTP/1.1 200 OK"
2026-05-05 15:21:38,431 [INFO] httpx: HTTP Request: GET http://testserver/api/crm/leads "HTTP/1.1 200 OK"
2026-05-05 15:21:38,438 [INFO] httpx: HTTP Request: GET http://testserver/api/crm/orders "HTTP/1.1 200 OK"
2026-05-05 15:21:38,441 [INFO] httpx: HTTP Request: GET http://testserver/api/tasks "HTTP/1.1 200 OK"
2026-05-05 15:21:38,442 [INFO] httpx: HTTP Request: GET http://testserver/api/finance/summary "HTTP/1.1 403 Forbidden"
2026-05-05 15:21:38,444 [INFO] httpx: HTTP Request: GET http://testserver/api/vendors "HTTP/1.1 403 Forbidden"
2026-05-05 15:21:38,447 [INFO] httpx: HTTP Request: GET http://testserver/api/pos/sales "HTTP/1.1 403 Forbidden"
2026-05-05 15:21:38,450 [INFO] httpx: HTTP Request: GET http://testserver/api/products "HTTP/1.1 200 OK"
2026-05-05 15:21:38,452 [INFO] httpx: HTTP Request: GET http://testserver/api/tasks "HTTP/1.1 200 OK"
2026-05-05 15:21:38,454 [INFO] httpx: HTTP Request: GET http://testserver/api/customers "HTTP/1.1 403 Forbidden"
2026-05-05 15:21:38,455 [INFO] httpx: HTTP Request: GET http://testserver/api/crm/leads "HTTP/1.1 403 Forbidden"
2026-05-05 15:21:38,457 [INFO] httpx: HTTP Request: GET http://testserver/api/crm/orders "HTTP/1.1 403 Forbidden"
2026-05-05 15:21:38,458 [INFO] httpx: HTTP Request: GET http://testserver/api/finance/summary "HTTP/1.1 403 Forbidden"
2026-05-05 15:21:38,480 [INFO] banikos-api: User logged in: owner (Role: Admin)
2026-05-05 15:21:38,481 [INFO] httpx: HTTP Request: POST http://testserver/api/auth/login "HTTP/1.1 200 OK"
2026-05-05 15:21:38,494 [INFO] httpx: HTTP Request: POST http://testserver/api/internal-threads "HTTP/1.1 201 Created"
2026-05-05 15:21:38,502 [INFO] httpx: HTTP Request: GET http://testserver/api/internal-threads?status=Open "HTTP/1.1 200 OK"
2026-05-05 15:21:38,513 [INFO] httpx: HTTP Request: PATCH http://testserver/api/internal-threads/1 "HTTP/1.1 200 OK"
2026-05-05 15:21:38,519 [INFO] httpx: HTTP Request: POST http://testserver/api/internal-threads/1/messages "HTTP/1.1 200 OK"
2026-05-05 15:21:38,541 [INFO] banikos-api: User logged in: owner (Role: Admin)
2026-05-05 15:21:38,542 [INFO] httpx: HTTP Request: POST http://testserver/api/auth/login "HTTP/1.1 200 OK"
2026-05-05 15:21:38,559 [INFO] httpx: HTTP Request: POST http://testserver/api/tasks "HTTP/1.1 201 Created"
2026-05-05 15:21:38,562 [INFO] httpx: HTTP Request: GET http://testserver/api/tasks?status=Open "HTTP/1.1 200 OK"
2026-05-05 15:21:38,574 [INFO] httpx: HTTP Request: PATCH http://testserver/api/tasks/1 "HTTP/1.1 200 OK"
2026-05-05 15:21:38,595 [INFO] banikos-api: User logged in: owner (Role: Admin)
2026-05-05 15:21:38,596 [INFO] httpx: HTTP Request: POST http://testserver/api/auth/login "HTTP/1.1 200 OK"
2026-05-05 15:21:38,600 [INFO] httpx: HTTP Request: POST http://testserver/api/admin/users "HTTP/1.1 200 OK"
2026-05-05 15:21:38,603 [INFO] httpx: HTTP Request: GET http://testserver/api/payroll/summary?month=2026-05 "HTTP/1.1 200 OK"
2026-05-05 15:21:38,612 [INFO] httpx: HTTP Request: POST http://testserver/api/payroll/cut "HTTP/1.1 201 Created"
2026-05-05 15:21:38,624 [INFO] httpx: HTTP Request: POST http://testserver/api/payroll/pay "HTTP/1.1 201 Created"
2026-05-05 15:21:38,627 [INFO] httpx: HTTP Request: POST http://testserver/api/payroll/pay "HTTP/1.1 400 Bad Request"
2026-05-05 15:21:38,630 [INFO] httpx: HTTP Request: GET http://testserver/api/payroll/summary?month=2026-05 "HTTP/1.1 200 OK"
2026-05-05 15:21:38,653 [INFO] banikos-api: User logged in: owner (Role: Admin)
2026-05-05 15:21:38,654 [INFO] httpx: HTTP Request: POST http://testserver/api/auth/login "HTTP/1.1 200 OK"
2026-05-05 15:21:38,656 [INFO] httpx: HTTP Request: GET http://testserver/api/finance/recurring-expenses "HTTP/1.1 200 OK"
2026-05-05 15:21:38,661 [INFO] httpx: HTTP Request: POST http://testserver/api/finance/recurring-expenses "HTTP/1.1 201 Created"
2026-05-05 15:21:38,667 [INFO] httpx: HTTP Request: PATCH http://testserver/api/finance/recurring-expenses/1 "HTTP/1.1 200 OK"
2026-05-05 15:21:38,681 [INFO] httpx: HTTP Request: POST http://testserver/api/finance/recurring-expenses/1/run?month=2026-05 "HTTP/1.1 201 Created"
2026-05-05 15:21:38,684 [INFO] httpx: HTTP Request: POST http://testserver/api/finance/recurring-expenses/1/run?month=2026-05 "HTTP/1.1 400 Bad Request"
2026-05-05 15:21:38,686 [INFO] httpx: HTTP Request: GET http://testserver/api/finance/recurring-expenses "HTTP/1.1 200 OK"
2026-05-05 16:17:31,360 [INFO] banikos-api: User logged in: owner (Role: Admin)
2026-05-05 16:17:31,363 [INFO] httpx: HTTP Request: POST http://testserver/api/auth/login "HTTP/1.1 200 OK"
2026-05-05 16:17:31,373 [INFO] banikos-api: Company settings updated
2026-05-05 16:17:31,375 [INFO] httpx: HTTP Request: PATCH http://testserver/api/settings/company "HTTP/1.1 200 OK"
2026-05-05 16:17:31,378 [INFO] httpx: HTTP Request: GET http://testserver/api/auth/staff "HTTP/1.1 200 OK"
2026-05-05 16:17:31,380 [INFO] httpx: HTTP Request: GET http://testserver/api/settings/company "HTTP/1.1 200 OK"
2026-05-05 16:17:31,398 [INFO] httpx: HTTP Request: GET http://testserver/api/customers "HTTP/1.1 200 OK"
2026-05-05 16:17:31,404 [INFO] httpx: HTTP Request: GET http://testserver/api/products "HTTP/1.1 200 OK"
2026-05-05 16:17:31,407 [INFO] httpx: HTTP Request: GET http://testserver/api/vendors "HTTP/1.1 200 OK"
2026-05-05 16:17:31,417 [INFO] httpx: HTTP Request: GET http://testserver/api/crm/leads "HTTP/1.1 200 OK"
2026-05-05 16:17:31,430 [INFO] httpx: HTTP Request: GET http://testserver/api/finance/summary "HTTP/1.1 200 OK"
2026-05-05 16:17:31,434 [INFO] httpx: HTTP Request: GET http://testserver/api/finance/chart-accounts "HTTP/1.1 200 OK"
2026-05-05 16:17:31,439 [INFO] httpx: HTTP Request: GET http://testserver/api/finance/ledger "HTTP/1.1 200 OK"
2026-05-05 16:17:31,443 [INFO] httpx: HTTP Request: GET http://testserver/api/finance/daily-summary "HTTP/1.1 200 OK"
2026-05-05 16:17:31,447 [INFO] httpx: HTTP Request: GET http://testserver/api/finance/recurring-expenses "HTTP/1.1 200 OK"
2026-05-05 16:17:31,456 [INFO] httpx: HTTP Request: GET http://testserver/api/ml/features/customers "HTTP/1.1 200 OK"
2026-05-05 16:17:31,460 [INFO] httpx: HTTP Request: GET http://testserver/api/ml/features/products "HTTP/1.1 200 OK"
2026-05-05 16:17:31,465 [INFO] httpx: HTTP Request: GET http://testserver/api/ml/recommendations "HTTP/1.1 200 OK"
2026-05-05 16:17:31,484 [INFO] httpx: HTTP Request: OPTIONS http://testserver/api/health "HTTP/1.1 200 OK"
2026-05-05 16:17:31,506 [INFO] banikos-api: User logged in: owner (Role: Admin)
2026-05-05 16:17:31,507 [INFO] httpx: HTTP Request: POST http://testserver/api/auth/login "HTTP/1.1 200 OK"
2026-05-05 16:17:31,516 [INFO] httpx: HTTP Request: POST http://testserver/api/customers "HTTP/1.1 201 Created"
2026-05-05 16:17:31,522 [INFO] httpx: HTTP Request: POST http://testserver/api/products "HTTP/1.1 201 Created"
2026-05-05 16:17:31,546 [INFO] banikos-api: Sale created: INV-20260505-0004 | Total: 20.0 | User: owner
2026-05-05 16:17:31,642 [INFO] httpx: HTTP Request: POST http://testserver/api/pos/sale "HTTP/1.1 200 OK"
2026-05-05 16:17:31,649 [INFO] httpx: HTTP Request: GET http://testserver/api/customers/5/due-payments "HTTP/1.1 200 OK"
2026-05-05 16:17:31,660 [INFO] httpx: HTTP Request: POST http://testserver/api/customers/5/due-payments "HTTP/1.1 201 Created"
2026-05-05 16:17:31,662 [INFO] httpx: HTTP Request: POST http://testserver/api/customers/5/due-payments "HTTP/1.1 400 Bad Request"
2026-05-05 16:17:31,667 [INFO] httpx: HTTP Request: GET http://testserver/api/customers/5/due-payments "HTTP/1.1 200 OK"
2026-05-05 16:17:31,690 [INFO] banikos-api: User logged in: owner (Role: Admin)
2026-05-05 16:17:31,691 [INFO] httpx: HTTP Request: POST http://testserver/api/auth/login "HTTP/1.1 200 OK"
2026-05-05 16:17:31,694 [INFO] httpx: HTTP Request: POST http://testserver/api/products "HTTP/1.1 201 Created"
2026-05-05 16:17:31,700 [INFO] httpx: HTTP Request: PATCH http://testserver/api/products/12/stock "HTTP/1.1 200 OK"
2026-05-05 16:17:31,702 [INFO] httpx: HTTP Request: PATCH http://testserver/api/products/12/stock "HTTP/1.1 400 Bad Request"
2026-05-05 16:17:31,709 [INFO] httpx: HTTP Request: POST http://testserver/api/admin/damages?product_id=12&quantity=4&reason=smoke "HTTP/1.1 200 OK"
2026-05-05 16:17:31,711 [INFO] httpx: HTTP Request: POST http://testserver/api/admin/damages?product_id=12&quantity=1&reason=smoke "HTTP/1.1 400 Bad Request"
2026-05-05 16:17:31,715 [INFO] httpx: HTTP Request: GET http://testserver/api/products?q=SMOKE-ERP-STOCK-001 "HTTP/1.1 200 OK"
2026-05-05 16:17:31,741 [INFO] banikos-api: User logged in: owner (Role: Admin)
2026-05-05 16:17:31,742 [INFO] httpx: HTTP Request: POST http://testserver/api/auth/login "HTTP/1.1 200 OK"
2026-05-05 16:17:31,745 [INFO] httpx: HTTP Request: POST http://testserver/api/products "HTTP/1.1 201 Created"
2026-05-05 16:17:31,752 [INFO] httpx: HTTP Request: POST http://testserver/api/vendors "HTTP/1.1 200 OK"
2026-05-05 16:17:31,765 [INFO] httpx: HTTP Request: POST http://testserver/api/purchases "HTTP/1.1 200 OK"
2026-05-05 16:17:31,777 [INFO] httpx: HTTP Request: POST http://testserver/api/purchases/return "HTTP/1.1 200 OK"
2026-05-05 16:17:31,786 [INFO] httpx: HTTP Request: POST http://testserver/api/vendors/1/pay "HTTP/1.1 200 OK"
2026-05-05 16:17:31,809 [INFO] banikos-api: User logged in: owner (Role: Admin)
2026-05-05 16:17:31,810 [INFO] httpx: HTTP Request: POST http://testserver/api/auth/login "HTTP/1.1 200 OK"
2026-05-05 16:17:31,816 [INFO] httpx: HTTP Request: POST http://testserver/api/admin/users "HTTP/1.1 200 OK"
2026-05-05 16:17:31,820 [INFO] httpx: HTTP Request: POST http://testserver/api/admin/users "HTTP/1.1 200 OK"
2026-05-05 16:17:31,824 [INFO] httpx: HTTP Request: POST http://testserver/api/admin/users "HTTP/1.1 200 OK"
2026-05-05 16:17:31,829 [INFO] httpx: HTTP Request: POST http://testserver/api/admin/users "HTTP/1.1 200 OK"
2026-05-05 16:17:31,834 [INFO] httpx: HTTP Request: POST http://testserver/api/admin/users "HTTP/1.1 200 OK"
2026-05-05 16:17:31,838 [INFO] httpx: HTTP Request: POST http://testserver/api/admin/users "HTTP/1.1 200 OK"
2026-05-05 16:17:31,839 [INFO] banikos-api: User logged in: ceo-rbac-smoke (Role: CEO)
2026-05-05 16:17:31,840 [INFO] httpx: HTTP Request: POST http://testserver/api/auth/login "HTTP/1.1 200 OK"
2026-05-05 16:17:31,841 [INFO] banikos-api: User logged in: coo-rbac-smoke (Role: COO)
2026-05-05 16:17:31,842 [INFO] httpx: HTTP Request: POST http://testserver/api/auth/login "HTTP/1.1 200 OK"
2026-05-05 16:17:31,843 [INFO] banikos-api: User logged in: cmo-rbac-smoke (Role: CMO)
2026-05-05 16:17:31,843 [INFO] httpx: HTTP Request: POST http://testserver/api/auth/login "HTTP/1.1 200 OK"
2026-05-05 16:17:31,844 [INFO] banikos-api: User logged in: cfo-rbac-smoke (Role: CFO)
2026-05-05 16:17:31,845 [INFO] httpx: HTTP Request: POST http://testserver/api/auth/login "HTTP/1.1 200 OK"
2026-05-05 16:17:31,846 [INFO] banikos-api: User logged in: social-rbac-smoke (Role: SocialAgent)
2026-05-05 16:17:31,847 [INFO] httpx: HTTP Request: POST http://testserver/api/auth/login "HTTP/1.1 200 OK"
2026-05-05 16:17:31,848 [INFO] banikos-api: User logged in: production-rbac-smoke (Role: ProductionWorker)
2026-05-05 16:17:31,849 [INFO] httpx: HTTP Request: POST http://testserver/api/auth/login "HTTP/1.1 200 OK"
2026-05-05 16:17:31,853 [INFO] httpx: HTTP Request: GET http://testserver/api/admin/users "HTTP/1.1 200 OK"
2026-05-05 16:17:31,857 [INFO] httpx: HTTP Request: GET http://testserver/api/finance/summary "HTTP/1.1 200 OK"
2026-05-05 16:17:31,861 [INFO] httpx: HTTP Request: GET http://testserver/api/ml/recommendations "HTTP/1.1 200 OK"
2026-05-05 16:17:31,872 [INFO] httpx: HTTP Request: GET http://testserver/api/tasks "HTTP/1.1 200 OK"
2026-05-05 16:17:31,879 [INFO] httpx: HTTP Request: GET http://testserver/api/dashboard/kpi "HTTP/1.1 200 OK"
2026-05-05 16:17:31,888 [INFO] httpx: HTTP Request: GET http://testserver/api/crm/orders "HTTP/1.1 200 OK"
2026-05-05 16:17:31,891 [INFO] httpx: HTTP Request: GET http://testserver/api/vendors "HTTP/1.1 200 OK"
2026-05-05 16:17:31,894 [INFO] httpx: HTTP Request: GET http://testserver/api/finance/summary "HTTP/1.1 200 OK"
2026-05-05 16:17:31,897 [INFO] httpx: HTTP Request: GET http://testserver/api/tasks "HTTP/1.1 200 OK"
2026-05-05 16:17:31,901 [INFO] httpx: HTTP Request: GET http://testserver/api/auth/staff "HTTP/1.1 200 OK"
2026-05-05 16:17:31,912 [INFO] httpx: HTTP Request: GET http://testserver/api/customers "HTTP/1.1 200 OK"
2026-05-05 16:17:31,915 [INFO] httpx: HTTP Request: GET http://testserver/api/crm/leads "HTTP/1.1 200 OK"
2026-05-05 16:17:31,923 [INFO] httpx: HTTP Request: GET http://testserver/api/tasks "HTTP/1.1 200 OK"
2026-05-05 16:17:31,927 [INFO] httpx: HTTP Request: GET http://testserver/api/ml/recommendations "HTTP/1.1 200 OK"
2026-05-05 16:17:31,930 [INFO] httpx: HTTP Request: GET http://testserver/api/auth/staff "HTTP/1.1 200 OK"
2026-05-05 16:17:31,932 [INFO] httpx: HTTP Request: GET http://testserver/api/finance/summary "HTTP/1.1 403 Forbidden"
2026-05-05 16:17:31,935 [INFO] httpx: HTTP Request: GET http://testserver/api/crm/orders "HTTP/1.1 403 Forbidden"
2026-05-05 16:17:31,936 [INFO] httpx: HTTP Request: GET http://testserver/api/admin/users "HTTP/1.1 403 Forbidden"
2026-05-05 16:17:31,940 [INFO] httpx: HTTP Request: GET http://testserver/api/finance/summary "HTTP/1.1 200 OK"
2026-05-05 16:17:31,943 [INFO] httpx: HTTP Request: GET http://testserver/api/finance/ledger "HTTP/1.1 200 OK"
2026-05-05 16:17:31,955 [INFO] httpx: HTTP Request: GET http://testserver/api/accounting/journals "HTTP/1.1 200 OK"
2026-05-05 16:17:31,958 [INFO] httpx: HTTP Request: GET http://testserver/api/tasks "HTTP/1.1 200 OK"
2026-05-05 16:17:31,969 [INFO] httpx: HTTP Request: POST http://testserver/api/finance/entry "HTTP/1.1 201 Created"
2026-05-05 16:17:31,971 [INFO] httpx: HTTP Request: GET http://testserver/api/customers "HTTP/1.1 403 Forbidden"
2026-05-05 16:17:31,973 [INFO] httpx: HTTP Request: GET http://testserver/api/crm/leads "HTTP/1.1 403 Forbidden"
2026-05-05 16:17:31,975 [INFO] httpx: HTTP Request: GET http://testserver/api/admin/users "HTTP/1.1 403 Forbidden"
2026-05-05 16:17:31,986 [INFO] httpx: HTTP Request: GET http://testserver/api/customers "HTTP/1.1 200 OK"
2026-05-05 16:17:31,992 [INFO] httpx: HTTP Request: GET http://testserver/api/crm/leads "HTTP/1.1 200 OK"
2026-05-05 16:17:31,996 [INFO] httpx: HTTP Request: GET http://testserver/api/tasks "HTTP/1.1 200 OK"
2026-05-05 16:17:31,998 [INFO] httpx: HTTP Request: GET http://testserver/api/products "HTTP/1.1 403 Forbidden"
2026-05-05 16:17:32,000 [INFO] httpx: HTTP Request: GET http://testserver/api/crm/orders "HTTP/1.1 403 Forbidden"
2026-05-05 16:17:32,002 [INFO] httpx: HTTP Request: GET http://testserver/api/finance/summary "HTTP/1.1 403 Forbidden"
2026-05-05 16:17:32,005 [INFO] httpx: HTTP Request: GET http://testserver/api/products "HTTP/1.1 200 OK"
2026-05-05 16:17:32,008 [INFO] httpx: HTTP Request: GET http://testserver/api/tasks "HTTP/1.1 200 OK"
2026-05-05 16:17:32,010 [INFO] httpx: HTTP Request: GET http://testserver/api/customers "HTTP/1.1 403 Forbidden"
2026-05-05 16:17:32,011 [INFO] httpx: HTTP Request: GET http://testserver/api/crm/leads "HTTP/1.1 403 Forbidden"
2026-05-05 16:17:32,013 [INFO] httpx: HTTP Request: GET http://testserver/api/crm/orders "HTTP/1.1 403 Forbidden"
2026-05-05 16:17:32,016 [INFO] httpx: HTTP Request: GET http://testserver/api/finance/summary "HTTP/1.1 403 Forbidden"
2026-05-05 16:17:32,039 [INFO] banikos-api: User logged in: owner (Role: Admin)
2026-05-05 16:17:32,040 [INFO] httpx: HTTP Request: POST http://testserver/api/auth/login "HTTP/1.1 200 OK"
2026-05-05 16:17:32,043 [INFO] httpx: HTTP Request: POST http://testserver/api/admin/users "HTTP/1.1 200 OK"
2026-05-05 16:17:32,046 [INFO] httpx: HTTP Request: POST http://testserver/api/admin/users "HTTP/1.1 200 OK"
2026-05-05 16:17:32,051 [INFO] httpx: HTTP Request: POST http://testserver/api/admin/users "HTTP/1.1 200 OK"
2026-05-05 16:17:32,052 [INFO] banikos-api: User logged in: cashier-rbac-smoke (Role: Cashier)
2026-05-05 16:17:32,053 [INFO] httpx: HTTP Request: POST http://testserver/api/auth/login "HTTP/1.1 200 OK"
2026-05-05 16:17:32,054 [INFO] banikos-api: User logged in: sales-rbac-smoke (Role: Salesman)
2026-05-05 16:17:32,055 [INFO] httpx: HTTP Request: POST http://testserver/api/auth/login "HTTP/1.1 200 OK"
2026-05-05 16:17:32,056 [INFO] banikos-api: User logged in: packaging-rbac-smoke (Role: Packaging)
2026-05-05 16:17:32,057 [INFO] httpx: HTTP Request: POST http://testserver/api/auth/login "HTTP/1.1 200 OK"
2026-05-05 16:17:32,060 [INFO] httpx: HTTP Request: GET http://testserver/api/products "HTTP/1.1 200 OK"
2026-05-05 16:17:32,071 [INFO] httpx: HTTP Request: GET http://testserver/api/customers "HTTP/1.1 200 OK"
2026-05-05 16:17:32,076 [INFO] httpx: HTTP Request: GET http://testserver/api/shifts/active "HTTP/1.1 200 OK"
2026-05-05 16:17:32,078 [INFO] httpx: HTTP Request: GET http://testserver/api/auth/staff "HTTP/1.1 200 OK"
2026-05-05 16:17:32,080 [INFO] httpx: HTTP Request: GET http://testserver/api/crm/leads "HTTP/1.1 403 Forbidden"
2026-05-05 16:17:32,081 [INFO] httpx: HTTP Request: GET http://testserver/api/crm/orders "HTTP/1.1 403 Forbidden"
2026-05-05 16:17:32,084 [INFO] httpx: HTTP Request: GET http://testserver/api/tasks "HTTP/1.1 403 Forbidden"
2026-05-05 16:17:32,090 [INFO] httpx: HTTP Request: GET http://testserver/api/finance/summary "HTTP/1.1 403 Forbidden"
2026-05-05 16:17:32,092 [INFO] httpx: HTTP Request: GET http://testserver/api/pos/sales "HTTP/1.1 403 Forbidden"
2026-05-05 16:17:32,094 [INFO] httpx: HTTP Request: GET http://testserver/api/auth/staff "HTTP/1.1 200 OK"
2026-05-05 16:17:32,096 [INFO] httpx: HTTP Request: GET http://testserver/api/products "HTTP/1.1 200 OK"
2026-05-05 16:17:32,107 [INFO] httpx: HTTP Request: GET http://testserver/api/customers "HTTP/1.1 200 OK"
2026-05-05 16:17:32,110 [INFO] httpx: HTTP Request: GET http://testserver/api/crm/leads "HTTP/1.1 200 OK"
2026-05-05 16:17:32,118 [INFO] httpx: HTTP Request: GET http://testserver/api/crm/orders "HTTP/1.1 200 OK"
2026-05-05 16:17:32,121 [INFO] httpx: HTTP Request: GET http://testserver/api/tasks "HTTP/1.1 200 OK"
2026-05-05 16:17:32,123 [INFO] httpx: HTTP Request: GET http://testserver/api/finance/summary "HTTP/1.1 403 Forbidden"
2026-05-05 16:17:32,125 [INFO] httpx: HTTP Request: GET http://testserver/api/vendors "HTTP/1.1 403 Forbidden"
2026-05-05 16:17:32,126 [INFO] httpx: HTTP Request: GET http://testserver/api/pos/sales "HTTP/1.1 403 Forbidden"
2026-05-05 16:17:32,129 [INFO] httpx: HTTP Request: GET http://testserver/api/products "HTTP/1.1 200 OK"
2026-05-05 16:17:32,131 [INFO] httpx: HTTP Request: GET http://testserver/api/tasks "HTTP/1.1 200 OK"
2026-05-05 16:17:32,134 [INFO] httpx: HTTP Request: GET http://testserver/api/customers "HTTP/1.1 403 Forbidden"
2026-05-05 16:17:32,136 [INFO] httpx: HTTP Request: GET http://testserver/api/crm/leads "HTTP/1.1 403 Forbidden"
2026-05-05 16:17:32,137 [INFO] httpx: HTTP Request: GET http://testserver/api/crm/orders "HTTP/1.1 403 Forbidden"
2026-05-05 16:17:32,139 [INFO] httpx: HTTP Request: GET http://testserver/api/finance/summary "HTTP/1.1 403 Forbidden"
2026-05-05 16:17:32,162 [INFO] banikos-api: User logged in: owner (Role: Admin)
2026-05-05 16:17:32,163 [INFO] httpx: HTTP Request: POST http://testserver/api/auth/login "HTTP/1.1 200 OK"
2026-05-05 16:17:32,177 [INFO] httpx: HTTP Request: POST http://testserver/api/internal-threads "HTTP/1.1 201 Created"
2026-05-05 16:17:32,187 [INFO] httpx: HTTP Request: GET http://testserver/api/internal-threads?status=Open "HTTP/1.1 200 OK"
2026-05-05 16:17:32,199 [INFO] httpx: HTTP Request: PATCH http://testserver/api/internal-threads/1 "HTTP/1.1 200 OK"
2026-05-05 16:17:32,207 [INFO] httpx: HTTP Request: POST http://testserver/api/internal-threads/1/messages "HTTP/1.1 200 OK"
2026-05-05 16:17:32,229 [INFO] banikos-api: User logged in: owner (Role: Admin)
2026-05-05 16:17:32,230 [INFO] httpx: HTTP Request: POST http://testserver/api/auth/login "HTTP/1.1 200 OK"
2026-05-05 16:17:32,251 [INFO] httpx: HTTP Request: POST http://testserver/api/tasks "HTTP/1.1 201 Created"
2026-05-05 16:17:32,254 [INFO] httpx: HTTP Request: GET http://testserver/api/tasks?status=Open "HTTP/1.1 200 OK"
2026-05-05 16:17:32,267 [INFO] httpx: HTTP Request: PATCH http://testserver/api/tasks/1 "HTTP/1.1 200 OK"
2026-05-05 16:17:32,291 [INFO] banikos-api: User logged in: owner (Role: Admin)
2026-05-05 16:17:32,292 [INFO] httpx: HTTP Request: POST http://testserver/api/auth/login "HTTP/1.1 200 OK"
2026-05-05 16:17:32,296 [INFO] httpx: HTTP Request: POST http://testserver/api/admin/users "HTTP/1.1 200 OK"
2026-05-05 16:17:32,301 [INFO] httpx: HTTP Request: GET http://testserver/api/payroll/summary?month=2026-05 "HTTP/1.1 200 OK"
2026-05-05 16:17:32,309 [INFO] httpx: HTTP Request: POST http://testserver/api/payroll/cut "HTTP/1.1 201 Created"
2026-05-05 16:17:32,322 [INFO] httpx: HTTP Request: POST http://testserver/api/payroll/pay "HTTP/1.1 201 Created"
2026-05-05 16:17:32,325 [INFO] httpx: HTTP Request: POST http://testserver/api/payroll/pay "HTTP/1.1 400 Bad Request"
2026-05-05 16:17:32,328 [INFO] httpx: HTTP Request: GET http://testserver/api/payroll/summary?month=2026-05 "HTTP/1.1 200 OK"
2026-05-05 16:17:32,353 [INFO] banikos-api: User logged in: owner (Role: Admin)
2026-05-05 16:17:32,353 [INFO] httpx: HTTP Request: POST http://testserver/api/auth/login "HTTP/1.1 200 OK"
2026-05-05 16:17:32,356 [INFO] httpx: HTTP Request: GET http://testserver/api/finance/recurring-expenses "HTTP/1.1 200 OK"
2026-05-05 16:17:32,361 [INFO] httpx: HTTP Request: POST http://testserver/api/finance/recurring-expenses "HTTP/1.1 201 Created"
2026-05-05 16:17:32,366 [INFO] httpx: HTTP Request: PATCH http://testserver/api/finance/recurring-expenses/1 "HTTP/1.1 200 OK"
2026-05-05 16:17:32,383 [INFO] httpx: HTTP Request: POST http://testserver/api/finance/recurring-expenses/1/run?month=2026-05 "HTTP/1.1 201 Created"
2026-05-05 16:17:32,387 [INFO] httpx: HTTP Request: POST http://testserver/api/finance/recurring-expenses/1/run?month=2026-05 "HTTP/1.1 400 Bad Request"
2026-05-05 16:17:32,390 [INFO] httpx: HTTP Request: GET http://testserver/api/finance/recurring-expenses "HTTP/1.1 200 OK"
2026-05-05 20:09:48,977 [INFO] banikos-api: User logged in: owner (Role: Admin)
2026-05-05 20:09:48,981 [INFO] httpx: HTTP Request: POST http://testserver/api/auth/login "HTTP/1.1 200 OK"
2026-05-05 20:09:48,991 [INFO] banikos-api: Company settings updated
2026-05-05 20:09:48,993 [INFO] httpx: HTTP Request: PATCH http://testserver/api/settings/company "HTTP/1.1 200 OK"
2026-05-05 20:09:48,996 [INFO] httpx: HTTP Request: GET http://testserver/api/auth/staff "HTTP/1.1 200 OK"
2026-05-05 20:09:48,999 [INFO] httpx: HTTP Request: GET http://testserver/api/settings/company "HTTP/1.1 200 OK"
2026-05-05 20:09:49,019 [INFO] httpx: HTTP Request: GET http://testserver/api/customers "HTTP/1.1 200 OK"
2026-05-05 20:09:49,026 [INFO] httpx: HTTP Request: GET http://testserver/api/products "HTTP/1.1 200 OK"
2026-05-05 20:09:49,030 [INFO] httpx: HTTP Request: GET http://testserver/api/vendors "HTTP/1.1 200 OK"
2026-05-05 20:09:49,038 [INFO] httpx: HTTP Request: GET http://testserver/api/crm/leads "HTTP/1.1 200 OK"
2026-05-05 20:09:49,062 [INFO] httpx: HTTP Request: GET http://testserver/api/finance/summary "HTTP/1.1 200 OK"
2026-05-05 20:09:49,066 [INFO] httpx: HTTP Request: GET http://testserver/api/finance/chart-accounts "HTTP/1.1 200 OK"
2026-05-05 20:09:49,072 [INFO] httpx: HTTP Request: GET http://testserver/api/finance/ledger "HTTP/1.1 200 OK"
2026-05-05 20:09:49,078 [INFO] httpx: HTTP Request: GET http://testserver/api/finance/daily-summary "HTTP/1.1 200 OK"
2026-05-05 20:09:49,083 [INFO] httpx: HTTP Request: GET http://testserver/api/finance/recurring-expenses "HTTP/1.1 200 OK"
2026-05-05 20:09:49,093 [INFO] httpx: HTTP Request: GET http://testserver/api/ml/features/customers "HTTP/1.1 200 OK"
2026-05-05 20:09:49,102 [INFO] httpx: HTTP Request: GET http://testserver/api/ml/features/products "HTTP/1.1 200 OK"
2026-05-05 20:09:49,108 [INFO] httpx: HTTP Request: GET http://testserver/api/ml/recommendations "HTTP/1.1 200 OK"
2026-05-05 20:09:49,128 [INFO] httpx: HTTP Request: OPTIONS http://testserver/api/health "HTTP/1.1 200 OK"
2026-05-05 20:09:49,149 [INFO] banikos-api: User logged in: owner (Role: Admin)
2026-05-05 20:09:49,150 [INFO] httpx: HTTP Request: POST http://testserver/api/auth/login "HTTP/1.1 200 OK"
2026-05-05 20:09:49,163 [INFO] httpx: HTTP Request: POST http://testserver/api/customers "HTTP/1.1 201 Created"
2026-05-05 20:09:49,168 [INFO] httpx: HTTP Request: POST http://testserver/api/products "HTTP/1.1 201 Created"
2026-05-05 20:09:49,264 [INFO] banikos-api: Sale created: INV-20260505-0004 | Total: 20.0 | User: owner
2026-05-05 20:09:49,272 [INFO] httpx: HTTP Request: POST http://testserver/api/pos/sale "HTTP/1.1 200 OK"
2026-05-05 20:09:49,280 [INFO] httpx: HTTP Request: GET http://testserver/api/customers/5/due-payments "HTTP/1.1 200 OK"
2026-05-05 20:09:49,291 [INFO] httpx: HTTP Request: POST http://testserver/api/customers/5/due-payments "HTTP/1.1 201 Created"
2026-05-05 20:09:49,294 [INFO] httpx: HTTP Request: POST http://testserver/api/customers/5/due-payments "HTTP/1.1 400 Bad Request"
2026-05-05 20:09:49,297 [INFO] httpx: HTTP Request: GET http://testserver/api/customers/5/due-payments "HTTP/1.1 200 OK"
2026-05-05 20:09:49,320 [INFO] banikos-api: User logged in: owner (Role: Admin)
2026-05-05 20:09:49,321 [INFO] httpx: HTTP Request: POST http://testserver/api/auth/login "HTTP/1.1 200 OK"
2026-05-05 20:09:49,325 [INFO] httpx: HTTP Request: POST http://testserver/api/products "HTTP/1.1 201 Created"
2026-05-05 20:09:49,329 [INFO] httpx: HTTP Request: PATCH http://testserver/api/products/12/stock "HTTP/1.1 200 OK"
2026-05-05 20:09:49,332 [INFO] httpx: HTTP Request: PATCH http://testserver/api/products/12/stock "HTTP/1.1 400 Bad Request"
2026-05-05 20:09:49,338 [INFO] httpx: HTTP Request: POST http://testserver/api/admin/damages?product_id=12&quantity=4&reason=smoke "HTTP/1.1 200 OK"
2026-05-05 20:09:49,342 [INFO] httpx: HTTP Request: POST http://testserver/api/admin/damages?product_id=12&quantity=1&reason=smoke "HTTP/1.1 400 Bad Request"
2026-05-05 20:09:49,345 [INFO] httpx: HTTP Request: GET http://testserver/api/products?q=SMOKE-ERP-STOCK-001 "HTTP/1.1 200 OK"
2026-05-05 20:09:49,368 [INFO] banikos-api: User logged in: owner (Role: Admin)
2026-05-05 20:09:49,369 [INFO] httpx: HTTP Request: POST http://testserver/api/auth/login "HTTP/1.1 200 OK"
2026-05-05 20:09:49,373 [INFO] httpx: HTTP Request: POST http://testserver/api/products "HTTP/1.1 201 Created"
2026-05-05 20:09:49,378 [INFO] httpx: HTTP Request: POST http://testserver/api/vendors "HTTP/1.1 200 OK"
2026-05-05 20:09:49,392 [INFO] httpx: HTTP Request: POST http://testserver/api/purchases "HTTP/1.1 200 OK"
2026-05-05 20:09:49,403 [INFO] httpx: HTTP Request: POST http://testserver/api/purchases/return "HTTP/1.1 200 OK"
2026-05-05 20:09:49,411 [INFO] httpx: HTTP Request: POST http://testserver/api/vendors/1/pay "HTTP/1.1 200 OK"
2026-05-05 20:09:49,434 [INFO] banikos-api: User logged in: owner (Role: Admin)
2026-05-05 20:09:49,435 [INFO] httpx: HTTP Request: POST http://testserver/api/auth/login "HTTP/1.1 200 OK"
2026-05-05 20:09:49,442 [INFO] httpx: HTTP Request: POST http://testserver/api/admin/users "HTTP/1.1 200 OK"
2026-05-05 20:09:49,446 [INFO] httpx: HTTP Request: POST http://testserver/api/admin/users "HTTP/1.1 200 OK"
2026-05-05 20:09:49,450 [INFO] httpx: HTTP Request: POST http://testserver/api/admin/users "HTTP/1.1 200 OK"
2026-05-05 20:09:49,454 [INFO] httpx: HTTP Request: POST http://testserver/api/admin/users "HTTP/1.1 200 OK"
2026-05-05 20:09:49,458 [INFO] httpx: HTTP Request: POST http://testserver/api/admin/users "HTTP/1.1 200 OK"
2026-05-05 20:09:49,462 [INFO] httpx: HTTP Request: POST http://testserver/api/admin/users "HTTP/1.1 200 OK"
2026-05-05 20:09:49,463 [INFO] banikos-api: User logged in: ceo-rbac-smoke (Role: CEO)
2026-05-05 20:09:49,464 [INFO] httpx: HTTP Request: POST http://testserver/api/auth/login "HTTP/1.1 200 OK"
2026-05-05 20:09:49,465 [INFO] banikos-api: User logged in: coo-rbac-smoke (Role: COO)
2026-05-05 20:09:49,466 [INFO] httpx: HTTP Request: POST http://testserver/api/auth/login "HTTP/1.1 200 OK"
2026-05-05 20:09:49,467 [INFO] banikos-api: User logged in: cmo-rbac-smoke (Role: CMO)
2026-05-05 20:09:49,468 [INFO] httpx: HTTP Request: POST http://testserver/api/auth/login "HTTP/1.1 200 OK"
2026-05-05 20:09:49,469 [INFO] banikos-api: User logged in: cfo-rbac-smoke (Role: CFO)
2026-05-05 20:09:49,470 [INFO] httpx: HTTP Request: POST http://testserver/api/auth/login "HTTP/1.1 200 OK"
2026-05-05 20:09:49,471 [INFO] banikos-api: User logged in: social-rbac-smoke (Role: SocialAgent)
2026-05-05 20:09:49,472 [INFO] httpx: HTTP Request: POST http://testserver/api/auth/login "HTTP/1.1 200 OK"
2026-05-05 20:09:49,474 [INFO] banikos-api: User logged in: production-rbac-smoke (Role: ProductionWorker)
2026-05-05 20:09:49,475 [INFO] httpx: HTTP Request: POST http://testserver/api/auth/login "HTTP/1.1 200 OK"
2026-05-05 20:09:49,478 [INFO] httpx: HTTP Request: GET http://testserver/api/admin/users "HTTP/1.1 200 OK"
2026-05-05 20:09:49,482 [INFO] httpx: HTTP Request: GET http://testserver/api/finance/summary "HTTP/1.1 200 OK"
2026-05-05 20:09:49,485 [INFO] httpx: HTTP Request: GET http://testserver/api/ml/recommendations "HTTP/1.1 200 OK"
2026-05-05 20:09:49,499 [INFO] httpx: HTTP Request: GET http://testserver/api/tasks "HTTP/1.1 200 OK"
2026-05-05 20:09:49,507 [INFO] httpx: HTTP Request: GET http://testserver/api/dashboard/kpi "HTTP/1.1 200 OK"
2026-05-05 20:09:49,515 [INFO] httpx: HTTP Request: GET http://testserver/api/crm/orders "HTTP/1.1 200 OK"
2026-05-05 20:09:49,518 [INFO] httpx: HTTP Request: GET http://testserver/api/vendors "HTTP/1.1 200 OK"
2026-05-05 20:09:49,522 [INFO] httpx: HTTP Request: GET http://testserver/api/finance/summary "HTTP/1.1 200 OK"
2026-05-05 20:09:49,526 [INFO] httpx: HTTP Request: GET http://testserver/api/tasks "HTTP/1.1 200 OK"
2026-05-05 20:09:49,529 [INFO] httpx: HTTP Request: GET http://testserver/api/auth/staff "HTTP/1.1 200 OK"
2026-05-05 20:09:49,541 [INFO] httpx: HTTP Request: GET http://testserver/api/customers "HTTP/1.1 200 OK"
2026-05-05 20:09:49,544 [INFO] httpx: HTTP Request: GET http://testserver/api/crm/leads "HTTP/1.1 200 OK"
2026-05-05 20:09:49,550 [INFO] httpx: HTTP Request: GET http://testserver/api/tasks "HTTP/1.1 200 OK"
2026-05-05 20:09:49,554 [INFO] httpx: HTTP Request: GET http://testserver/api/ml/recommendations "HTTP/1.1 200 OK"
2026-05-05 20:09:49,558 [INFO] httpx: HTTP Request: GET http://testserver/api/auth/staff "HTTP/1.1 200 OK"
2026-05-05 20:09:49,560 [INFO] httpx: HTTP Request: GET http://testserver/api/finance/summary "HTTP/1.1 403 Forbidden"
2026-05-05 20:09:49,562 [INFO] httpx: HTTP Request: GET http://testserver/api/crm/orders "HTTP/1.1 403 Forbidden"
2026-05-05 20:09:49,563 [INFO] httpx: HTTP Request: GET http://testserver/api/admin/users "HTTP/1.1 403 Forbidden"
2026-05-05 20:09:49,567 [INFO] httpx: HTTP Request: GET http://testserver/api/finance/summary "HTTP/1.1 200 OK"
2026-05-05 20:09:49,570 [INFO] httpx: HTTP Request: GET http://testserver/api/finance/ledger "HTTP/1.1 200 OK"
2026-05-05 20:09:49,582 [INFO] httpx: HTTP Request: GET http://testserver/api/accounting/journals "HTTP/1.1 200 OK"
2026-05-05 20:09:49,585 [INFO] httpx: HTTP Request: GET http://testserver/api/tasks "HTTP/1.1 200 OK"
2026-05-05 20:09:49,593 [INFO] httpx: HTTP Request: POST http://testserver/api/finance/entry "HTTP/1.1 201 Created"
2026-05-05 20:09:49,595 [INFO] httpx: HTTP Request: GET http://testserver/api/customers "HTTP/1.1 403 Forbidden"
2026-05-05 20:09:49,597 [INFO] httpx: HTTP Request: GET http://testserver/api/crm/leads "HTTP/1.1 403 Forbidden"
2026-05-05 20:09:49,599 [INFO] httpx: HTTP Request: GET http://testserver/api/admin/users "HTTP/1.1 403 Forbidden"
2026-05-05 20:09:49,612 [INFO] httpx: HTTP Request: GET http://testserver/api/customers "HTTP/1.1 200 OK"
2026-05-05 20:09:49,621 [INFO] httpx: HTTP Request: GET http://testserver/api/crm/leads "HTTP/1.1 200 OK"
2026-05-05 20:09:49,625 [INFO] httpx: HTTP Request: GET http://testserver/api/tasks "HTTP/1.1 200 OK"
2026-05-05 20:09:49,627 [INFO] httpx: HTTP Request: GET http://testserver/api/products "HTTP/1.1 403 Forbidden"
2026-05-05 20:09:49,629 [INFO] httpx: HTTP Request: GET http://testserver/api/crm/orders "HTTP/1.1 403 Forbidden"
2026-05-05 20:09:49,631 [INFO] httpx: HTTP Request: GET http://testserver/api/finance/summary "HTTP/1.1 403 Forbidden"
2026-05-05 20:09:49,637 [INFO] httpx: HTTP Request: GET http://testserver/api/products "HTTP/1.1 200 OK"
2026-05-05 20:09:49,642 [INFO] httpx: HTTP Request: GET http://testserver/api/tasks "HTTP/1.1 200 OK"
2026-05-05 20:09:49,644 [INFO] httpx: HTTP Request: GET http://testserver/api/customers "HTTP/1.1 403 Forbidden"
2026-05-05 20:09:49,646 [INFO] httpx: HTTP Request: GET http://testserver/api/crm/leads "HTTP/1.1 403 Forbidden"
2026-05-05 20:09:49,648 [INFO] httpx: HTTP Request: GET http://testserver/api/crm/orders "HTTP/1.1 403 Forbidden"
2026-05-05 20:09:49,649 [INFO] httpx: HTTP Request: GET http://testserver/api/finance/summary "HTTP/1.1 403 Forbidden"
2026-05-05 20:09:49,675 [INFO] banikos-api: User logged in: owner (Role: Admin)
2026-05-05 20:09:49,676 [INFO] httpx: HTTP Request: POST http://testserver/api/auth/login "HTTP/1.1 200 OK"
2026-05-05 20:09:49,679 [INFO] httpx: HTTP Request: POST http://testserver/api/admin/users "HTTP/1.1 200 OK"
2026-05-05 20:09:49,683 [INFO] httpx: HTTP Request: POST http://testserver/api/admin/users "HTTP/1.1 200 OK"
2026-05-05 20:09:49,686 [INFO] httpx: HTTP Request: POST http://testserver/api/admin/users "HTTP/1.1 200 OK"
2026-05-05 20:09:49,688 [INFO] banikos-api: User logged in: cashier-rbac-smoke (Role: Cashier)
2026-05-05 20:09:49,688 [INFO] httpx: HTTP Request: POST http://testserver/api/auth/login "HTTP/1.1 200 OK"
2026-05-05 20:09:49,690 [INFO] banikos-api: User logged in: sales-rbac-smoke (Role: Salesman)
2026-05-05 20:09:49,691 [INFO] httpx: HTTP Request: POST http://testserver/api/auth/login "HTTP/1.1 200 OK"
2026-05-05 20:09:49,693 [INFO] banikos-api: User logged in: packaging-rbac-smoke (Role: Packaging)
2026-05-05 20:09:49,693 [INFO] httpx: HTTP Request: POST http://testserver/api/auth/login "HTTP/1.1 200 OK"
2026-05-05 20:09:49,696 [INFO] httpx: HTTP Request: GET http://testserver/api/products "HTTP/1.1 200 OK"
2026-05-05 20:09:49,708 [INFO] httpx: HTTP Request: GET http://testserver/api/customers "HTTP/1.1 200 OK"
2026-05-05 20:09:49,714 [INFO] httpx: HTTP Request: GET http://testserver/api/shifts/active "HTTP/1.1 200 OK"
2026-05-05 20:09:49,716 [INFO] httpx: HTTP Request: GET http://testserver/api/auth/staff "HTTP/1.1 200 OK"
2026-05-05 20:09:49,718 [INFO] httpx: HTTP Request: GET http://testserver/api/crm/leads "HTTP/1.1 403 Forbidden"
2026-05-05 20:09:49,720 [INFO] httpx: HTTP Request: GET http://testserver/api/crm/orders "HTTP/1.1 403 Forbidden"
2026-05-05 20:09:49,722 [INFO] httpx: HTTP Request: GET http://testserver/api/tasks "HTTP/1.1 403 Forbidden"
2026-05-05 20:09:49,725 [INFO] httpx: HTTP Request: GET http://testserver/api/finance/summary "HTTP/1.1 403 Forbidden"
2026-05-05 20:09:49,727 [INFO] httpx: HTTP Request: GET http://testserver/api/pos/sales "HTTP/1.1 403 Forbidden"
2026-05-05 20:09:49,730 [INFO] httpx: HTTP Request: GET http://testserver/api/auth/staff "HTTP/1.1 200 OK"
2026-05-05 20:09:49,732 [INFO] httpx: HTTP Request: GET http://testserver/api/products "HTTP/1.1 200 OK"
2026-05-05 20:09:49,745 [INFO] httpx: HTTP Request: GET http://testserver/api/customers "HTTP/1.1 200 OK"
2026-05-05 20:09:49,748 [INFO] httpx: HTTP Request: GET http://testserver/api/crm/leads "HTTP/1.1 200 OK"
2026-05-05 20:09:49,755 [INFO] httpx: HTTP Request: GET http://testserver/api/crm/orders "HTTP/1.1 200 OK"
2026-05-05 20:09:49,759 [INFO] httpx: HTTP Request: GET http://testserver/api/tasks "HTTP/1.1 200 OK"
2026-05-05 20:09:49,761 [INFO] httpx: HTTP Request: GET http://testserver/api/finance/summary "HTTP/1.1 403 Forbidden"
2026-05-05 20:09:49,763 [INFO] httpx: HTTP Request: GET http://testserver/api/vendors "HTTP/1.1 403 Forbidden"
2026-05-05 20:09:49,765 [INFO] httpx: HTTP Request: GET http://testserver/api/pos/sales "HTTP/1.1 403 Forbidden"
2026-05-05 20:09:49,767 [INFO] httpx: HTTP Request: GET http://testserver/api/products "HTTP/1.1 200 OK"
2026-05-05 20:09:49,770 [INFO] httpx: HTTP Request: GET http://testserver/api/tasks "HTTP/1.1 200 OK"
2026-05-05 20:09:49,772 [INFO] httpx: HTTP Request: GET http://testserver/api/customers "HTTP/1.1 403 Forbidden"
2026-05-05 20:09:49,775 [INFO] httpx: HTTP Request: GET http://testserver/api/crm/leads "HTTP/1.1 403 Forbidden"
2026-05-05 20:09:49,777 [INFO] httpx: HTTP Request: GET http://testserver/api/crm/orders "HTTP/1.1 403 Forbidden"
2026-05-05 20:09:49,779 [INFO] httpx: HTTP Request: GET http://testserver/api/finance/summary "HTTP/1.1 403 Forbidden"
2026-05-05 20:09:49,804 [INFO] banikos-api: User logged in: owner (Role: Admin)
2026-05-05 20:09:49,804 [INFO] httpx: HTTP Request: POST http://testserver/api/auth/login "HTTP/1.1 200 OK"
2026-05-05 20:09:49,819 [INFO] httpx: HTTP Request: POST http://testserver/api/internal-threads "HTTP/1.1 201 Created"
2026-05-05 20:09:49,830 [INFO] httpx: HTTP Request: GET http://testserver/api/internal-threads?status=Open "HTTP/1.1 200 OK"
2026-05-05 20:09:49,842 [INFO] httpx: HTTP Request: PATCH http://testserver/api/internal-threads/1 "HTTP/1.1 200 OK"
2026-05-05 20:09:49,848 [INFO] httpx: HTTP Request: POST http://testserver/api/internal-threads/1/messages "HTTP/1.1 200 OK"
2026-05-05 20:09:49,874 [INFO] banikos-api: User logged in: owner (Role: Admin)
2026-05-05 20:09:49,875 [INFO] httpx: HTTP Request: POST http://testserver/api/auth/login "HTTP/1.1 200 OK"
2026-05-05 20:09:49,895 [INFO] httpx: HTTP Request: POST http://testserver/api/tasks "HTTP/1.1 201 Created"
2026-05-05 20:09:49,898 [INFO] httpx: HTTP Request: GET http://testserver/api/tasks?status=Open "HTTP/1.1 200 OK"
2026-05-05 20:09:49,913 [INFO] httpx: HTTP Request: PATCH http://testserver/api/tasks/1 "HTTP/1.1 200 OK"
2026-05-05 20:09:49,936 [INFO] banikos-api: User logged in: owner (Role: Admin)
2026-05-05 20:09:49,936 [INFO] httpx: HTTP Request: POST http://testserver/api/auth/login "HTTP/1.1 200 OK"
2026-05-05 20:09:49,943 [INFO] httpx: HTTP Request: POST http://testserver/api/admin/users "HTTP/1.1 200 OK"
2026-05-05 20:09:49,947 [INFO] httpx: HTTP Request: GET http://testserver/api/payroll/summary?month=2026-05 "HTTP/1.1 200 OK"
2026-05-05 20:09:49,955 [INFO] httpx: HTTP Request: POST http://testserver/api/payroll/cut "HTTP/1.1 201 Created"
2026-05-05 20:09:49,968 [INFO] httpx: HTTP Request: POST http://testserver/api/payroll/pay "HTTP/1.1 201 Created"
2026-05-05 20:09:49,971 [INFO] httpx: HTTP Request: POST http://testserver/api/payroll/pay "HTTP/1.1 400 Bad Request"
2026-05-05 20:09:49,976 [INFO] httpx: HTTP Request: GET http://testserver/api/payroll/summary?month=2026-05 "HTTP/1.1 200 OK"
2026-05-05 20:09:50,004 [INFO] banikos-api: User logged in: owner (Role: Admin)
2026-05-05 20:09:50,004 [INFO] httpx: HTTP Request: POST http://testserver/api/auth/login "HTTP/1.1 200 OK"
2026-05-05 20:09:50,008 [INFO] httpx: HTTP Request: GET http://testserver/api/finance/recurring-expenses "HTTP/1.1 200 OK"
2026-05-05 20:09:50,014 [INFO] httpx: HTTP Request: POST http://testserver/api/finance/recurring-expenses "HTTP/1.1 201 Created"
2026-05-05 20:09:50,019 [INFO] httpx: HTTP Request: PATCH http://testserver/api/finance/recurring-expenses/1 "HTTP/1.1 200 OK"
2026-05-05 20:09:50,037 [INFO] httpx: HTTP Request: POST http://testserver/api/finance/recurring-expenses/1/run?month=2026-05 "HTTP/1.1 201 Created"
2026-05-05 20:09:50,042 [INFO] httpx: HTTP Request: POST http://testserver/api/finance/recurring-expenses/1/run?month=2026-05 "HTTP/1.1 400 Bad Request"
2026-05-05 20:09:50,045 [INFO] httpx: HTTP Request: GET http://testserver/api/finance/recurring-expenses "HTTP/1.1 200 OK"
2026-05-05 20:10:24,675 [INFO] banikos-api: User logged in: owner (Role: Admin)
2026-05-05 20:10:24,677 [INFO] httpx: HTTP Request: POST http://testserver/api/auth/login "HTTP/1.1 200 OK"
2026-05-05 20:10:24,684 [INFO] banikos-api: Company settings updated
2026-05-05 20:10:24,685 [INFO] httpx: HTTP Request: PATCH http://testserver/api/settings/company "HTTP/1.1 200 OK"
2026-05-05 20:10:24,688 [INFO] httpx: HTTP Request: GET http://testserver/api/auth/staff "HTTP/1.1 200 OK"
2026-05-05 20:10:24,690 [INFO] httpx: HTTP Request: GET http://testserver/api/settings/company "HTTP/1.1 200 OK"
2026-05-05 20:10:24,707 [INFO] httpx: HTTP Request: GET http://testserver/api/customers "HTTP/1.1 200 OK"
2026-05-05 20:10:24,712 [INFO] httpx: HTTP Request: GET http://testserver/api/products "HTTP/1.1 200 OK"
2026-05-05 20:10:24,715 [INFO] httpx: HTTP Request: GET http://testserver/api/vendors "HTTP/1.1 200 OK"
2026-05-05 20:10:24,723 [INFO] httpx: HTTP Request: GET http://testserver/api/crm/leads "HTTP/1.1 200 OK"
2026-05-05 20:10:24,735 [INFO] httpx: HTTP Request: GET http://testserver/api/finance/summary "HTTP/1.1 200 OK"
2026-05-05 20:10:24,738 [INFO] httpx: HTTP Request: GET http://testserver/api/finance/chart-accounts "HTTP/1.1 200 OK"
2026-05-05 20:10:24,745 [INFO] httpx: HTTP Request: GET http://testserver/api/finance/ledger "HTTP/1.1 200 OK"
2026-05-05 20:10:24,748 [INFO] httpx: HTTP Request: GET http://testserver/api/finance/daily-summary "HTTP/1.1 200 OK"
2026-05-05 20:10:24,752 [INFO] httpx: HTTP Request: GET http://testserver/api/finance/recurring-expenses "HTTP/1.1 200 OK"
2026-05-05 20:10:24,759 [INFO] httpx: HTTP Request: GET http://testserver/api/ml/features/customers "HTTP/1.1 200 OK"
2026-05-05 20:10:24,764 [INFO] httpx: HTTP Request: GET http://testserver/api/ml/features/products "HTTP/1.1 200 OK"
2026-05-05 20:10:24,768 [INFO] httpx: HTTP Request: GET http://testserver/api/ml/recommendations "HTTP/1.1 200 OK"
2026-05-05 20:10:24,792 [INFO] httpx: HTTP Request: OPTIONS http://testserver/api/health "HTTP/1.1 200 OK"
2026-05-05 20:10:24,825 [INFO] banikos-api: User logged in: owner (Role: Admin)
2026-05-05 20:10:24,827 [INFO] httpx: HTTP Request: POST http://testserver/api/auth/login "HTTP/1.1 200 OK"
2026-05-05 20:10:24,843 [INFO] httpx: HTTP Request: POST http://testserver/api/customers "HTTP/1.1 201 Created"
2026-05-05 20:10:24,849 [INFO] httpx: HTTP Request: POST http://testserver/api/products "HTTP/1.1 201 Created"
2026-05-05 20:10:24,939 [INFO] banikos-api: Sale created: INV-20260505-0004 | Total: 20.0 | User: owner
2026-05-05 20:10:24,948 [INFO] httpx: HTTP Request: POST http://testserver/api/pos/sale "HTTP/1.1 200 OK"
2026-05-05 20:10:24,954 [INFO] httpx: HTTP Request: GET http://testserver/api/customers/5/due-payments "HTTP/1.1 200 OK"
2026-05-05 20:10:24,964 [INFO] httpx: HTTP Request: POST http://testserver/api/customers/5/due-payments "HTTP/1.1 201 Created"
2026-05-05 20:10:24,966 [INFO] httpx: HTTP Request: POST http://testserver/api/customers/5/due-payments "HTTP/1.1 400 Bad Request"
2026-05-05 20:10:24,969 [INFO] httpx: HTTP Request: GET http://testserver/api/customers/5/due-payments "HTTP/1.1 200 OK"
2026-05-05 20:10:24,990 [INFO] banikos-api: User logged in: owner (Role: Admin)
2026-05-05 20:10:24,991 [INFO] httpx: HTTP Request: POST http://testserver/api/auth/login "HTTP/1.1 200 OK"
2026-05-05 20:10:24,994 [INFO] httpx: HTTP Request: POST http://testserver/api/products "HTTP/1.1 201 Created"
2026-05-05 20:10:24,998 [INFO] httpx: HTTP Request: PATCH http://testserver/api/products/12/stock "HTTP/1.1 200 OK"
2026-05-05 20:10:25,000 [INFO] httpx: HTTP Request: PATCH http://testserver/api/products/12/stock "HTTP/1.1 400 Bad Request"
2026-05-05 20:10:25,006 [INFO] httpx: HTTP Request: POST http://testserver/api/admin/damages?product_id=12&quantity=4&reason=smoke "HTTP/1.1 200 OK"
2026-05-05 20:10:25,009 [INFO] httpx: HTTP Request: POST http://testserver/api/admin/damages?product_id=12&quantity=1&reason=smoke "HTTP/1.1 400 Bad Request"
2026-05-05 20:10:25,012 [INFO] httpx: HTTP Request: GET http://testserver/api/products?q=SMOKE-ERP-STOCK-001 "HTTP/1.1 200 OK"
2026-05-05 20:10:25,032 [INFO] banikos-api: User logged in: owner (Role: Admin)
2026-05-05 20:10:25,033 [INFO] httpx: HTTP Request: POST http://testserver/api/auth/login "HTTP/1.1 200 OK"
2026-05-05 20:10:25,036 [INFO] httpx: HTTP Request: POST http://testserver/api/products "HTTP/1.1 201 Created"
2026-05-05 20:10:25,040 [INFO] httpx: HTTP Request: POST http://testserver/api/vendors "HTTP/1.1 200 OK"
2026-05-05 20:10:25,054 [INFO] httpx: HTTP Request: POST http://testserver/api/purchases "HTTP/1.1 200 OK"
2026-05-05 20:10:25,065 [INFO] httpx: HTTP Request: POST http://testserver/api/purchases/return "HTTP/1.1 200 OK"
2026-05-05 20:10:25,071 [INFO] httpx: HTTP Request: POST http://testserver/api/vendors/1/pay "HTTP/1.1 200 OK"
2026-05-05 20:10:25,094 [INFO] banikos-api: User logged in: owner (Role: Admin)
2026-05-05 20:10:25,095 [INFO] httpx: HTTP Request: POST http://testserver/api/auth/login "HTTP/1.1 200 OK"
2026-05-05 20:10:25,100 [INFO] httpx: HTTP Request: POST http://testserver/api/admin/users "HTTP/1.1 200 OK"
2026-05-05 20:10:25,103 [INFO] httpx: HTTP Request: POST http://testserver/api/admin/users "HTTP/1.1 200 OK"
2026-05-05 20:10:25,106 [INFO] httpx: HTTP Request: POST http://testserver/api/admin/users "HTTP/1.1 200 OK"
2026-05-05 20:10:25,110 [INFO] httpx: HTTP Request: POST http://testserver/api/admin/users "HTTP/1.1 200 OK"
2026-05-05 20:10:25,114 [INFO] httpx: HTTP Request: POST http://testserver/api/admin/users "HTTP/1.1 200 OK"
2026-05-05 20:10:25,117 [INFO] httpx: HTTP Request: POST http://testserver/api/admin/users "HTTP/1.1 200 OK"
2026-05-05 20:10:25,118 [INFO] banikos-api: User logged in: ceo-rbac-smoke (Role: CEO)
2026-05-05 20:10:25,119 [INFO] httpx: HTTP Request: POST http://testserver/api/auth/login "HTTP/1.1 200 OK"
2026-05-05 20:10:25,120 [INFO] banikos-api: User logged in: coo-rbac-smoke (Role: COO)
2026-05-05 20:10:25,120 [INFO] httpx: HTTP Request: POST http://testserver/api/auth/login "HTTP/1.1 200 OK"
2026-05-05 20:10:25,122 [INFO] banikos-api: User logged in: cmo-rbac-smoke (Role: CMO)
2026-05-05 20:10:25,122 [INFO] httpx: HTTP Request: POST http://testserver/api/auth/login "HTTP/1.1 200 OK"
2026-05-05 20:10:25,123 [INFO] banikos-api: User logged in: cfo-rbac-smoke (Role: CFO)
2026-05-05 20:10:25,124 [INFO] httpx: HTTP Request: POST http://testserver/api/auth/login "HTTP/1.1 200 OK"
2026-05-05 20:10:25,125 [INFO] banikos-api: User logged in: social-rbac-smoke (Role: SocialAgent)
2026-05-05 20:10:25,126 [INFO] httpx: HTTP Request: POST http://testserver/api/auth/login "HTTP/1.1 200 OK"
2026-05-05 20:10:25,127 [INFO] banikos-api: User logged in: production-rbac-smoke (Role: ProductionWorker)
2026-05-05 20:10:25,127 [INFO] httpx: HTTP Request: POST http://testserver/api/auth/login "HTTP/1.1 200 OK"
2026-05-05 20:10:25,130 [INFO] httpx: HTTP Request: GET http://testserver/api/admin/users "HTTP/1.1 200 OK"
2026-05-05 20:10:25,134 [INFO] httpx: HTTP Request: GET http://testserver/api/finance/summary "HTTP/1.1 200 OK"
2026-05-05 20:10:25,137 [INFO] httpx: HTTP Request: GET http://testserver/api/ml/recommendations "HTTP/1.1 200 OK"
2026-05-05 20:10:25,147 [INFO] httpx: HTTP Request: GET http://testserver/api/tasks "HTTP/1.1 200 OK"
2026-05-05 20:10:25,154 [INFO] httpx: HTTP Request: GET http://testserver/api/dashboard/kpi "HTTP/1.1 200 OK"
2026-05-05 20:10:25,162 [INFO] httpx: HTTP Request: GET http://testserver/api/crm/orders "HTTP/1.1 200 OK"
2026-05-05 20:10:25,164 [INFO] httpx: HTTP Request: GET http://testserver/api/vendors "HTTP/1.1 200 OK"
2026-05-05 20:10:25,168 [INFO] httpx: HTTP Request: GET http://testserver/api/finance/summary "HTTP/1.1 200 OK"
2026-05-05 20:10:25,170 [INFO] httpx: HTTP Request: GET http://testserver/api/tasks "HTTP/1.1 200 OK"
2026-05-05 20:10:25,173 [INFO] httpx: HTTP Request: GET http://testserver/api/auth/staff "HTTP/1.1 200 OK"
2026-05-05 20:10:25,183 [INFO] httpx: HTTP Request: GET http://testserver/api/customers "HTTP/1.1 200 OK"
2026-05-05 20:10:25,186 [INFO] httpx: HTTP Request: GET http://testserver/api/crm/leads "HTTP/1.1 200 OK"
2026-05-05 20:10:25,192 [INFO] httpx: HTTP Request: GET http://testserver/api/tasks "HTTP/1.1 200 OK"
2026-05-05 20:10:25,196 [INFO] httpx: HTTP Request: GET http://testserver/api/ml/recommendations "HTTP/1.1 200 OK"
2026-05-05 20:10:25,199 [INFO] httpx: HTTP Request: GET http://testserver/api/auth/staff "HTTP/1.1 200 OK"
2026-05-05 20:10:25,200 [INFO] httpx: HTTP Request: GET http://testserver/api/finance/summary "HTTP/1.1 403 Forbidden"
2026-05-05 20:10:25,202 [INFO] httpx: HTTP Request: GET http://testserver/api/crm/orders "HTTP/1.1 403 Forbidden"
2026-05-05 20:10:25,203 [INFO] httpx: HTTP Request: GET http://testserver/api/admin/users "HTTP/1.1 403 Forbidden"
2026-05-05 20:10:25,207 [INFO] httpx: HTTP Request: GET http://testserver/api/finance/summary "HTTP/1.1 200 OK"
2026-05-05 20:10:25,211 [INFO] httpx: HTTP Request: GET http://testserver/api/finance/ledger "HTTP/1.1 200 OK"
2026-05-05 20:10:25,221 [INFO] httpx: HTTP Request: GET http://testserver/api/accounting/journals "HTTP/1.1 200 OK"
2026-05-05 20:10:25,224 [INFO] httpx: HTTP Request: GET http://testserver/api/tasks "HTTP/1.1 200 OK"
2026-05-05 20:10:25,232 [INFO] httpx: HTTP Request: POST http://testserver/api/finance/entry "HTTP/1.1 201 Created"
2026-05-05 20:10:25,234 [INFO] httpx: HTTP Request: GET http://testserver/api/customers "HTTP/1.1 403 Forbidden"
2026-05-05 20:10:25,236 [INFO] httpx: HTTP Request: GET http://testserver/api/crm/leads "HTTP/1.1 403 Forbidden"
2026-05-05 20:10:25,237 [INFO] httpx: HTTP Request: GET http://testserver/api/admin/users "HTTP/1.1 403 Forbidden"
2026-05-05 20:10:25,248 [INFO] httpx: HTTP Request: GET http://testserver/api/customers "HTTP/1.1 200 OK"
2026-05-05 20:10:25,255 [INFO] httpx: HTTP Request: GET http://testserver/api/crm/leads "HTTP/1.1 200 OK"
2026-05-05 20:10:25,257 [INFO] httpx: HTTP Request: GET http://testserver/api/tasks "HTTP/1.1 200 OK"
2026-05-05 20:10:25,259 [INFO] httpx: HTTP Request: GET http://testserver/api/products "HTTP/1.1 403 Forbidden"
2026-05-05 20:10:25,261 [INFO] httpx: HTTP Request: GET http://testserver/api/crm/orders "HTTP/1.1 403 Forbidden"
2026-05-05 20:10:25,263 [INFO] httpx: HTTP Request: GET http://testserver/api/finance/summary "HTTP/1.1 403 Forbidden"
2026-05-05 20:10:25,270 [INFO] httpx: HTTP Request: GET http://testserver/api/products "HTTP/1.1 200 OK"
2026-05-05 20:10:25,272 [INFO] httpx: HTTP Request: GET http://testserver/api/tasks "HTTP/1.1 200 OK"
2026-05-05 20:10:25,274 [INFO] httpx: HTTP Request: GET http://testserver/api/customers "HTTP/1.1 403 Forbidden"
2026-05-05 20:10:25,277 [INFO] httpx: HTTP Request: GET http://testserver/api/crm/leads "HTTP/1.1 403 Forbidden"
2026-05-05 20:10:25,278 [INFO] httpx: HTTP Request: GET http://testserver/api/crm/orders "HTTP/1.1 403 Forbidden"
2026-05-05 20:10:25,280 [INFO] httpx: HTTP Request: GET http://testserver/api/finance/summary "HTTP/1.1 403 Forbidden"
2026-05-05 20:10:25,302 [INFO] banikos-api: User logged in: owner (Role: Admin)
2026-05-05 20:10:25,302 [INFO] httpx: HTTP Request: POST http://testserver/api/auth/login "HTTP/1.1 200 OK"
2026-05-05 20:10:25,306 [INFO] httpx: HTTP Request: POST http://testserver/api/admin/users "HTTP/1.1 200 OK"
2026-05-05 20:10:25,310 [INFO] httpx: HTTP Request: POST http://testserver/api/admin/users "HTTP/1.1 200 OK"
2026-05-05 20:10:25,313 [INFO] httpx: HTTP Request: POST http://testserver/api/admin/users "HTTP/1.1 200 OK"
2026-05-05 20:10:25,315 [INFO] banikos-api: User logged in: cashier-rbac-smoke (Role: Cashier)
2026-05-05 20:10:25,315 [INFO] httpx: HTTP Request: POST http://testserver/api/auth/login "HTTP/1.1 200 OK"
2026-05-05 20:10:25,316 [INFO] banikos-api: User logged in: sales-rbac-smoke (Role: Salesman)
2026-05-05 20:10:25,317 [INFO] httpx: HTTP Request: POST http://testserver/api/auth/login "HTTP/1.1 200 OK"
2026-05-05 20:10:25,318 [INFO] banikos-api: User logged in: packaging-rbac-smoke (Role: Packaging)
2026-05-05 20:10:25,319 [INFO] httpx: HTTP Request: POST http://testserver/api/auth/login "HTTP/1.1 200 OK"
2026-05-05 20:10:25,321 [INFO] httpx: HTTP Request: GET http://testserver/api/products "HTTP/1.1 200 OK"
2026-05-05 20:10:25,331 [INFO] httpx: HTTP Request: GET http://testserver/api/customers "HTTP/1.1 200 OK"
2026-05-05 20:10:25,335 [INFO] httpx: HTTP Request: GET http://testserver/api/shifts/active "HTTP/1.1 200 OK"
2026-05-05 20:10:25,338 [INFO] httpx: HTTP Request: GET http://testserver/api/auth/staff "HTTP/1.1 200 OK"
2026-05-05 20:10:25,339 [INFO] httpx: HTTP Request: GET http://testserver/api/crm/leads "HTTP/1.1 403 Forbidden"
2026-05-05 20:10:25,341 [INFO] httpx: HTTP Request: GET http://testserver/api/crm/orders "HTTP/1.1 403 Forbidden"
2026-05-05 20:10:25,343 [INFO] httpx: HTTP Request: GET http://testserver/api/tasks "HTTP/1.1 403 Forbidden"
2026-05-05 20:10:25,346 [INFO] httpx: HTTP Request: GET http://testserver/api/finance/summary "HTTP/1.1 403 Forbidden"
2026-05-05 20:10:25,348 [INFO] httpx: HTTP Request: GET http://testserver/api/pos/sales "HTTP/1.1 403 Forbidden"
2026-05-05 20:10:25,350 [INFO] httpx: HTTP Request: GET http://testserver/api/auth/staff "HTTP/1.1 200 OK"
2026-05-05 20:10:25,352 [INFO] httpx: HTTP Request: GET http://testserver/api/products "HTTP/1.1 200 OK"
2026-05-05 20:10:25,362 [INFO] httpx: HTTP Request: GET http://testserver/api/customers "HTTP/1.1 200 OK"
2026-05-05 20:10:25,365 [INFO] httpx: HTTP Request: GET http://testserver/api/crm/leads "HTTP/1.1 200 OK"
2026-05-05 20:10:25,371 [INFO] httpx: HTTP Request: GET http://testserver/api/crm/orders "HTTP/1.1 200 OK"
2026-05-05 20:10:25,375 [INFO] httpx: HTTP Request: GET http://testserver/api/tasks "HTTP/1.1 200 OK"
2026-05-05 20:10:25,377 [INFO] httpx: HTTP Request: GET http://testserver/api/finance/summary "HTTP/1.1 403 Forbidden"
2026-05-05 20:10:25,378 [INFO] httpx: HTTP Request: GET http://testserver/api/vendors "HTTP/1.1 403 Forbidden"
2026-05-05 20:10:25,380 [INFO] httpx: HTTP Request: GET http://testserver/api/pos/sales "HTTP/1.1 403 Forbidden"
2026-05-05 20:10:25,382 [INFO] httpx: HTTP Request: GET http://testserver/api/products "HTTP/1.1 200 OK"
2026-05-05 20:10:25,385 [INFO] httpx: HTTP Request: GET http://testserver/api/tasks "HTTP/1.1 200 OK"
2026-05-05 20:10:25,386 [INFO] httpx: HTTP Request: GET http://testserver/api/customers "HTTP/1.1 403 Forbidden"
2026-05-05 20:10:25,388 [INFO] httpx: HTTP Request: GET http://testserver/api/crm/leads "HTTP/1.1 403 Forbidden"
2026-05-05 20:10:25,389 [INFO] httpx: HTTP Request: GET http://testserver/api/crm/orders "HTTP/1.1 403 Forbidden"
2026-05-05 20:10:25,391 [INFO] httpx: HTTP Request: GET http://testserver/api/finance/summary "HTTP/1.1 403 Forbidden"
2026-05-05 20:10:25,414 [INFO] banikos-api: User logged in: owner (Role: Admin)
2026-05-05 20:10:25,415 [INFO] httpx: HTTP Request: POST http://testserver/api/auth/login "HTTP/1.1 200 OK"
2026-05-05 20:10:25,427 [INFO] httpx: HTTP Request: POST http://testserver/api/internal-threads "HTTP/1.1 201 Created"
2026-05-05 20:10:25,437 [INFO] httpx: HTTP Request: GET http://testserver/api/internal-threads?status=Open "HTTP/1.1 200 OK"
2026-05-05 20:10:25,456 [INFO] httpx: HTTP Request: PATCH http://testserver/api/internal-threads/1 "HTTP/1.1 200 OK"
2026-05-05 20:10:25,464 [INFO] httpx: HTTP Request: POST http://testserver/api/internal-threads/1/messages "HTTP/1.1 200 OK"
2026-05-05 20:10:25,494 [INFO] banikos-api: User logged in: owner (Role: Admin)
2026-05-05 20:10:25,495 [INFO] httpx: HTTP Request: POST http://testserver/api/auth/login "HTTP/1.1 200 OK"
2026-05-05 20:10:25,514 [INFO] httpx: HTTP Request: POST http://testserver/api/tasks "HTTP/1.1 201 Created"
2026-05-05 20:10:25,518 [INFO] httpx: HTTP Request: GET http://testserver/api/tasks?status=Open "HTTP/1.1 200 OK"
2026-05-05 20:10:25,530 [INFO] httpx: HTTP Request: PATCH http://testserver/api/tasks/1 "HTTP/1.1 200 OK"
2026-05-05 20:10:25,552 [INFO] banikos-api: User logged in: owner (Role: Admin)
2026-05-05 20:10:25,552 [INFO] httpx: HTTP Request: POST http://testserver/api/auth/login "HTTP/1.1 200 OK"
2026-05-05 20:10:25,556 [INFO] httpx: HTTP Request: POST http://testserver/api/admin/users "HTTP/1.1 200 OK"
2026-05-05 20:10:25,560 [INFO] httpx: HTTP Request: GET http://testserver/api/payroll/summary?month=2026-05 "HTTP/1.1 200 OK"
2026-05-05 20:10:25,568 [INFO] httpx: HTTP Request: POST http://testserver/api/payroll/cut "HTTP/1.1 201 Created"
2026-05-05 20:10:25,580 [INFO] httpx: HTTP Request: POST http://testserver/api/payroll/pay "HTTP/1.1 201 Created"
2026-05-05 20:10:25,583 [INFO] httpx: HTTP Request: POST http://testserver/api/payroll/pay "HTTP/1.1 400 Bad Request"
2026-05-05 20:10:25,586 [INFO] httpx: HTTP Request: GET http://testserver/api/payroll/summary?month=2026-05 "HTTP/1.1 200 OK"
2026-05-05 20:10:25,616 [INFO] banikos-api: User logged in: owner (Role: Admin)
2026-05-05 20:10:25,616 [INFO] httpx: HTTP Request: POST http://testserver/api/auth/login "HTTP/1.1 200 OK"
2026-05-05 20:10:25,619 [INFO] httpx: HTTP Request: GET http://testserver/api/finance/recurring-expenses "HTTP/1.1 200 OK"
2026-05-05 20:10:25,624 [INFO] httpx: HTTP Request: POST http://testserver/api/finance/recurring-expenses "HTTP/1.1 201 Created"
2026-05-05 20:10:25,629 [INFO] httpx: HTTP Request: PATCH http://testserver/api/finance/recurring-expenses/1 "HTTP/1.1 200 OK"
2026-05-05 20:10:25,644 [INFO] httpx: HTTP Request: POST http://testserver/api/finance/recurring-expenses/1/run?month=2026-05 "HTTP/1.1 201 Created"
2026-05-05 20:10:25,647 [INFO] httpx: HTTP Request: POST http://testserver/api/finance/recurring-expenses/1/run?month=2026-05 "HTTP/1.1 400 Bad Request"
2026-05-05 20:10:25,650 [INFO] httpx: HTTP Request: GET http://testserver/api/finance/recurring-expenses "HTTP/1.1 200 OK"
2026-05-05 20:10:54,839 [INFO] banikos-api: User logged in: owner (Role: Admin)
2026-05-05 20:10:54,841 [INFO] httpx: HTTP Request: POST http://testserver/api/auth/login "HTTP/1.1 200 OK"
2026-05-05 20:10:54,848 [INFO] banikos-api: Company settings updated
2026-05-05 20:10:54,849 [INFO] httpx: HTTP Request: PATCH http://testserver/api/settings/company "HTTP/1.1 200 OK"
2026-05-05 20:10:54,853 [INFO] httpx: HTTP Request: GET http://testserver/api/auth/staff "HTTP/1.1 200 OK"
2026-05-05 20:10:54,856 [INFO] httpx: HTTP Request: GET http://testserver/api/settings/company "HTTP/1.1 200 OK"
2026-05-05 20:10:54,872 [INFO] httpx: HTTP Request: GET http://testserver/api/customers "HTTP/1.1 200 OK"
2026-05-05 20:10:54,877 [INFO] httpx: HTTP Request: GET http://testserver/api/products "HTTP/1.1 200 OK"
2026-05-05 20:10:54,880 [INFO] httpx: HTTP Request: GET http://testserver/api/vendors "HTTP/1.1 200 OK"
2026-05-05 20:10:54,888 [INFO] httpx: HTTP Request: GET http://testserver/api/crm/leads "HTTP/1.1 200 OK"
2026-05-05 20:10:54,900 [INFO] httpx: HTTP Request: GET http://testserver/api/finance/summary "HTTP/1.1 200 OK"
2026-05-05 20:10:54,903 [INFO] httpx: HTTP Request: GET http://testserver/api/finance/chart-accounts "HTTP/1.1 200 OK"
2026-05-05 20:10:54,909 [INFO] httpx: HTTP Request: GET http://testserver/api/finance/ledger "HTTP/1.1 200 OK"
2026-05-05 20:10:54,913 [INFO] httpx: HTTP Request: GET http://testserver/api/finance/daily-summary "HTTP/1.1 200 OK"
2026-05-05 20:10:54,916 [INFO] httpx: HTTP Request: GET http://testserver/api/finance/recurring-expenses "HTTP/1.1 200 OK"
2026-05-05 20:10:54,922 [INFO] httpx: HTTP Request: GET http://testserver/api/ml/features/customers "HTTP/1.1 200 OK"
2026-05-05 20:10:54,927 [INFO] httpx: HTTP Request: GET http://testserver/api/ml/features/products "HTTP/1.1 200 OK"
2026-05-05 20:10:54,931 [INFO] httpx: HTTP Request: GET http://testserver/api/ml/recommendations "HTTP/1.1 200 OK"
2026-05-05 20:10:54,950 [INFO] httpx: HTTP Request: OPTIONS http://testserver/api/health "HTTP/1.1 200 OK"
2026-05-05 20:10:54,969 [INFO] banikos-api: User logged in: owner (Role: Admin)
2026-05-05 20:10:54,970 [INFO] httpx: HTTP Request: POST http://testserver/api/auth/login "HTTP/1.1 200 OK"
2026-05-05 20:10:54,982 [INFO] httpx: HTTP Request: POST http://testserver/api/customers "HTTP/1.1 201 Created"
2026-05-05 20:10:54,987 [INFO] httpx: HTTP Request: POST http://testserver/api/products "HTTP/1.1 201 Created"
2026-05-05 20:10:55,082 [INFO] banikos-api: Sale created: INV-20260505-0004 | Total: 20.0 | User: owner
2026-05-05 20:10:55,090 [INFO] httpx: HTTP Request: POST http://testserver/api/pos/sale "HTTP/1.1 200 OK"
2026-05-05 20:10:55,096 [INFO] httpx: HTTP Request: GET http://testserver/api/customers/5/due-payments "HTTP/1.1 200 OK"
2026-05-05 20:10:55,107 [INFO] httpx: HTTP Request: POST http://testserver/api/customers/5/due-payments "HTTP/1.1 201 Created"
2026-05-05 20:10:55,110 [INFO] httpx: HTTP Request: POST http://testserver/api/customers/5/due-payments "HTTP/1.1 400 Bad Request"
2026-05-05 20:10:55,113 [INFO] httpx: HTTP Request: GET http://testserver/api/customers/5/due-payments "HTTP/1.1 200 OK"
2026-05-05 20:10:55,134 [INFO] banikos-api: User logged in: owner (Role: Admin)
2026-05-05 20:10:55,135 [INFO] httpx: HTTP Request: POST http://testserver/api/auth/login "HTTP/1.1 200 OK"
2026-05-05 20:10:55,139 [INFO] httpx: HTTP Request: POST http://testserver/api/products "HTTP/1.1 201 Created"
2026-05-05 20:10:55,144 [INFO] httpx: HTTP Request: PATCH http://testserver/api/products/12/stock "HTTP/1.1 200 OK"
2026-05-05 20:10:55,147 [INFO] httpx: HTTP Request: PATCH http://testserver/api/products/12/stock "HTTP/1.1 400 Bad Request"
2026-05-05 20:10:55,153 [INFO] httpx: HTTP Request: POST http://testserver/api/admin/damages?product_id=12&quantity=4&reason=smoke "HTTP/1.1 200 OK"
2026-05-05 20:10:55,156 [INFO] httpx: HTTP Request: POST http://testserver/api/admin/damages?product_id=12&quantity=1&reason=smoke "HTTP/1.1 400 Bad Request"
2026-05-05 20:10:55,159 [INFO] httpx: HTTP Request: GET http://testserver/api/products?q=SMOKE-ERP-STOCK-001 "HTTP/1.1 200 OK"
2026-05-05 20:10:55,182 [INFO] banikos-api: User logged in: owner (Role: Admin)
2026-05-05 20:10:55,183 [INFO] httpx: HTTP Request: POST http://testserver/api/auth/login "HTTP/1.1 200 OK"
2026-05-05 20:10:55,186 [INFO] httpx: HTTP Request: POST http://testserver/api/products "HTTP/1.1 201 Created"
2026-05-05 20:10:55,191 [INFO] httpx: HTTP Request: POST http://testserver/api/vendors "HTTP/1.1 200 OK"
2026-05-05 20:10:55,203 [INFO] httpx: HTTP Request: POST http://testserver/api/purchases "HTTP/1.1 200 OK"
2026-05-05 20:10:55,215 [INFO] httpx: HTTP Request: POST http://testserver/api/purchases/return "HTTP/1.1 200 OK"
2026-05-05 20:10:55,222 [INFO] httpx: HTTP Request: POST http://testserver/api/vendors/1/pay "HTTP/1.1 200 OK"
2026-05-05 20:10:55,244 [INFO] banikos-api: User logged in: owner (Role: Admin)
2026-05-05 20:10:55,245 [INFO] httpx: HTTP Request: POST http://testserver/api/auth/login "HTTP/1.1 200 OK"
2026-05-05 20:10:55,249 [INFO] httpx: HTTP Request: POST http://testserver/api/admin/users "HTTP/1.1 200 OK"
2026-05-05 20:10:55,253 [INFO] httpx: HTTP Request: POST http://testserver/api/admin/users "HTTP/1.1 200 OK"
2026-05-05 20:10:55,257 [INFO] httpx: HTTP Request: POST http://testserver/api/admin/users "HTTP/1.1 200 OK"
2026-05-05 20:10:55,260 [INFO] httpx: HTTP Request: POST http://testserver/api/admin/users "HTTP/1.1 200 OK"
2026-05-05 20:10:55,263 [INFO] httpx: HTTP Request: POST http://testserver/api/admin/users "HTTP/1.1 200 OK"
2026-05-05 20:10:55,266 [INFO] httpx: HTTP Request: POST http://testserver/api/admin/users "HTTP/1.1 200 OK"
2026-05-05 20:10:55,268 [INFO] banikos-api: User logged in: ceo-rbac-smoke (Role: CEO)
2026-05-05 20:10:55,268 [INFO] httpx: HTTP Request: POST http://testserver/api/auth/login "HTTP/1.1 200 OK"
2026-05-05 20:10:55,269 [INFO] banikos-api: User logged in: coo-rbac-smoke (Role: COO)
2026-05-05 20:10:55,270 [INFO] httpx: HTTP Request: POST http://testserver/api/auth/login "HTTP/1.1 200 OK"
2026-05-05 20:10:55,272 [INFO] banikos-api: User logged in: cmo-rbac-smoke (Role: CMO)
2026-05-05 20:10:55,273 [INFO] httpx: HTTP Request: POST http://testserver/api/auth/login "HTTP/1.1 200 OK"
2026-05-05 20:10:55,274 [INFO] banikos-api: User logged in: cfo-rbac-smoke (Role: CFO)
2026-05-05 20:10:55,274 [INFO] httpx: HTTP Request: POST http://testserver/api/auth/login "HTTP/1.1 200 OK"
2026-05-05 20:10:55,275 [INFO] banikos-api: User logged in: social-rbac-smoke (Role: SocialAgent)
2026-05-05 20:10:55,276 [INFO] httpx: HTTP Request: POST http://testserver/api/auth/login "HTTP/1.1 200 OK"
2026-05-05 20:10:55,277 [INFO] banikos-api: User logged in: production-rbac-smoke (Role: ProductionWorker)
2026-05-05 20:10:55,278 [INFO] httpx: HTTP Request: POST http://testserver/api/auth/login "HTTP/1.1 200 OK"
2026-05-05 20:10:55,281 [INFO] httpx: HTTP Request: GET http://testserver/api/admin/users "HTTP/1.1 200 OK"
2026-05-05 20:10:55,284 [INFO] httpx: HTTP Request: GET http://testserver/api/finance/summary "HTTP/1.1 200 OK"
2026-05-05 20:10:55,288 [INFO] httpx: HTTP Request: GET http://testserver/api/ml/recommendations "HTTP/1.1 200 OK"
2026-05-05 20:10:55,297 [INFO] httpx: HTTP Request: GET http://testserver/api/tasks "HTTP/1.1 200 OK"
2026-05-05 20:10:55,303 [INFO] httpx: HTTP Request: GET http://testserver/api/dashboard/kpi "HTTP/1.1 200 OK"
2026-05-05 20:10:55,312 [INFO] httpx: HTTP Request: GET http://testserver/api/crm/orders "HTTP/1.1 200 OK"
2026-05-05 20:10:55,315 [INFO] httpx: HTTP Request: GET http://testserver/api/vendors "HTTP/1.1 200 OK"
2026-05-05 20:10:55,318 [INFO] httpx: HTTP Request: GET http://testserver/api/finance/summary "HTTP/1.1 200 OK"
2026-05-05 20:10:55,321 [INFO] httpx: HTTP Request: GET http://testserver/api/tasks "HTTP/1.1 200 OK"
2026-05-05 20:10:55,324 [INFO] httpx: HTTP Request: GET http://testserver/api/auth/staff "HTTP/1.1 200 OK"
2026-05-05 20:10:55,334 [INFO] httpx: HTTP Request: GET http://testserver/api/customers "HTTP/1.1 200 OK"
2026-05-05 20:10:55,336 [INFO] httpx: HTTP Request: GET http://testserver/api/crm/leads "HTTP/1.1 200 OK"
2026-05-05 20:10:55,344 [INFO] httpx: HTTP Request: GET http://testserver/api/tasks "HTTP/1.1 200 OK"
2026-05-05 20:10:55,348 [INFO] httpx: HTTP Request: GET http://testserver/api/ml/recommendations "HTTP/1.1 200 OK"
2026-05-05 20:10:55,350 [INFO] httpx: HTTP Request: GET http://testserver/api/auth/staff "HTTP/1.1 200 OK"
2026-05-05 20:10:55,352 [INFO] httpx: HTTP Request: GET http://testserver/api/finance/summary "HTTP/1.1 403 Forbidden"
2026-05-05 20:10:55,353 [INFO] httpx: HTTP Request: GET http://testserver/api/crm/orders "HTTP/1.1 403 Forbidden"
2026-05-05 20:10:55,355 [INFO] httpx: HTTP Request: GET http://testserver/api/admin/users "HTTP/1.1 403 Forbidden"
2026-05-05 20:10:55,359 [INFO] httpx: HTTP Request: GET http://testserver/api/finance/summary "HTTP/1.1 200 OK"
2026-05-05 20:10:55,361 [INFO] httpx: HTTP Request: GET http://testserver/api/finance/ledger "HTTP/1.1 200 OK"
2026-05-05 20:10:55,371 [INFO] httpx: HTTP Request: GET http://testserver/api/accounting/journals "HTTP/1.1 200 OK"
2026-05-05 20:10:55,374 [INFO] httpx: HTTP Request: GET http://testserver/api/tasks "HTTP/1.1 200 OK"
2026-05-05 20:10:55,382 [INFO] httpx: HTTP Request: POST http://testserver/api/finance/entry "HTTP/1.1 201 Created"
2026-05-05 20:10:55,384 [INFO] httpx: HTTP Request: GET http://testserver/api/customers "HTTP/1.1 403 Forbidden"
2026-05-05 20:10:55,385 [INFO] httpx: HTTP Request: GET http://testserver/api/crm/leads "HTTP/1.1 403 Forbidden"
2026-05-05 20:10:55,387 [INFO] httpx: HTTP Request: GET http://testserver/api/admin/users "HTTP/1.1 403 Forbidden"
2026-05-05 20:10:55,397 [INFO] httpx: HTTP Request: GET http://testserver/api/customers "HTTP/1.1 200 OK"
2026-05-05 20:10:55,404 [INFO] httpx: HTTP Request: GET http://testserver/api/crm/leads "HTTP/1.1 200 OK"
2026-05-05 20:10:55,408 [INFO] httpx: HTTP Request: GET http://testserver/api/tasks "HTTP/1.1 200 OK"
2026-05-05 20:10:55,409 [INFO] httpx: HTTP Request: GET http://testserver/api/products "HTTP/1.1 403 Forbidden"
2026-05-05 20:10:55,411 [INFO] httpx: HTTP Request: GET http://testserver/api/crm/orders "HTTP/1.1 403 Forbidden"
2026-05-05 20:10:55,413 [INFO] httpx: HTTP Request: GET http://testserver/api/finance/summary "HTTP/1.1 403 Forbidden"
2026-05-05 20:10:55,419 [INFO] httpx: HTTP Request: GET http://testserver/api/products "HTTP/1.1 200 OK"
2026-05-05 20:10:55,422 [INFO] httpx: HTTP Request: GET http://testserver/api/tasks "HTTP/1.1 200 OK"
2026-05-05 20:10:55,424 [INFO] httpx: HTTP Request: GET http://testserver/api/customers "HTTP/1.1 403 Forbidden"
2026-05-05 20:10:55,426 [INFO] httpx: HTTP Request: GET http://testserver/api/crm/leads "HTTP/1.1 403 Forbidden"
2026-05-05 20:10:55,427 [INFO] httpx: HTTP Request: GET http://testserver/api/crm/orders "HTTP/1.1 403 Forbidden"
2026-05-05 20:10:55,429 [INFO] httpx: HTTP Request: GET http://testserver/api/finance/summary "HTTP/1.1 403 Forbidden"
2026-05-05 20:10:55,451 [INFO] banikos-api: User logged in: owner (Role: Admin)
2026-05-05 20:10:55,452 [INFO] httpx: HTTP Request: POST http://testserver/api/auth/login "HTTP/1.1 200 OK"
2026-05-05 20:10:55,455 [INFO] httpx: HTTP Request: POST http://testserver/api/admin/users "HTTP/1.1 200 OK"
2026-05-05 20:10:55,459 [INFO] httpx: HTTP Request: POST http://testserver/api/admin/users "HTTP/1.1 200 OK"
2026-05-05 20:10:55,463 [INFO] httpx: HTTP Request: POST http://testserver/api/admin/users "HTTP/1.1 200 OK"
2026-05-05 20:10:55,464 [INFO] banikos-api: User logged in: cashier-rbac-smoke (Role: Cashier)
2026-05-05 20:10:55,464 [INFO] httpx: HTTP Request: POST http://testserver/api/auth/login "HTTP/1.1 200 OK"
2026-05-05 20:10:55,465 [INFO] banikos-api: User logged in: sales-rbac-smoke (Role: Salesman)
2026-05-05 20:10:55,466 [INFO] httpx: HTTP Request: POST http://testserver/api/auth/login "HTTP/1.1 200 OK"
2026-05-05 20:10:55,467 [INFO] banikos-api: User logged in: packaging-rbac-smoke (Role: Packaging)
2026-05-05 20:10:55,468 [INFO] httpx: HTTP Request: POST http://testserver/api/auth/login "HTTP/1.1 200 OK"
2026-05-05 20:10:55,470 [INFO] httpx: HTTP Request: GET http://testserver/api/products "HTTP/1.1 200 OK"
2026-05-05 20:10:55,480 [INFO] httpx: HTTP Request: GET http://testserver/api/customers "HTTP/1.1 200 OK"
2026-05-05 20:10:55,485 [INFO] httpx: HTTP Request: GET http://testserver/api/shifts/active "HTTP/1.1 200 OK"
2026-05-05 20:10:55,489 [INFO] httpx: HTTP Request: GET http://testserver/api/auth/staff "HTTP/1.1 200 OK"
2026-05-05 20:10:55,490 [INFO] httpx: HTTP Request: GET http://testserver/api/crm/leads "HTTP/1.1 403 Forbidden"
2026-05-05 20:10:55,492 [INFO] httpx: HTTP Request: GET http://testserver/api/crm/orders "HTTP/1.1 403 Forbidden"
2026-05-05 20:10:55,494 [INFO] httpx: HTTP Request: GET http://testserver/api/tasks "HTTP/1.1 403 Forbidden"
2026-05-05 20:10:55,495 [INFO] httpx: HTTP Request: GET http://testserver/api/finance/summary "HTTP/1.1 403 Forbidden"
2026-05-05 20:10:55,497 [INFO] httpx: HTTP Request: GET http://testserver/api/pos/sales "HTTP/1.1 403 Forbidden"
2026-05-05 20:10:55,499 [INFO] httpx: HTTP Request: GET http://testserver/api/auth/staff "HTTP/1.1 200 OK"
2026-05-05 20:10:55,502 [INFO] httpx: HTTP Request: GET http://testserver/api/products "HTTP/1.1 200 OK"
2026-05-05 20:10:55,513 [INFO] httpx: HTTP Request: GET http://testserver/api/customers "HTTP/1.1 200 OK"
2026-05-05 20:10:55,516 [INFO] httpx: HTTP Request: GET http://testserver/api/crm/leads "HTTP/1.1 200 OK"
2026-05-05 20:10:55,523 [INFO] httpx: HTTP Request: GET http://testserver/api/crm/orders "HTTP/1.1 200 OK"
2026-05-05 20:10:55,526 [INFO] httpx: HTTP Request: GET http://testserver/api/tasks "HTTP/1.1 200 OK"
2026-05-05 20:10:55,527 [INFO] httpx: HTTP Request: GET http://testserver/api/finance/summary "HTTP/1.1 403 Forbidden"
2026-05-05 20:10:55,529 [INFO] httpx: HTTP Request: GET http://testserver/api/vendors "HTTP/1.1 403 Forbidden"
2026-05-05 20:10:55,531 [INFO] httpx: HTTP Request: GET http://testserver/api/pos/sales "HTTP/1.1 403 Forbidden"
2026-05-05 20:10:55,533 [INFO] httpx: HTTP Request: GET http://testserver/api/products "HTTP/1.1 200 OK"
2026-05-05 20:10:55,535 [INFO] httpx: HTTP Request: GET http://testserver/api/tasks "HTTP/1.1 200 OK"
2026-05-05 20:10:55,537 [INFO] httpx: HTTP Request: GET http://testserver/api/customers "HTTP/1.1 403 Forbidden"
2026-05-05 20:10:55,539 [INFO] httpx: HTTP Request: GET http://testserver/api/crm/leads "HTTP/1.1 403 Forbidden"
2026-05-05 20:10:55,541 [INFO] httpx: HTTP Request: GET http://testserver/api/crm/orders "HTTP/1.1 403 Forbidden"
2026-05-05 20:10:55,543 [INFO] httpx: HTTP Request: GET http://testserver/api/finance/summary "HTTP/1.1 403 Forbidden"
2026-05-05 20:10:55,565 [INFO] banikos-api: User logged in: owner (Role: Admin)
2026-05-05 20:10:55,566 [INFO] httpx: HTTP Request: POST http://testserver/api/auth/login "HTTP/1.1 200 OK"
2026-05-05 20:10:55,579 [INFO] httpx: HTTP Request: POST http://testserver/api/internal-threads "HTTP/1.1 201 Created"
2026-05-05 20:10:55,590 [INFO] httpx: HTTP Request: GET http://testserver/api/internal-threads?status=Open "HTTP/1.1 200 OK"
2026-05-05 20:10:55,601 [INFO] httpx: HTTP Request: PATCH http://testserver/api/internal-threads/1 "HTTP/1.1 200 OK"
2026-05-05 20:10:55,608 [INFO] httpx: HTTP Request: POST http://testserver/api/internal-threads/1/messages "HTTP/1.1 200 OK"
2026-05-05 20:10:55,631 [INFO] banikos-api: User logged in: owner (Role: Admin)
2026-05-05 20:10:55,632 [INFO] httpx: HTTP Request: POST http://testserver/api/auth/login "HTTP/1.1 200 OK"
2026-05-05 20:10:55,651 [INFO] httpx: HTTP Request: POST http://testserver/api/tasks "HTTP/1.1 201 Created"
2026-05-05 20:10:55,654 [INFO] httpx: HTTP Request: GET http://testserver/api/tasks?status=Open "HTTP/1.1 200 OK"
2026-05-05 20:10:55,666 [INFO] httpx: HTTP Request: PATCH http://testserver/api/tasks/1 "HTTP/1.1 200 OK"
2026-05-05 20:10:55,689 [INFO] banikos-api: User logged in: owner (Role: Admin)
2026-05-05 20:10:55,690 [INFO] httpx: HTTP Request: POST http://testserver/api/auth/login "HTTP/1.1 200 OK"
2026-05-05 20:10:55,694 [INFO] httpx: HTTP Request: POST http://testserver/api/admin/users "HTTP/1.1 200 OK"
2026-05-05 20:10:55,697 [INFO] httpx: HTTP Request: GET http://testserver/api/payroll/summary?month=2026-05 "HTTP/1.1 200 OK"
2026-05-05 20:10:55,706 [INFO] httpx: HTTP Request: POST http://testserver/api/payroll/cut "HTTP/1.1 201 Created"
2026-05-05 20:10:55,718 [INFO] httpx: HTTP Request: POST http://testserver/api/payroll/pay "HTTP/1.1 201 Created"
2026-05-05 20:10:55,722 [INFO] httpx: HTTP Request: POST http://testserver/api/payroll/pay "HTTP/1.1 400 Bad Request"
2026-05-05 20:10:55,725 [INFO] httpx: HTTP Request: GET http://testserver/api/payroll/summary?month=2026-05 "HTTP/1.1 200 OK"
2026-05-05 20:10:55,752 [INFO] banikos-api: User logged in: owner (Role: Admin)
2026-05-05 20:10:55,753 [INFO] httpx: HTTP Request: POST http://testserver/api/auth/login "HTTP/1.1 200 OK"
2026-05-05 20:10:55,755 [INFO] httpx: HTTP Request: GET http://testserver/api/finance/recurring-expenses "HTTP/1.1 200 OK"
2026-05-05 20:10:55,761 [INFO] httpx: HTTP Request: POST http://testserver/api/finance/recurring-expenses "HTTP/1.1 201 Created"
2026-05-05 20:10:55,766 [INFO] httpx: HTTP Request: PATCH http://testserver/api/finance/recurring-expenses/1 "HTTP/1.1 200 OK"
2026-05-05 20:10:55,782 [INFO] httpx: HTTP Request: POST http://testserver/api/finance/recurring-expenses/1/run?month=2026-05 "HTTP/1.1 201 Created"
2026-05-05 20:10:55,785 [INFO] httpx: HTTP Request: POST http://testserver/api/finance/recurring-expenses/1/run?month=2026-05 "HTTP/1.1 400 Bad Request"
2026-05-05 20:10:55,787 [INFO] httpx: HTTP Request: GET http://testserver/api/finance/recurring-expenses "HTTP/1.1 200 OK"
2026-05-05 20:11:18,812 [INFO] banikos-api: User logged in: owner (Role: Admin)
2026-05-05 20:11:18,813 [INFO] httpx: HTTP Request: POST http://testserver/api/auth/login "HTTP/1.1 200 OK"
2026-05-05 20:11:18,821 [INFO] banikos-api: Company settings updated
2026-05-05 20:11:18,822 [INFO] httpx: HTTP Request: PATCH http://testserver/api/settings/company "HTTP/1.1 200 OK"
2026-05-05 20:11:18,827 [INFO] httpx: HTTP Request: GET http://testserver/api/auth/staff "HTTP/1.1 200 OK"
2026-05-05 20:11:18,831 [INFO] httpx: HTTP Request: GET http://testserver/api/settings/company "HTTP/1.1 200 OK"
2026-05-05 20:11:18,891 [INFO] httpx: HTTP Request: GET http://testserver/api/customers "HTTP/1.1 200 OK"
2026-05-05 20:11:18,904 [INFO] httpx: HTTP Request: GET http://testserver/api/products "HTTP/1.1 200 OK"
2026-05-05 20:11:18,916 [INFO] httpx: HTTP Request: GET http://testserver/api/vendors "HTTP/1.1 200 OK"
2026-05-05 20:11:18,933 [INFO] httpx: HTTP Request: GET http://testserver/api/crm/leads "HTTP/1.1 200 OK"
2026-05-05 20:11:18,949 [INFO] httpx: HTTP Request: GET http://testserver/api/finance/summary "HTTP/1.1 200 OK"
2026-05-05 20:11:18,952 [INFO] httpx: HTTP Request: GET http://testserver/api/finance/chart-accounts "HTTP/1.1 200 OK"
2026-05-05 20:11:18,957 [INFO] httpx: HTTP Request: GET http://testserver/api/finance/ledger "HTTP/1.1 200 OK"
2026-05-05 20:11:18,961 [INFO] httpx: HTTP Request: GET http://testserver/api/finance/daily-summary "HTTP/1.1 200 OK"
2026-05-05 20:11:18,968 [INFO] httpx: HTTP Request: GET http://testserver/api/finance/recurring-expenses "HTTP/1.1 200 OK"
2026-05-05 20:11:18,986 [INFO] httpx: HTTP Request: GET http://testserver/api/ml/features/customers "HTTP/1.1 200 OK"
2026-05-05 20:11:18,994 [INFO] httpx: HTTP Request: GET http://testserver/api/ml/features/products "HTTP/1.1 200 OK"
2026-05-05 20:11:19,001 [INFO] httpx: HTTP Request: GET http://testserver/api/ml/recommendations "HTTP/1.1 200 OK"
2026-05-05 20:11:19,021 [INFO] httpx: HTTP Request: OPTIONS http://testserver/api/health "HTTP/1.1 200 OK"
2026-05-05 20:11:19,042 [INFO] banikos-api: User logged in: owner (Role: Admin)
2026-05-05 20:11:19,042 [INFO] httpx: HTTP Request: POST http://testserver/api/auth/login "HTTP/1.1 200 OK"
2026-05-05 20:11:19,051 [INFO] httpx: HTTP Request: POST http://testserver/api/customers "HTTP/1.1 201 Created"
2026-05-05 20:11:19,147 [INFO] httpx: HTTP Request: POST http://testserver/api/products "HTTP/1.1 201 Created"
2026-05-05 20:11:19,165 [INFO] banikos-api: Sale created: INV-20260505-0004 | Total: 20.0 | User: owner
2026-05-05 20:11:19,173 [INFO] httpx: HTTP Request: POST http://testserver/api/pos/sale "HTTP/1.1 200 OK"
2026-05-05 20:11:19,179 [INFO] httpx: HTTP Request: GET http://testserver/api/customers/5/due-payments "HTTP/1.1 200 OK"
2026-05-05 20:11:19,190 [INFO] httpx: HTTP Request: POST http://testserver/api/customers/5/due-payments "HTTP/1.1 201 Created"
2026-05-05 20:11:19,192 [INFO] httpx: HTTP Request: POST http://testserver/api/customers/5/due-payments "HTTP/1.1 400 Bad Request"
2026-05-05 20:11:19,195 [INFO] httpx: HTTP Request: GET http://testserver/api/customers/5/due-payments "HTTP/1.1 200 OK"
2026-05-05 20:11:19,218 [INFO] banikos-api: User logged in: owner (Role: Admin)
2026-05-05 20:11:19,218 [INFO] httpx: HTTP Request: POST http://testserver/api/auth/login "HTTP/1.1 200 OK"
2026-05-05 20:11:19,221 [INFO] httpx: HTTP Request: POST http://testserver/api/products "HTTP/1.1 201 Created"
2026-05-05 20:11:19,225 [INFO] httpx: HTTP Request: PATCH http://testserver/api/products/12/stock "HTTP/1.1 200 OK"
2026-05-05 20:11:19,228 [INFO] httpx: HTTP Request: PATCH http://testserver/api/products/12/stock "HTTP/1.1 400 Bad Request"
2026-05-05 20:11:19,236 [INFO] httpx: HTTP Request: POST http://testserver/api/admin/damages?product_id=12&quantity=4&reason=smoke "HTTP/1.1 200 OK"
2026-05-05 20:11:19,239 [INFO] httpx: HTTP Request: POST http://testserver/api/admin/damages?product_id=12&quantity=1&reason=smoke "HTTP/1.1 400 Bad Request"
2026-05-05 20:11:19,242 [INFO] httpx: HTTP Request: GET http://testserver/api/products?q=SMOKE-ERP-STOCK-001 "HTTP/1.1 200 OK"
2026-05-05 20:11:19,266 [INFO] banikos-api: User logged in: owner (Role: Admin)
2026-05-05 20:11:19,267 [INFO] httpx: HTTP Request: POST http://testserver/api/auth/login "HTTP/1.1 200 OK"
2026-05-05 20:11:19,270 [INFO] httpx: HTTP Request: POST http://testserver/api/products "HTTP/1.1 201 Created"
2026-05-05 20:11:19,274 [INFO] httpx: HTTP Request: POST http://testserver/api/vendors "HTTP/1.1 200 OK"
2026-05-05 20:11:19,286 [INFO] httpx: HTTP Request: POST http://testserver/api/purchases "HTTP/1.1 200 OK"
2026-05-05 20:11:19,298 [INFO] httpx: HTTP Request: POST http://testserver/api/purchases/return "HTTP/1.1 200 OK"
2026-05-05 20:11:19,306 [INFO] httpx: HTTP Request: POST http://testserver/api/vendors/1/pay "HTTP/1.1 200 OK"
2026-05-05 20:11:19,328 [INFO] banikos-api: User logged in: owner (Role: Admin)
2026-05-05 20:11:19,329 [INFO] httpx: HTTP Request: POST http://testserver/api/auth/login "HTTP/1.1 200 OK"
2026-05-05 20:11:19,334 [INFO] httpx: HTTP Request: POST http://testserver/api/admin/users "HTTP/1.1 200 OK"
2026-05-05 20:11:19,338 [INFO] httpx: HTTP Request: POST http://testserver/api/admin/users "HTTP/1.1 200 OK"
2026-05-05 20:11:19,341 [INFO] httpx: HTTP Request: POST http://testserver/api/admin/users "HTTP/1.1 200 OK"
2026-05-05 20:11:19,344 [INFO] httpx: HTTP Request: POST http://testserver/api/admin/users "HTTP/1.1 200 OK"
2026-05-05 20:11:19,347 [INFO] httpx: HTTP Request: POST http://testserver/api/admin/users "HTTP/1.1 200 OK"
2026-05-05 20:11:19,350 [INFO] httpx: HTTP Request: POST http://testserver/api/admin/users "HTTP/1.1 200 OK"
2026-05-05 20:11:19,351 [INFO] banikos-api: User logged in: ceo-rbac-smoke (Role: CEO)
2026-05-05 20:11:19,352 [INFO] httpx: HTTP Request: POST http://testserver/api/auth/login "HTTP/1.1 200 OK"
2026-05-05 20:11:19,353 [INFO] banikos-api: User logged in: coo-rbac-smoke (Role: COO)
2026-05-05 20:11:19,354 [INFO] httpx: HTTP Request: POST http://testserver/api/auth/login "HTTP/1.1 200 OK"
2026-05-05 20:11:19,355 [INFO] banikos-api: User logged in: cmo-rbac-smoke (Role: CMO)
2026-05-05 20:11:19,356 [INFO] httpx: HTTP Request: POST http://testserver/api/auth/login "HTTP/1.1 200 OK"
2026-05-05 20:11:19,357 [INFO] banikos-api: User logged in: cfo-rbac-smoke (Role: CFO)
2026-05-05 20:11:19,358 [INFO] httpx: HTTP Request: POST http://testserver/api/auth/login "HTTP/1.1 200 OK"
2026-05-05 20:11:19,360 [INFO] banikos-api: User logged in: social-rbac-smoke (Role: SocialAgent)
2026-05-05 20:11:19,360 [INFO] httpx: HTTP Request: POST http://testserver/api/auth/login "HTTP/1.1 200 OK"
2026-05-05 20:11:19,362 [INFO] banikos-api: User logged in: production-rbac-smoke (Role: ProductionWorker)
2026-05-05 20:11:19,362 [INFO] httpx: HTTP Request: POST http://testserver/api/auth/login "HTTP/1.1 200 OK"
2026-05-05 20:11:19,366 [INFO] httpx: HTTP Request: GET http://testserver/api/admin/users "HTTP/1.1 200 OK"
2026-05-05 20:11:19,369 [INFO] httpx: HTTP Request: GET http://testserver/api/finance/summary "HTTP/1.1 200 OK"
2026-05-05 20:11:19,373 [INFO] httpx: HTTP Request: GET http://testserver/api/ml/recommendations "HTTP/1.1 200 OK"
2026-05-05 20:11:19,383 [INFO] httpx: HTTP Request: GET http://testserver/api/tasks "HTTP/1.1 200 OK"
2026-05-05 20:11:19,391 [INFO] httpx: HTTP Request: GET http://testserver/api/dashboard/kpi "HTTP/1.1 200 OK"
2026-05-05 20:11:19,399 [INFO] httpx: HTTP Request: GET http://testserver/api/crm/orders "HTTP/1.1 200 OK"
2026-05-05 20:11:19,401 [INFO] httpx: HTTP Request: GET http://testserver/api/vendors "HTTP/1.1 200 OK"
2026-05-05 20:11:19,405 [INFO] httpx: HTTP Request: GET http://testserver/api/finance/summary "HTTP/1.1 200 OK"
2026-05-05 20:11:19,408 [INFO] httpx: HTTP Request: GET http://testserver/api/tasks "HTTP/1.1 200 OK"
2026-05-05 20:11:19,410 [INFO] httpx: HTTP Request: GET http://testserver/api/auth/staff "HTTP/1.1 200 OK"
2026-05-05 20:11:19,421 [INFO] httpx: HTTP Request: GET http://testserver/api/customers "HTTP/1.1 200 OK"
2026-05-05 20:11:19,424 [INFO] httpx: HTTP Request: GET http://testserver/api/crm/leads "HTTP/1.1 200 OK"
2026-05-05 20:11:19,430 [INFO] httpx: HTTP Request: GET http://testserver/api/tasks "HTTP/1.1 200 OK"
2026-05-05 20:11:19,435 [INFO] httpx: HTTP Request: GET http://testserver/api/ml/recommendations "HTTP/1.1 200 OK"
2026-05-05 20:11:19,438 [INFO] httpx: HTTP Request: GET http://testserver/api/auth/staff "HTTP/1.1 200 OK"
2026-05-05 20:11:19,439 [INFO] httpx: HTTP Request: GET http://testserver/api/finance/summary "HTTP/1.1 403 Forbidden"
2026-05-05 20:11:19,441 [INFO] httpx: HTTP Request: GET http://testserver/api/crm/orders "HTTP/1.1 403 Forbidden"
2026-05-05 20:11:19,443 [INFO] httpx: HTTP Request: GET http://testserver/api/admin/users "HTTP/1.1 403 Forbidden"
2026-05-05 20:11:19,446 [INFO] httpx: HTTP Request: GET http://testserver/api/finance/summary "HTTP/1.1 200 OK"
2026-05-05 20:11:19,450 [INFO] httpx: HTTP Request: GET http://testserver/api/finance/ledger "HTTP/1.1 200 OK"
2026-05-05 20:11:19,459 [INFO] httpx: HTTP Request: GET http://testserver/api/accounting/journals "HTTP/1.1 200 OK"
2026-05-05 20:11:19,462 [INFO] httpx: HTTP Request: GET http://testserver/api/tasks "HTTP/1.1 200 OK"
2026-05-05 20:11:19,472 [INFO] httpx: HTTP Request: POST http://testserver/api/finance/entry "HTTP/1.1 201 Created"
2026-05-05 20:11:19,474 [INFO] httpx: HTTP Request: GET http://testserver/api/customers "HTTP/1.1 403 Forbidden"
2026-05-05 20:11:19,476 [INFO] httpx: HTTP Request: GET http://testserver/api/crm/leads "HTTP/1.1 403 Forbidden"
2026-05-05 20:11:19,477 [INFO] httpx: HTTP Request: GET http://testserver/api/admin/users "HTTP/1.1 403 Forbidden"
2026-05-05 20:11:19,488 [INFO] httpx: HTTP Request: GET http://testserver/api/customers "HTTP/1.1 200 OK"
2026-05-05 20:11:19,503 [INFO] httpx: HTTP Request: GET http://testserver/api/crm/leads "HTTP/1.1 200 OK"
2026-05-05 20:11:19,506 [INFO] httpx: HTTP Request: GET http://testserver/api/tasks "HTTP/1.1 200 OK"
2026-05-05 20:11:19,508 [INFO] httpx: HTTP Request: GET http://testserver/api/products "HTTP/1.1 403 Forbidden"
2026-05-05 20:11:19,509 [INFO] httpx: HTTP Request: GET http://testserver/api/crm/orders "HTTP/1.1 403 Forbidden"
2026-05-05 20:11:19,511 [INFO] httpx: HTTP Request: GET http://testserver/api/finance/summary "HTTP/1.1 403 Forbidden"
2026-05-05 20:11:19,514 [INFO] httpx: HTTP Request: GET http://testserver/api/products "HTTP/1.1 200 OK"
2026-05-05 20:11:19,517 [INFO] httpx: HTTP Request: GET http://testserver/api/tasks "HTTP/1.1 200 OK"
2026-05-05 20:11:19,519 [INFO] httpx: HTTP Request: GET http://testserver/api/customers "HTTP/1.1 403 Forbidden"
2026-05-05 20:11:19,521 [INFO] httpx: HTTP Request: GET http://testserver/api/crm/leads "HTTP/1.1 403 Forbidden"
2026-05-05 20:11:19,522 [INFO] httpx: HTTP Request: GET http://testserver/api/crm/orders "HTTP/1.1 403 Forbidden"
2026-05-05 20:11:19,524 [INFO] httpx: HTTP Request: GET http://testserver/api/finance/summary "HTTP/1.1 403 Forbidden"
2026-05-05 20:11:19,549 [INFO] banikos-api: User logged in: owner (Role: Admin)
2026-05-05 20:11:19,550 [INFO] httpx: HTTP Request: POST http://testserver/api/auth/login "HTTP/1.1 200 OK"
2026-05-05 20:11:19,554 [INFO] httpx: HTTP Request: POST http://testserver/api/admin/users "HTTP/1.1 200 OK"
2026-05-05 20:11:19,558 [INFO] httpx: HTTP Request: POST http://testserver/api/admin/users "HTTP/1.1 200 OK"
2026-05-05 20:11:19,562 [INFO] httpx: HTTP Request: POST http://testserver/api/admin/users "HTTP/1.1 200 OK"
2026-05-05 20:11:19,563 [INFO] banikos-api: User logged in: cashier-rbac-smoke (Role: Cashier)
2026-05-05 20:11:19,564 [INFO] httpx: HTTP Request: POST http://testserver/api/auth/login "HTTP/1.1 200 OK"
2026-05-05 20:11:19,565 [INFO] banikos-api: User logged in: sales-rbac-smoke (Role: Salesman)
2026-05-05 20:11:19,566 [INFO] httpx: HTTP Request: POST http://testserver/api/auth/login "HTTP/1.1 200 OK"
2026-05-05 20:11:19,567 [INFO] banikos-api: User logged in: packaging-rbac-smoke (Role: Packaging)
2026-05-05 20:11:19,568 [INFO] httpx: HTTP Request: POST http://testserver/api/auth/login "HTTP/1.1 200 OK"
2026-05-05 20:11:19,570 [INFO] httpx: HTTP Request: GET http://testserver/api/products "HTTP/1.1 200 OK"
2026-05-05 20:11:19,580 [INFO] httpx: HTTP Request: GET http://testserver/api/customers "HTTP/1.1 200 OK"
2026-05-05 20:11:19,586 [INFO] httpx: HTTP Request: GET http://testserver/api/shifts/active "HTTP/1.1 200 OK"
2026-05-05 20:11:19,589 [INFO] httpx: HTTP Request: GET http://testserver/api/auth/staff "HTTP/1.1 200 OK"
2026-05-05 20:11:19,591 [INFO] httpx: HTTP Request: GET http://testserver/api/crm/leads "HTTP/1.1 403 Forbidden"
2026-05-05 20:11:19,592 [INFO] httpx: HTTP Request: GET http://testserver/api/crm/orders "HTTP/1.1 403 Forbidden"
2026-05-05 20:11:19,594 [INFO] httpx: HTTP Request: GET http://testserver/api/tasks "HTTP/1.1 403 Forbidden"
2026-05-05 20:11:19,596 [INFO] httpx: HTTP Request: GET http://testserver/api/finance/summary "HTTP/1.1 403 Forbidden"
2026-05-05 20:11:19,598 [INFO] httpx: HTTP Request: GET http://testserver/api/pos/sales "HTTP/1.1 403 Forbidden"
2026-05-05 20:11:19,600 [INFO] httpx: HTTP Request: GET http://testserver/api/auth/staff "HTTP/1.1 200 OK"
2026-05-05 20:11:19,602 [INFO] httpx: HTTP Request: GET http://testserver/api/products "HTTP/1.1 200 OK"
2026-05-05 20:11:19,613 [INFO] httpx: HTTP Request: GET http://testserver/api/customers "HTTP/1.1 200 OK"
2026-05-05 20:11:19,617 [INFO] httpx: HTTP Request: GET http://testserver/api/crm/leads "HTTP/1.1 200 OK"
2026-05-05 20:11:19,627 [INFO] httpx: HTTP Request: GET http://testserver/api/crm/orders "HTTP/1.1 200 OK"
2026-05-05 20:11:19,632 [INFO] httpx: HTTP Request: GET http://testserver/api/tasks "HTTP/1.1 200 OK"
2026-05-05 20:11:19,635 [INFO] httpx: HTTP Request: GET http://testserver/api/finance/summary "HTTP/1.1 403 Forbidden"
2026-05-05 20:11:19,637 [INFO] httpx: HTTP Request: GET http://testserver/api/vendors "HTTP/1.1 403 Forbidden"
2026-05-05 20:11:19,639 [INFO] httpx: HTTP Request: GET http://testserver/api/pos/sales "HTTP/1.1 403 Forbidden"
2026-05-05 20:11:19,641 [INFO] httpx: HTTP Request: GET http://testserver/api/products "HTTP/1.1 200 OK"
2026-05-05 20:11:19,644 [INFO] httpx: HTTP Request: GET http://testserver/api/tasks "HTTP/1.1 200 OK"
2026-05-05 20:11:19,647 [INFO] httpx: HTTP Request: GET http://testserver/api/customers "HTTP/1.1 403 Forbidden"
2026-05-05 20:11:19,649 [INFO] httpx: HTTP Request: GET http://testserver/api/crm/leads "HTTP/1.1 403 Forbidden"
2026-05-05 20:11:19,651 [INFO] httpx: HTTP Request: GET http://testserver/api/crm/orders "HTTP/1.1 403 Forbidden"
2026-05-05 20:11:19,653 [INFO] httpx: HTTP Request: GET http://testserver/api/finance/summary "HTTP/1.1 403 Forbidden"
2026-05-05 20:11:19,676 [INFO] banikos-api: User logged in: owner (Role: Admin)
2026-05-05 20:11:19,677 [INFO] httpx: HTTP Request: POST http://testserver/api/auth/login "HTTP/1.1 200 OK"
2026-05-05 20:11:19,691 [INFO] httpx: HTTP Request: POST http://testserver/api/internal-threads "HTTP/1.1 201 Created"
2026-05-05 20:11:19,701 [INFO] httpx: HTTP Request: GET http://testserver/api/internal-threads?status=Open "HTTP/1.1 200 OK"
2026-05-05 20:11:19,712 [INFO] httpx: HTTP Request: PATCH http://testserver/api/internal-threads/1 "HTTP/1.1 200 OK"
2026-05-05 20:11:19,720 [INFO] httpx: HTTP Request: POST http://testserver/api/internal-threads/1/messages "HTTP/1.1 200 OK"
2026-05-05 20:11:19,757 [INFO] banikos-api: User logged in: owner (Role: Admin)
2026-05-05 20:11:19,758 [INFO] httpx: HTTP Request: POST http://testserver/api/auth/login "HTTP/1.1 200 OK"
2026-05-05 20:11:19,779 [INFO] httpx: HTTP Request: POST http://testserver/api/tasks "HTTP/1.1 201 Created"
2026-05-05 20:11:19,784 [INFO] httpx: HTTP Request: GET http://testserver/api/tasks?status=Open "HTTP/1.1 200 OK"
2026-05-05 20:11:19,806 [INFO] httpx: HTTP Request: PATCH http://testserver/api/tasks/1 "HTTP/1.1 200 OK"
2026-05-05 20:11:19,840 [INFO] banikos-api: User logged in: owner (Role: Admin)
2026-05-05 20:11:19,841 [INFO] httpx: HTTP Request: POST http://testserver/api/auth/login "HTTP/1.1 200 OK"
2026-05-05 20:11:19,846 [INFO] httpx: HTTP Request: POST http://testserver/api/admin/users "HTTP/1.1 200 OK"
2026-05-05 20:11:19,851 [INFO] httpx: HTTP Request: GET http://testserver/api/payroll/summary?month=2026-05 "HTTP/1.1 200 OK"
2026-05-05 20:11:19,864 [INFO] httpx: HTTP Request: POST http://testserver/api/payroll/cut "HTTP/1.1 201 Created"
2026-05-05 20:11:19,895 [INFO] httpx: HTTP Request: POST http://testserver/api/payroll/pay "HTTP/1.1 201 Created"
2026-05-05 20:11:19,900 [INFO] httpx: HTTP Request: POST http://testserver/api/payroll/pay "HTTP/1.1 400 Bad Request"
2026-05-05 20:11:19,904 [INFO] httpx: HTTP Request: GET http://testserver/api/payroll/summary?month=2026-05 "HTTP/1.1 200 OK"
2026-05-05 20:11:19,933 [INFO] banikos-api: User logged in: owner (Role: Admin)
2026-05-05 20:11:19,934 [INFO] httpx: HTTP Request: POST http://testserver/api/auth/login "HTTP/1.1 200 OK"
2026-05-05 20:11:19,938 [INFO] httpx: HTTP Request: GET http://testserver/api/finance/recurring-expenses "HTTP/1.1 200 OK"
2026-05-05 20:11:19,945 [INFO] httpx: HTTP Request: POST http://testserver/api/finance/recurring-expenses "HTTP/1.1 201 Created"
2026-05-05 20:11:19,953 [INFO] httpx: HTTP Request: PATCH http://testserver/api/finance/recurring-expenses/1 "HTTP/1.1 200 OK"
2026-05-05 20:11:19,972 [INFO] httpx: HTTP Request: POST http://testserver/api/finance/recurring-expenses/1/run?month=2026-05 "HTTP/1.1 201 Created"
2026-05-05 20:11:19,975 [INFO] httpx: HTTP Request: POST http://testserver/api/finance/recurring-expenses/1/run?month=2026-05 "HTTP/1.1 400 Bad Request"
2026-05-05 20:11:19,978 [INFO] httpx: HTTP Request: GET http://testserver/api/finance/recurring-expenses "HTTP/1.1 200 OK"
2026-05-05 20:57:11,475 [INFO] banikos-api: User logged in: owner (Role: Admin)
2026-05-05 20:57:11,479 [INFO] httpx: HTTP Request: POST http://testserver/api/auth/login "HTTP/1.1 200 OK"
2026-05-05 20:57:11,486 [INFO] banikos-api: Company settings updated
2026-05-05 20:57:11,488 [INFO] httpx: HTTP Request: PATCH http://testserver/api/settings/company "HTTP/1.1 200 OK"
2026-05-05 20:57:11,492 [INFO] httpx: HTTP Request: GET http://testserver/api/auth/staff "HTTP/1.1 200 OK"
2026-05-05 20:57:11,494 [INFO] httpx: HTTP Request: GET http://testserver/api/settings/company "HTTP/1.1 200 OK"
2026-05-05 20:57:11,512 [INFO] httpx: HTTP Request: GET http://testserver/api/customers "HTTP/1.1 200 OK"
2026-05-05 20:57:11,516 [INFO] httpx: HTTP Request: GET http://testserver/api/products "HTTP/1.1 200 OK"
2026-05-05 20:57:11,519 [INFO] httpx: HTTP Request: GET http://testserver/api/vendors "HTTP/1.1 200 OK"
2026-05-05 20:57:11,527 [INFO] httpx: HTTP Request: GET http://testserver/api/crm/leads "HTTP/1.1 200 OK"
2026-05-05 20:57:11,540 [INFO] httpx: HTTP Request: GET http://testserver/api/finance/summary "HTTP/1.1 200 OK"
2026-05-05 20:57:11,543 [INFO] httpx: HTTP Request: GET http://testserver/api/finance/chart-accounts "HTTP/1.1 200 OK"
2026-05-05 20:57:11,549 [INFO] httpx: HTTP Request: GET http://testserver/api/finance/ledger "HTTP/1.1 200 OK"
2026-05-05 20:57:11,553 [INFO] httpx: HTTP Request: GET http://testserver/api/finance/daily-summary "HTTP/1.1 200 OK"
2026-05-05 20:57:11,556 [INFO] httpx: HTTP Request: GET http://testserver/api/finance/recurring-expenses "HTTP/1.1 200 OK"
2026-05-05 20:57:11,567 [INFO] httpx: HTTP Request: GET http://testserver/api/ml/features/customers "HTTP/1.1 200 OK"
2026-05-05 20:57:11,572 [INFO] httpx: HTTP Request: GET http://testserver/api/ml/features/products "HTTP/1.1 200 OK"
2026-05-05 20:57:11,576 [INFO] httpx: HTTP Request: GET http://testserver/api/ml/recommendations "HTTP/1.1 200 OK"
2026-05-05 20:57:11,595 [INFO] httpx: HTTP Request: OPTIONS http://testserver/api/health "HTTP/1.1 200 OK"
2026-05-05 20:57:11,614 [INFO] banikos-api: User logged in: owner (Role: Admin)
2026-05-05 20:57:11,615 [INFO] httpx: HTTP Request: POST http://testserver/api/auth/login "HTTP/1.1 200 OK"
2026-05-05 20:57:11,622 [INFO] httpx: HTTP Request: POST http://testserver/api/customers "HTTP/1.1 201 Created"
2026-05-05 20:57:11,704 [INFO] httpx: HTTP Request: POST http://testserver/api/products "HTTP/1.1 201 Created"
2026-05-05 20:57:11,724 [INFO] banikos-api: Sale created: INV-20260505-0004 | Total: 20.0 | User: owner
2026-05-05 20:57:11,738 [INFO] httpx: HTTP Request: POST http://testserver/api/pos/sale "HTTP/1.1 200 OK"
2026-05-05 20:57:11,750 [INFO] httpx: HTTP Request: GET http://testserver/api/customers/5/due-payments "HTTP/1.1 200 OK"
2026-05-05 20:57:11,775 [INFO] httpx: HTTP Request: POST http://testserver/api/customers/5/due-payments "HTTP/1.1 201 Created"
2026-05-05 20:57:11,780 [INFO] httpx: HTTP Request: POST http://testserver/api/customers/5/due-payments "HTTP/1.1 400 Bad Request"
2026-05-05 20:57:11,790 [INFO] httpx: HTTP Request: GET http://testserver/api/customers/5/due-payments "HTTP/1.1 200 OK"
2026-05-05 20:57:11,820 [INFO] banikos-api: User logged in: owner (Role: Admin)
2026-05-05 20:57:11,821 [INFO] httpx: HTTP Request: POST http://testserver/api/auth/login "HTTP/1.1 200 OK"
2026-05-05 20:57:11,824 [INFO] httpx: HTTP Request: POST http://testserver/api/products "HTTP/1.1 201 Created"
2026-05-05 20:57:11,829 [INFO] httpx: HTTP Request: PATCH http://testserver/api/products/12/stock "HTTP/1.1 200 OK"
2026-05-05 20:57:11,832 [INFO] httpx: HTTP Request: PATCH http://testserver/api/products/12/stock "HTTP/1.1 400 Bad Request"
2026-05-05 20:57:11,838 [INFO] httpx: HTTP Request: POST http://testserver/api/admin/damages?product_id=12&quantity=4&reason=smoke "HTTP/1.1 200 OK"
2026-05-05 20:57:11,840 [INFO] httpx: HTTP Request: POST http://testserver/api/admin/damages?product_id=12&quantity=1&reason=smoke "HTTP/1.1 400 Bad Request"
2026-05-05 20:57:11,843 [INFO] httpx: HTTP Request: GET http://testserver/api/products?q=SMOKE-ERP-STOCK-001 "HTTP/1.1 200 OK"
2026-05-05 20:57:11,865 [INFO] banikos-api: User logged in: owner (Role: Admin)
2026-05-05 20:57:11,866 [INFO] httpx: HTTP Request: POST http://testserver/api/auth/login "HTTP/1.1 200 OK"
2026-05-05 20:57:11,870 [INFO] httpx: HTTP Request: POST http://testserver/api/products "HTTP/1.1 201 Created"
2026-05-05 20:57:11,874 [INFO] httpx: HTTP Request: POST http://testserver/api/vendors "HTTP/1.1 200 OK"
2026-05-05 20:57:11,889 [INFO] httpx: HTTP Request: POST http://testserver/api/purchases "HTTP/1.1 200 OK"
2026-05-05 20:57:11,902 [INFO] httpx: HTTP Request: POST http://testserver/api/purchases/return "HTTP/1.1 200 OK"
2026-05-05 20:57:11,910 [INFO] httpx: HTTP Request: POST http://testserver/api/vendors/1/pay "HTTP/1.1 200 OK"
2026-05-05 20:57:11,935 [INFO] banikos-api: User logged in: owner (Role: Admin)
2026-05-05 20:57:11,936 [INFO] httpx: HTTP Request: POST http://testserver/api/auth/login "HTTP/1.1 200 OK"
2026-05-05 20:57:11,942 [INFO] httpx: HTTP Request: POST http://testserver/api/admin/users "HTTP/1.1 200 OK"
2026-05-05 20:57:11,947 [INFO] httpx: HTTP Request: POST http://testserver/api/admin/users "HTTP/1.1 200 OK"
2026-05-05 20:57:11,952 [INFO] httpx: HTTP Request: POST http://testserver/api/admin/users "HTTP/1.1 200 OK"
2026-05-05 20:57:11,958 [INFO] httpx: HTTP Request: POST http://testserver/api/admin/users "HTTP/1.1 200 OK"
2026-05-05 20:57:11,965 [INFO] httpx: HTTP Request: POST http://testserver/api/admin/users "HTTP/1.1 200 OK"
2026-05-05 20:57:11,970 [INFO] httpx: HTTP Request: POST http://testserver/api/admin/users "HTTP/1.1 200 OK"
2026-05-05 20:57:11,971 [INFO] banikos-api: User logged in: ceo-rbac-smoke (Role: CEO)
2026-05-05 20:57:11,972 [INFO] httpx: HTTP Request: POST http://testserver/api/auth/login "HTTP/1.1 200 OK"
2026-05-05 20:57:11,973 [INFO] banikos-api: User logged in: coo-rbac-smoke (Role: COO)
2026-05-05 20:57:11,974 [INFO] httpx: HTTP Request: POST http://testserver/api/auth/login "HTTP/1.1 200 OK"
2026-05-05 20:57:11,975 [INFO] banikos-api: User logged in: cmo-rbac-smoke (Role: CMO)
2026-05-05 20:57:11,976 [INFO] httpx: HTTP Request: POST http://testserver/api/auth/login "HTTP/1.1 200 OK"
2026-05-05 20:57:11,978 [INFO] banikos-api: User logged in: cfo-rbac-smoke (Role: CFO)
2026-05-05 20:57:11,978 [INFO] httpx: HTTP Request: POST http://testserver/api/auth/login "HTTP/1.1 200 OK"
2026-05-05 20:57:11,980 [INFO] banikos-api: User logged in: social-rbac-smoke (Role: SocialAgent)
2026-05-05 20:57:11,980 [INFO] httpx: HTTP Request: POST http://testserver/api/auth/login "HTTP/1.1 200 OK"
2026-05-05 20:57:11,982 [INFO] banikos-api: User logged in: production-rbac-smoke (Role: ProductionWorker)
2026-05-05 20:57:11,982 [INFO] httpx: HTTP Request: POST http://testserver/api/auth/login "HTTP/1.1 200 OK"
2026-05-05 20:57:11,986 [INFO] httpx: HTTP Request: GET http://testserver/api/admin/users "HTTP/1.1 200 OK"
2026-05-05 20:57:11,990 [INFO] httpx: HTTP Request: GET http://testserver/api/finance/summary "HTTP/1.1 200 OK"
2026-05-05 20:57:11,996 [INFO] httpx: HTTP Request: GET http://testserver/api/ml/recommendations "HTTP/1.1 200 OK"
2026-05-05 20:57:12,011 [INFO] httpx: HTTP Request: GET http://testserver/api/tasks "HTTP/1.1 200 OK"
2026-05-05 20:57:12,019 [INFO] httpx: HTTP Request: GET http://testserver/api/dashboard/kpi "HTTP/1.1 200 OK"
2026-05-05 20:57:12,029 [INFO] httpx: HTTP Request: GET http://testserver/api/crm/orders "HTTP/1.1 200 OK"
2026-05-05 20:57:12,033 [INFO] httpx: HTTP Request: GET http://testserver/api/vendors "HTTP/1.1 200 OK"
2026-05-05 20:57:12,038 [INFO] httpx: HTTP Request: GET http://testserver/api/finance/summary "HTTP/1.1 200 OK"
2026-05-05 20:57:12,041 [INFO] httpx: HTTP Request: GET http://testserver/api/tasks "HTTP/1.1 200 OK"
2026-05-05 20:57:12,045 [INFO] httpx: HTTP Request: GET http://testserver/api/auth/staff "HTTP/1.1 200 OK"
2026-05-05 20:57:12,057 [INFO] httpx: HTTP Request: GET http://testserver/api/customers "HTTP/1.1 200 OK"
2026-05-05 20:57:12,061 [INFO] httpx: HTTP Request: GET http://testserver/api/crm/leads "HTTP/1.1 200 OK"
2026-05-05 20:57:12,069 [INFO] httpx: HTTP Request: GET http://testserver/api/tasks "HTTP/1.1 200 OK"
2026-05-05 20:57:12,073 [INFO] httpx: HTTP Request: GET http://testserver/api/ml/recommendations "HTTP/1.1 200 OK"
2026-05-05 20:57:12,077 [INFO] httpx: HTTP Request: GET http://testserver/api/auth/staff "HTTP/1.1 200 OK"
2026-05-05 20:57:12,080 [INFO] httpx: HTTP Request: GET http://testserver/api/finance/summary "HTTP/1.1 403 Forbidden"
2026-05-05 20:57:12,082 [INFO] httpx: HTTP Request: GET http://testserver/api/crm/orders "HTTP/1.1 403 Forbidden"
2026-05-05 20:57:12,084 [INFO] httpx: HTTP Request: GET http://testserver/api/admin/users "HTTP/1.1 403 Forbidden"
2026-05-05 20:57:12,089 [INFO] httpx: HTTP Request: GET http://testserver/api/finance/summary "HTTP/1.1 200 OK"
2026-05-05 20:57:12,092 [INFO] httpx: HTTP Request: GET http://testserver/api/finance/ledger "HTTP/1.1 200 OK"
2026-05-05 20:57:12,105 [INFO] httpx: HTTP Request: GET http://testserver/api/accounting/journals "HTTP/1.1 200 OK"
2026-05-05 20:57:12,108 [INFO] httpx: HTTP Request: GET http://testserver/api/tasks "HTTP/1.1 200 OK"
2026-05-05 20:57:12,117 [INFO] httpx: HTTP Request: POST http://testserver/api/finance/entry "HTTP/1.1 201 Created"
2026-05-05 20:57:12,120 [INFO] httpx: HTTP Request: GET http://testserver/api/customers "HTTP/1.1 403 Forbidden"
2026-05-05 20:57:12,122 [INFO] httpx: HTTP Request: GET http://testserver/api/crm/leads "HTTP/1.1 403 Forbidden"
2026-05-05 20:57:12,124 [INFO] httpx: HTTP Request: GET http://testserver/api/admin/users "HTTP/1.1 403 Forbidden"
2026-05-05 20:57:12,136 [INFO] httpx: HTTP Request: GET http://testserver/api/customers "HTTP/1.1 200 OK"
2026-05-05 20:57:12,151 [INFO] httpx: HTTP Request: GET http://testserver/api/crm/leads "HTTP/1.1 200 OK"
2026-05-05 20:57:12,154 [INFO] httpx: HTTP Request: GET http://testserver/api/tasks "HTTP/1.1 200 OK"
2026-05-05 20:57:12,156 [INFO] httpx: HTTP Request: GET http://testserver/api/products "HTTP/1.1 403 Forbidden"
2026-05-05 20:57:12,158 [INFO] httpx: HTTP Request: GET http://testserver/api/crm/orders "HTTP/1.1 403 Forbidden"
2026-05-05 20:57:12,161 [INFO] httpx: HTTP Request: GET http://testserver/api/finance/summary "HTTP/1.1 403 Forbidden"
2026-05-05 20:57:12,165 [INFO] httpx: HTTP Request: GET http://testserver/api/products "HTTP/1.1 200 OK"
2026-05-05 20:57:12,170 [INFO] httpx: HTTP Request: GET http://testserver/api/tasks "HTTP/1.1 200 OK"
2026-05-05 20:57:12,172 [INFO] httpx: HTTP Request: GET http://testserver/api/customers "HTTP/1.1 403 Forbidden"
2026-05-05 20:57:12,173 [INFO] httpx: HTTP Request: GET http://testserver/api/crm/leads "HTTP/1.1 403 Forbidden"
2026-05-05 20:57:12,176 [INFO] httpx: HTTP Request: GET http://testserver/api/crm/orders "HTTP/1.1 403 Forbidden"
2026-05-05 20:57:12,179 [INFO] httpx: HTTP Request: GET http://testserver/api/finance/summary "HTTP/1.1 403 Forbidden"
2026-05-05 20:57:12,203 [INFO] banikos-api: User logged in: owner (Role: Admin)
2026-05-05 20:57:12,204 [INFO] httpx: HTTP Request: POST http://testserver/api/auth/login "HTTP/1.1 200 OK"
2026-05-05 20:57:12,208 [INFO] httpx: HTTP Request: POST http://testserver/api/admin/users "HTTP/1.1 200 OK"
2026-05-05 20:57:12,214 [INFO] httpx: HTTP Request: POST http://testserver/api/admin/users "HTTP/1.1 200 OK"
2026-05-05 20:57:12,218 [INFO] httpx: HTTP Request: POST http://testserver/api/admin/users "HTTP/1.1 200 OK"
2026-05-05 20:57:12,219 [INFO] banikos-api: User logged in: cashier-rbac-smoke (Role: Cashier)
2026-05-05 20:57:12,220 [INFO] httpx: HTTP Request: POST http://testserver/api/auth/login "HTTP/1.1 200 OK"
2026-05-05 20:57:12,221 [INFO] banikos-api: User logged in: sales-rbac-smoke (Role: Salesman)
2026-05-05 20:57:12,222 [INFO] httpx: HTTP Request: POST http://testserver/api/auth/login "HTTP/1.1 200 OK"
2026-05-05 20:57:12,223 [INFO] banikos-api: User logged in: packaging-rbac-smoke (Role: Packaging)
2026-05-05 20:57:12,224 [INFO] httpx: HTTP Request: POST http://testserver/api/auth/login "HTTP/1.1 200 OK"
2026-05-05 20:57:12,228 [INFO] httpx: HTTP Request: GET http://testserver/api/products "HTTP/1.1 200 OK"
2026-05-05 20:57:12,239 [INFO] httpx: HTTP Request: GET http://testserver/api/customers "HTTP/1.1 200 OK"
2026-05-05 20:57:12,245 [INFO] httpx: HTTP Request: GET http://testserver/api/shifts/active "HTTP/1.1 200 OK"
2026-05-05 20:57:12,249 [INFO] httpx: HTTP Request: GET http://testserver/api/auth/staff "HTTP/1.1 200 OK"
2026-05-05 20:57:12,251 [INFO] httpx: HTTP Request: GET http://testserver/api/crm/leads "HTTP/1.1 403 Forbidden"
2026-05-05 20:57:12,253 [INFO] httpx: HTTP Request: GET http://testserver/api/crm/orders "HTTP/1.1 403 Forbidden"
2026-05-05 20:57:12,254 [INFO] httpx: HTTP Request: GET http://testserver/api/tasks "HTTP/1.1 403 Forbidden"
2026-05-05 20:57:12,256 [INFO] httpx: HTTP Request: GET http://testserver/api/finance/summary "HTTP/1.1 403 Forbidden"
2026-05-05 20:57:12,260 [INFO] httpx: HTTP Request: GET http://testserver/api/pos/sales "HTTP/1.1 403 Forbidden"
2026-05-05 20:57:12,263 [INFO] httpx: HTTP Request: GET http://testserver/api/auth/staff "HTTP/1.1 200 OK"
2026-05-05 20:57:12,266 [INFO] httpx: HTTP Request: GET http://testserver/api/products "HTTP/1.1 200 OK"
2026-05-05 20:57:12,278 [INFO] httpx: HTTP Request: GET http://testserver/api/customers "HTTP/1.1 200 OK"
2026-05-05 20:57:12,281 [INFO] httpx: HTTP Request: GET http://testserver/api/crm/leads "HTTP/1.1 200 OK"
2026-05-05 20:57:12,289 [INFO] httpx: HTTP Request: GET http://testserver/api/crm/orders "HTTP/1.1 200 OK"
2026-05-05 20:57:12,293 [INFO] httpx: HTTP Request: GET http://testserver/api/tasks "HTTP/1.1 200 OK"
2026-05-05 20:57:12,296 [INFO] httpx: HTTP Request: GET http://testserver/api/finance/summary "HTTP/1.1 403 Forbidden"
2026-05-05 20:57:12,298 [INFO] httpx: HTTP Request: GET http://testserver/api/vendors "HTTP/1.1 403 Forbidden"
2026-05-05 20:57:12,301 [INFO] httpx: HTTP Request: GET http://testserver/api/pos/sales "HTTP/1.1 403 Forbidden"
2026-05-05 20:57:12,304 [INFO] httpx: HTTP Request: GET http://testserver/api/products "HTTP/1.1 200 OK"
2026-05-05 20:57:12,307 [INFO] httpx: HTTP Request: GET http://testserver/api/tasks "HTTP/1.1 200 OK"
2026-05-05 20:57:12,309 [INFO] httpx: HTTP Request: GET http://testserver/api/customers "HTTP/1.1 403 Forbidden"
2026-05-05 20:57:12,311 [INFO] httpx: HTTP Request: GET http://testserver/api/crm/leads "HTTP/1.1 403 Forbidden"
2026-05-05 20:57:12,313 [INFO] httpx: HTTP Request: GET http://testserver/api/crm/orders "HTTP/1.1 403 Forbidden"
2026-05-05 20:57:12,316 [INFO] httpx: HTTP Request: GET http://testserver/api/finance/summary "HTTP/1.1 403 Forbidden"
2026-05-05 20:57:12,341 [INFO] banikos-api: User logged in: owner (Role: Admin)
2026-05-05 20:57:12,342 [INFO] httpx: HTTP Request: POST http://testserver/api/auth/login "HTTP/1.1 200 OK"
2026-05-05 20:57:12,357 [INFO] httpx: HTTP Request: POST http://testserver/api/internal-threads "HTTP/1.1 201 Created"
2026-05-05 20:57:12,369 [INFO] httpx: HTTP Request: GET http://testserver/api/internal-threads?status=Open "HTTP/1.1 200 OK"
2026-05-05 20:57:12,382 [INFO] httpx: HTTP Request: PATCH http://testserver/api/internal-threads/1 "HTTP/1.1 200 OK"
2026-05-05 20:57:12,389 [INFO] httpx: HTTP Request: POST http://testserver/api/internal-threads/1/messages "HTTP/1.1 200 OK"
2026-05-05 20:57:12,415 [INFO] banikos-api: User logged in: owner (Role: Admin)
2026-05-05 20:57:12,416 [INFO] httpx: HTTP Request: POST http://testserver/api/auth/login "HTTP/1.1 200 OK"
2026-05-05 20:57:12,438 [INFO] httpx: HTTP Request: POST http://testserver/api/tasks "HTTP/1.1 201 Created"
2026-05-05 20:57:12,442 [INFO] httpx: HTTP Request: GET http://testserver/api/tasks?status=Open "HTTP/1.1 200 OK"
2026-05-05 20:57:12,458 [INFO] httpx: HTTP Request: PATCH http://testserver/api/tasks/1 "HTTP/1.1 200 OK"
2026-05-05 20:57:12,484 [INFO] banikos-api: User logged in: owner (Role: Admin)
2026-05-05 20:57:12,485 [INFO] httpx: HTTP Request: POST http://testserver/api/auth/login "HTTP/1.1 200 OK"
2026-05-05 20:57:12,490 [INFO] httpx: HTTP Request: POST http://testserver/api/admin/users "HTTP/1.1 200 OK"
2026-05-05 20:57:12,496 [INFO] httpx: HTTP Request: GET http://testserver/api/payroll/summary?month=2026-05 "HTTP/1.1 200 OK"
2026-05-05 20:57:12,506 [INFO] httpx: HTTP Request: POST http://testserver/api/payroll/cut "HTTP/1.1 201 Created"
2026-05-05 20:57:12,528 [INFO] httpx: HTTP Request: POST http://testserver/api/payroll/pay "HTTP/1.1 201 Created"
2026-05-05 20:57:12,533 [INFO] httpx: HTTP Request: POST http://testserver/api/payroll/pay "HTTP/1.1 400 Bad Request"
2026-05-05 20:57:12,537 [INFO] httpx: HTTP Request: GET http://testserver/api/payroll/summary?month=2026-05 "HTTP/1.1 200 OK"
2026-05-05 20:57:12,566 [INFO] banikos-api: User logged in: owner (Role: Admin)
2026-05-05 20:57:12,567 [INFO] httpx: HTTP Request: POST http://testserver/api/auth/login "HTTP/1.1 200 OK"
2026-05-05 20:57:12,570 [INFO] httpx: HTTP Request: GET http://testserver/api/finance/recurring-expenses "HTTP/1.1 200 OK"
2026-05-05 20:57:12,577 [INFO] httpx: HTTP Request: POST http://testserver/api/finance/recurring-expenses "HTTP/1.1 201 Created"
2026-05-05 20:57:12,583 [INFO] httpx: HTTP Request: PATCH http://testserver/api/finance/recurring-expenses/1 "HTTP/1.1 200 OK"
2026-05-05 20:57:12,603 [INFO] httpx: HTTP Request: POST http://testserver/api/finance/recurring-expenses/1/run?month=2026-05 "HTTP/1.1 201 Created"
2026-05-05 20:57:12,606 [INFO] httpx: HTTP Request: POST http://testserver/api/finance/recurring-expenses/1/run?month=2026-05 "HTTP/1.1 400 Bad Request"
2026-05-05 20:57:12,609 [INFO] httpx: HTTP Request: GET http://testserver/api/finance/recurring-expenses "HTTP/1.1 200 OK"
2026-05-06 00:04:16,093 [INFO] banikos-api: User logged in: owner (Role: Admin)
2026-05-06 00:04:45,326 [INFO] banikos-api: User logged in: owner (Role: Admin)
2026-05-06 00:05:34,404 [INFO] banikos-api: User logged in: owner (Role: Admin)
2026-05-06 00:05:34,406 [INFO] httpx: HTTP Request: POST http://testserver/api/auth/login "HTTP/1.1 200 OK"
2026-05-06 00:05:34,413 [INFO] banikos-api: Company settings updated
2026-05-06 00:05:34,415 [INFO] httpx: HTTP Request: PATCH http://testserver/api/settings/company "HTTP/1.1 200 OK"
2026-05-06 00:05:34,418 [INFO] httpx: HTTP Request: GET http://testserver/api/auth/staff "HTTP/1.1 200 OK"
2026-05-06 00:05:34,420 [INFO] httpx: HTTP Request: GET http://testserver/api/settings/company "HTTP/1.1 200 OK"
2026-05-06 00:05:34,464 [INFO] httpx: HTTP Request: GET http://testserver/api/customers "HTTP/1.1 200 OK"
2026-05-06 00:05:34,476 [INFO] httpx: HTTP Request: GET http://testserver/api/products "HTTP/1.1 200 OK"
2026-05-06 00:05:34,482 [INFO] httpx: HTTP Request: GET http://testserver/api/vendors "HTTP/1.1 200 OK"
2026-05-06 00:05:34,501 [INFO] httpx: HTTP Request: GET http://testserver/api/crm/leads "HTTP/1.1 200 OK"
2026-05-06 00:05:34,527 [INFO] httpx: HTTP Request: GET http://testserver/api/finance/summary "HTTP/1.1 200 OK"
2026-05-06 00:05:34,533 [INFO] httpx: HTTP Request: GET http://testserver/api/finance/chart-accounts "HTTP/1.1 200 OK"
2026-05-06 00:05:34,541 [INFO] httpx: HTTP Request: GET http://testserver/api/finance/ledger "HTTP/1.1 200 OK"
2026-05-06 00:05:34,552 [INFO] httpx: HTTP Request: GET http://testserver/api/finance/daily-summary "HTTP/1.1 200 OK"
2026-05-06 00:05:34,557 [INFO] httpx: HTTP Request: GET http://testserver/api/finance/recurring-expenses "HTTP/1.1 200 OK"
2026-05-06 00:05:34,565 [INFO] httpx: HTTP Request: GET http://testserver/api/ml/features/customers "HTTP/1.1 200 OK"
2026-05-06 00:05:34,674 [INFO] httpx: HTTP Request: GET http://testserver/api/ml/features/products "HTTP/1.1 200 OK"
2026-05-06 00:05:34,680 [INFO] httpx: HTTP Request: GET http://testserver/api/ml/recommendations "HTTP/1.1 200 OK"
2026-05-06 00:05:34,704 [INFO] httpx: HTTP Request: OPTIONS http://testserver/api/health "HTTP/1.1 200 OK"
2026-05-06 00:05:34,737 [INFO] banikos-api: User logged in: owner (Role: Admin)
2026-05-06 00:05:34,738 [INFO] httpx: HTTP Request: POST http://testserver/api/auth/login "HTTP/1.1 200 OK"
2026-05-06 00:05:34,751 [INFO] httpx: HTTP Request: POST http://testserver/api/customers "HTTP/1.1 201 Created"
2026-05-06 00:05:34,762 [INFO] httpx: HTTP Request: POST http://testserver/api/products "HTTP/1.1 201 Created"
2026-05-06 00:05:34,798 [INFO] banikos-api: Sale created: INV-20260506-0001 | Total: 20.0 | User: owner
2026-05-06 00:05:34,811 [INFO] httpx: HTTP Request: POST http://testserver/api/pos/sale "HTTP/1.1 200 OK"
2026-05-06 00:05:34,822 [INFO] httpx: HTTP Request: GET http://testserver/api/customers/5/due-payments "HTTP/1.1 200 OK"
2026-05-06 00:05:34,840 [INFO] httpx: HTTP Request: POST http://testserver/api/customers/5/due-payments "HTTP/1.1 201 Created"
2026-05-06 00:05:34,844 [INFO] httpx: HTTP Request: POST http://testserver/api/customers/5/due-payments "HTTP/1.1 400 Bad Request"
2026-05-06 00:05:34,848 [INFO] httpx: HTTP Request: GET http://testserver/api/customers/5/due-payments "HTTP/1.1 200 OK"
2026-05-06 00:05:34,876 [INFO] banikos-api: User logged in: owner (Role: Admin)
2026-05-06 00:05:34,878 [INFO] httpx: HTTP Request: POST http://testserver/api/auth/login "HTTP/1.1 200 OK"
2026-05-06 00:05:34,883 [INFO] httpx: HTTP Request: POST http://testserver/api/products "HTTP/1.1 201 Created"
2026-05-06 00:05:34,894 [INFO] httpx: HTTP Request: PATCH http://testserver/api/products/12/stock "HTTP/1.1 200 OK"
2026-05-06 00:05:34,898 [INFO] httpx: HTTP Request: PATCH http://testserver/api/products/12/stock "HTTP/1.1 400 Bad Request"
2026-05-06 00:05:34,913 [INFO] httpx: HTTP Request: POST http://testserver/api/admin/damages?product_id=12&quantity=4&reason=smoke "HTTP/1.1 200 OK"
2026-05-06 00:05:34,917 [INFO] httpx: HTTP Request: POST http://testserver/api/admin/damages?product_id=12&quantity=1&reason=smoke "HTTP/1.1 400 Bad Request"
2026-05-06 00:05:34,924 [INFO] httpx: HTTP Request: GET http://testserver/api/products?q=SMOKE-ERP-STOCK-001 "HTTP/1.1 200 OK"
2026-05-06 00:05:34,961 [INFO] banikos-api: User logged in: owner (Role: Admin)
2026-05-06 00:05:34,965 [INFO] httpx: HTTP Request: POST http://testserver/api/auth/login "HTTP/1.1 200 OK"
2026-05-06 00:05:34,971 [INFO] httpx: HTTP Request: POST http://testserver/api/products "HTTP/1.1 201 Created"
2026-05-06 00:05:34,983 [INFO] httpx: HTTP Request: POST http://testserver/api/vendors "HTTP/1.1 200 OK"
2026-05-06 00:05:35,003 [INFO] httpx: HTTP Request: POST http://testserver/api/purchases "HTTP/1.1 200 OK"
2026-05-06 00:05:35,018 [INFO] httpx: HTTP Request: POST http://testserver/api/purchases/return "HTTP/1.1 200 OK"
2026-05-06 00:05:35,030 [INFO] httpx: HTTP Request: POST http://testserver/api/vendors/1/pay "HTTP/1.1 200 OK"
2026-05-06 00:05:35,064 [INFO] banikos-api: User logged in: owner (Role: Admin)
2026-05-06 00:05:35,065 [INFO] httpx: HTTP Request: POST http://testserver/api/auth/login "HTTP/1.1 200 OK"
2026-05-06 00:05:35,074 [INFO] httpx: HTTP Request: POST http://testserver/api/admin/users "HTTP/1.1 200 OK"
2026-05-06 00:05:35,080 [INFO] httpx: HTTP Request: POST http://testserver/api/admin/users "HTTP/1.1 200 OK"
2026-05-06 00:05:35,086 [INFO] httpx: HTTP Request: POST http://testserver/api/admin/users "HTTP/1.1 200 OK"
2026-05-06 00:05:35,093 [INFO] httpx: HTTP Request: POST http://testserver/api/admin/users "HTTP/1.1 200 OK"
2026-05-06 00:05:35,098 [INFO] httpx: HTTP Request: POST http://testserver/api/admin/users "HTTP/1.1 200 OK"
2026-05-06 00:05:35,102 [INFO] httpx: HTTP Request: POST http://testserver/api/admin/users "HTTP/1.1 200 OK"
2026-05-06 00:05:35,104 [INFO] banikos-api: User logged in: ceo-rbac-smoke (Role: CEO)
2026-05-06 00:05:35,105 [INFO] httpx: HTTP Request: POST http://testserver/api/auth/login "HTTP/1.1 200 OK"
2026-05-06 00:05:35,108 [INFO] banikos-api: User logged in: coo-rbac-smoke (Role: COO)
2026-05-06 00:05:35,108 [INFO] httpx: HTTP Request: POST http://testserver/api/auth/login "HTTP/1.1 200 OK"
2026-05-06 00:05:35,111 [INFO] banikos-api: User logged in: cmo-rbac-smoke (Role: CMO)
2026-05-06 00:05:35,112 [INFO] httpx: HTTP Request: POST http://testserver/api/auth/login "HTTP/1.1 200 OK"
2026-05-06 00:05:35,113 [INFO] banikos-api: User logged in: cfo-rbac-smoke (Role: CFO)
2026-05-06 00:05:35,114 [INFO] httpx: HTTP Request: POST http://testserver/api/auth/login "HTTP/1.1 200 OK"
2026-05-06 00:05:35,115 [INFO] banikos-api: User logged in: social-rbac-smoke (Role: SocialAgent)
2026-05-06 00:05:35,116 [INFO] httpx: HTTP Request: POST http://testserver/api/auth/login "HTTP/1.1 200 OK"
2026-05-06 00:05:35,118 [INFO] banikos-api: User logged in: production-rbac-smoke (Role: ProductionWorker)
2026-05-06 00:05:35,119 [INFO] httpx: HTTP Request: POST http://testserver/api/auth/login "HTTP/1.1 200 OK"
2026-05-06 00:05:35,128 [INFO] httpx: HTTP Request: GET http://testserver/api/admin/users "HTTP/1.1 200 OK"
2026-05-06 00:05:35,133 [INFO] httpx: HTTP Request: GET http://testserver/api/finance/summary "HTTP/1.1 200 OK"
2026-05-06 00:05:35,139 [INFO] httpx: HTTP Request: GET http://testserver/api/ml/recommendations "HTTP/1.1 200 OK"
2026-05-06 00:05:35,150 [INFO] httpx: HTTP Request: GET http://testserver/api/tasks "HTTP/1.1 200 OK"
2026-05-06 00:05:35,159 [INFO] httpx: HTTP Request: GET http://testserver/api/dashboard/kpi "HTTP/1.1 200 OK"
2026-05-06 00:05:35,168 [INFO] httpx: HTTP Request: GET http://testserver/api/crm/orders "HTTP/1.1 200 OK"
2026-05-06 00:05:35,172 [INFO] httpx: HTTP Request: GET http://testserver/api/vendors "HTTP/1.1 200 OK"
2026-05-06 00:05:35,177 [INFO] httpx: HTTP Request: GET http://testserver/api/finance/summary "HTTP/1.1 200 OK"
2026-05-06 00:05:35,181 [INFO] httpx: HTTP Request: GET http://testserver/api/tasks "HTTP/1.1 200 OK"
2026-05-06 00:05:35,183 [INFO] httpx: HTTP Request: GET http://testserver/api/auth/staff "HTTP/1.1 200 OK"
2026-05-06 00:05:35,194 [INFO] httpx: HTTP Request: GET http://testserver/api/customers "HTTP/1.1 200 OK"
2026-05-06 00:05:35,198 [INFO] httpx: HTTP Request: GET http://testserver/api/crm/leads "HTTP/1.1 200 OK"
2026-05-06 00:05:35,204 [INFO] httpx: HTTP Request: GET http://testserver/api/tasks "HTTP/1.1 200 OK"
2026-05-06 00:05:35,209 [INFO] httpx: HTTP Request: GET http://testserver/api/ml/recommendations "HTTP/1.1 200 OK"
2026-05-06 00:05:35,212 [INFO] httpx: HTTP Request: GET http://testserver/api/auth/staff "HTTP/1.1 200 OK"
2026-05-06 00:05:35,214 [INFO] httpx: HTTP Request: GET http://testserver/api/finance/summary "HTTP/1.1 403 Forbidden"
2026-05-06 00:05:35,218 [INFO] httpx: HTTP Request: GET http://testserver/api/crm/orders "HTTP/1.1 403 Forbidden"
2026-05-06 00:05:35,221 [INFO] httpx: HTTP Request: GET http://testserver/api/admin/users "HTTP/1.1 403 Forbidden"
2026-05-06 00:05:35,227 [INFO] httpx: HTTP Request: GET http://testserver/api/finance/summary "HTTP/1.1 200 OK"
2026-05-06 00:05:35,232 [INFO] httpx: HTTP Request: GET http://testserver/api/finance/ledger "HTTP/1.1 200 OK"
2026-05-06 00:05:35,249 [INFO] httpx: HTTP Request: GET http://testserver/api/accounting/journals "HTTP/1.1 200 OK"
2026-05-06 00:05:35,252 [INFO] httpx: HTTP Request: GET http://testserver/api/tasks "HTTP/1.1 200 OK"
2026-05-06 00:05:35,260 [INFO] httpx: HTTP Request: POST http://testserver/api/finance/entry "HTTP/1.1 201 Created"
2026-05-06 00:05:35,262 [INFO] httpx: HTTP Request: GET http://testserver/api/customers "HTTP/1.1 403 Forbidden"
2026-05-06 00:05:35,263 [INFO] httpx: HTTP Request: GET http://testserver/api/crm/leads "HTTP/1.1 403 Forbidden"
2026-05-06 00:05:35,265 [INFO] httpx: HTTP Request: GET http://testserver/api/admin/users "HTTP/1.1 403 Forbidden"
2026-05-06 00:05:35,274 [INFO] httpx: HTTP Request: GET http://testserver/api/customers "HTTP/1.1 200 OK"
2026-05-06 00:05:35,281 [INFO] httpx: HTTP Request: GET http://testserver/api/crm/leads "HTTP/1.1 200 OK"
2026-05-06 00:05:35,284 [INFO] httpx: HTTP Request: GET http://testserver/api/tasks "HTTP/1.1 200 OK"
2026-05-06 00:05:35,286 [INFO] httpx: HTTP Request: GET http://testserver/api/products "HTTP/1.1 403 Forbidden"
2026-05-06 00:05:35,287 [INFO] httpx: HTTP Request: GET http://testserver/api/crm/orders "HTTP/1.1 403 Forbidden"
2026-05-06 00:05:35,289 [INFO] httpx: HTTP Request: GET http://testserver/api/finance/summary "HTTP/1.1 403 Forbidden"
2026-05-06 00:05:35,291 [INFO] httpx: HTTP Request: GET http://testserver/api/products "HTTP/1.1 200 OK"
2026-05-06 00:05:35,293 [INFO] httpx: HTTP Request: GET http://testserver/api/tasks "HTTP/1.1 200 OK"
2026-05-06 00:05:35,295 [INFO] httpx: HTTP Request: GET http://testserver/api/customers "HTTP/1.1 403 Forbidden"
2026-05-06 00:05:35,297 [INFO] httpx: HTTP Request: GET http://testserver/api/crm/leads "HTTP/1.1 403 Forbidden"
2026-05-06 00:05:35,298 [INFO] httpx: HTTP Request: GET http://testserver/api/crm/orders "HTTP/1.1 403 Forbidden"
2026-05-06 00:05:35,300 [INFO] httpx: HTTP Request: GET http://testserver/api/finance/summary "HTTP/1.1 403 Forbidden"
2026-05-06 00:05:35,322 [INFO] banikos-api: User logged in: owner (Role: Admin)
2026-05-06 00:05:35,323 [INFO] httpx: HTTP Request: POST http://testserver/api/auth/login "HTTP/1.1 200 OK"
2026-05-06 00:05:35,327 [INFO] httpx: HTTP Request: POST http://testserver/api/admin/users "HTTP/1.1 200 OK"
2026-05-06 00:05:35,330 [INFO] httpx: HTTP Request: POST http://testserver/api/admin/users "HTTP/1.1 200 OK"
2026-05-06 00:05:35,333 [INFO] httpx: HTTP Request: POST http://testserver/api/admin/users "HTTP/1.1 200 OK"
2026-05-06 00:05:35,335 [INFO] banikos-api: User logged in: cashier-rbac-smoke (Role: Cashier)
2026-05-06 00:05:35,335 [INFO] httpx: HTTP Request: POST http://testserver/api/auth/login "HTTP/1.1 200 OK"
2026-05-06 00:05:35,337 [INFO] banikos-api: User logged in: sales-rbac-smoke (Role: Salesman)
2026-05-06 00:05:35,337 [INFO] httpx: HTTP Request: POST http://testserver/api/auth/login "HTTP/1.1 200 OK"
2026-05-06 00:05:35,338 [INFO] banikos-api: User logged in: packaging-rbac-smoke (Role: Packaging)
2026-05-06 00:05:35,339 [INFO] httpx: HTTP Request: POST http://testserver/api/auth/login "HTTP/1.1 200 OK"
2026-05-06 00:05:35,341 [INFO] httpx: HTTP Request: GET http://testserver/api/products "HTTP/1.1 200 OK"
2026-05-06 00:05:35,352 [INFO] httpx: HTTP Request: GET http://testserver/api/customers "HTTP/1.1 200 OK"
2026-05-06 00:05:35,358 [INFO] httpx: HTTP Request: GET http://testserver/api/shifts/active "HTTP/1.1 200 OK"
2026-05-06 00:05:35,360 [INFO] httpx: HTTP Request: GET http://testserver/api/auth/staff "HTTP/1.1 200 OK"
2026-05-06 00:05:35,362 [INFO] httpx: HTTP Request: GET http://testserver/api/crm/leads "HTTP/1.1 403 Forbidden"
2026-05-06 00:05:35,363 [INFO] httpx: HTTP Request: GET http://testserver/api/crm/orders "HTTP/1.1 403 Forbidden"
2026-05-06 00:05:35,365 [INFO] httpx: HTTP Request: GET http://testserver/api/tasks "HTTP/1.1 403 Forbidden"
2026-05-06 00:05:35,366 [INFO] httpx: HTTP Request: GET http://testserver/api/finance/summary "HTTP/1.1 403 Forbidden"
2026-05-06 00:05:35,368 [INFO] httpx: HTTP Request: GET http://testserver/api/pos/sales "HTTP/1.1 403 Forbidden"
2026-05-06 00:05:35,371 [INFO] httpx: HTTP Request: GET http://testserver/api/auth/staff "HTTP/1.1 200 OK"
2026-05-06 00:05:35,373 [INFO] httpx: HTTP Request: GET http://testserver/api/products "HTTP/1.1 200 OK"
2026-05-06 00:05:35,384 [INFO] httpx: HTTP Request: GET http://testserver/api/customers "HTTP/1.1 200 OK"
2026-05-06 00:05:35,386 [INFO] httpx: HTTP Request: GET http://testserver/api/crm/leads "HTTP/1.1 200 OK"
2026-05-06 00:05:35,394 [INFO] httpx: HTTP Request: GET http://testserver/api/crm/orders "HTTP/1.1 200 OK"
2026-05-06 00:05:35,397 [INFO] httpx: HTTP Request: GET http://testserver/api/tasks "HTTP/1.1 200 OK"
2026-05-06 00:05:35,399 [INFO] httpx: HTTP Request: GET http://testserver/api/finance/summary "HTTP/1.1 403 Forbidden"
2026-05-06 00:05:35,401 [INFO] httpx: HTTP Request: GET http://testserver/api/vendors "HTTP/1.1 403 Forbidden"
2026-05-06 00:05:35,402 [INFO] httpx: HTTP Request: GET http://testserver/api/pos/sales "HTTP/1.1 403 Forbidden"
2026-05-06 00:05:35,405 [INFO] httpx: HTTP Request: GET http://testserver/api/products "HTTP/1.1 200 OK"
2026-05-06 00:05:35,407 [INFO] httpx: HTTP Request: GET http://testserver/api/tasks "HTTP/1.1 200 OK"
2026-05-06 00:05:35,409 [INFO] httpx: HTTP Request: GET http://testserver/api/customers "HTTP/1.1 403 Forbidden"
2026-05-06 00:05:35,410 [INFO] httpx: HTTP Request: GET http://testserver/api/crm/leads "HTTP/1.1 403 Forbidden"
2026-05-06 00:05:35,412 [INFO] httpx: HTTP Request: GET http://testserver/api/crm/orders "HTTP/1.1 403 Forbidden"
2026-05-06 00:05:35,414 [INFO] httpx: HTTP Request: GET http://testserver/api/finance/summary "HTTP/1.1 403 Forbidden"
2026-05-06 00:05:35,435 [INFO] banikos-api: User logged in: owner (Role: Admin)
2026-05-06 00:05:35,436 [INFO] httpx: HTTP Request: POST http://testserver/api/auth/login "HTTP/1.1 200 OK"
2026-05-06 00:05:35,449 [INFO] httpx: HTTP Request: POST http://testserver/api/internal-threads "HTTP/1.1 201 Created"
2026-05-06 00:05:35,459 [INFO] httpx: HTTP Request: GET http://testserver/api/internal-threads?status=Open "HTTP/1.1 200 OK"
2026-05-06 00:05:35,470 [INFO] httpx: HTTP Request: PATCH http://testserver/api/internal-threads/1 "HTTP/1.1 200 OK"
2026-05-06 00:05:35,476 [INFO] httpx: HTTP Request: POST http://testserver/api/internal-threads/1/messages "HTTP/1.1 200 OK"
2026-05-06 00:05:35,498 [INFO] banikos-api: User logged in: owner (Role: Admin)
2026-05-06 00:05:35,499 [INFO] httpx: HTTP Request: POST http://testserver/api/auth/login "HTTP/1.1 200 OK"
2026-05-06 00:05:35,517 [INFO] httpx: HTTP Request: POST http://testserver/api/tasks "HTTP/1.1 201 Created"
2026-05-06 00:05:35,520 [INFO] httpx: HTTP Request: GET http://testserver/api/tasks?status=Open "HTTP/1.1 200 OK"
2026-05-06 00:05:35,532 [INFO] httpx: HTTP Request: PATCH http://testserver/api/tasks/1 "HTTP/1.1 200 OK"
2026-05-06 00:05:35,555 [INFO] banikos-api: User logged in: owner (Role: Admin)
2026-05-06 00:05:35,556 [INFO] httpx: HTTP Request: POST http://testserver/api/auth/login "HTTP/1.1 200 OK"
2026-05-06 00:05:35,560 [INFO] httpx: HTTP Request: POST http://testserver/api/admin/users "HTTP/1.1 200 OK"
2026-05-06 00:05:35,563 [INFO] httpx: HTTP Request: GET http://testserver/api/payroll/summary?month=2026-05 "HTTP/1.1 200 OK"
2026-05-06 00:05:35,576 [INFO] httpx: HTTP Request: POST http://testserver/api/payroll/cut "HTTP/1.1 201 Created"
2026-05-06 00:05:35,588 [INFO] httpx: HTTP Request: POST http://testserver/api/payroll/pay "HTTP/1.1 201 Created"
2026-05-06 00:05:35,592 [INFO] httpx: HTTP Request: POST http://testserver/api/payroll/pay "HTTP/1.1 400 Bad Request"
2026-05-06 00:05:35,595 [INFO] httpx: HTTP Request: GET http://testserver/api/payroll/summary?month=2026-05 "HTTP/1.1 200 OK"
2026-05-06 00:05:35,618 [INFO] banikos-api: User logged in: owner (Role: Admin)
2026-05-06 00:05:35,619 [INFO] httpx: HTTP Request: POST http://testserver/api/auth/login "HTTP/1.1 200 OK"
2026-05-06 00:05:35,621 [INFO] httpx: HTTP Request: GET http://testserver/api/finance/recurring-expenses "HTTP/1.1 200 OK"
2026-05-06 00:05:35,626 [INFO] httpx: HTTP Request: POST http://testserver/api/finance/recurring-expenses "HTTP/1.1 201 Created"
2026-05-06 00:05:35,630 [INFO] httpx: HTTP Request: PATCH http://testserver/api/finance/recurring-expenses/1 "HTTP/1.1 200 OK"
2026-05-06 00:05:35,644 [INFO] httpx: HTTP Request: POST http://testserver/api/finance/recurring-expenses/1/run?month=2026-05 "HTTP/1.1 201 Created"
2026-05-06 00:05:35,647 [INFO] httpx: HTTP Request: POST http://testserver/api/finance/recurring-expenses/1/run?month=2026-05 "HTTP/1.1 400 Bad Request"
2026-05-06 00:05:35,649 [INFO] httpx: HTTP Request: GET http://testserver/api/finance/recurring-expenses "HTTP/1.1 200 OK"
2026-05-06 00:08:32,928 [INFO] banikos-api: User logged in: owner (Role: Admin)
2026-05-06 00:08:32,930 [INFO] httpx: HTTP Request: POST http://testserver/api/auth/login "HTTP/1.1 200 OK"
2026-05-06 00:08:32,938 [INFO] banikos-api: Company settings updated
2026-05-06 00:08:32,938 [INFO] httpx: HTTP Request: PATCH http://testserver/api/settings/company "HTTP/1.1 200 OK"
2026-05-06 00:08:32,942 [INFO] httpx: HTTP Request: GET http://testserver/api/auth/staff "HTTP/1.1 200 OK"
2026-05-06 00:08:32,944 [INFO] httpx: HTTP Request: GET http://testserver/api/settings/company "HTTP/1.1 200 OK"
2026-05-06 00:08:32,959 [INFO] httpx: HTTP Request: GET http://testserver/api/customers "HTTP/1.1 200 OK"
2026-05-06 00:08:32,964 [INFO] httpx: HTTP Request: GET http://testserver/api/products "HTTP/1.1 200 OK"
2026-05-06 00:08:32,967 [INFO] httpx: HTTP Request: GET http://testserver/api/vendors "HTTP/1.1 200 OK"
2026-05-06 00:08:32,975 [INFO] httpx: HTTP Request: GET http://testserver/api/crm/leads "HTTP/1.1 200 OK"
2026-05-06 00:08:32,987 [INFO] httpx: HTTP Request: GET http://testserver/api/finance/summary "HTTP/1.1 200 OK"
2026-05-06 00:08:32,990 [INFO] httpx: HTTP Request: GET http://testserver/api/finance/chart-accounts "HTTP/1.1 200 OK"
2026-05-06 00:08:32,998 [INFO] httpx: HTTP Request: GET http://testserver/api/finance/ledger "HTTP/1.1 200 OK"
2026-05-06 00:08:33,002 [INFO] httpx: HTTP Request: GET http://testserver/api/finance/daily-summary "HTTP/1.1 200 OK"
2026-05-06 00:08:33,006 [INFO] httpx: HTTP Request: GET http://testserver/api/finance/recurring-expenses "HTTP/1.1 200 OK"
2026-05-06 00:08:33,079 [INFO] httpx: HTTP Request: GET http://testserver/api/ml/features/customers "HTTP/1.1 200 OK"
2026-05-06 00:08:33,085 [INFO] httpx: HTTP Request: GET http://testserver/api/ml/features/products "HTTP/1.1 200 OK"
2026-05-06 00:08:33,089 [INFO] httpx: HTTP Request: GET http://testserver/api/ml/recommendations "HTTP/1.1 200 OK"
2026-05-06 00:08:33,107 [INFO] httpx: HTTP Request: OPTIONS http://testserver/api/health "HTTP/1.1 200 OK"
2026-05-06 00:08:33,128 [INFO] banikos-api: User logged in: owner (Role: Admin)
2026-05-06 00:08:33,128 [INFO] httpx: HTTP Request: POST http://testserver/api/auth/login "HTTP/1.1 200 OK"
2026-05-06 00:08:33,136 [INFO] httpx: HTTP Request: POST http://testserver/api/customers "HTTP/1.1 201 Created"
2026-05-06 00:08:33,141 [INFO] httpx: HTTP Request: POST http://testserver/api/products "HTTP/1.1 201 Created"
2026-05-06 00:08:33,157 [INFO] banikos-api: Sale created: INV-20260506-0001 | Total: 20.0 | User: owner
2026-05-06 00:08:33,164 [INFO] httpx: HTTP Request: POST http://testserver/api/pos/sale "HTTP/1.1 200 OK"
2026-05-06 00:08:33,170 [INFO] httpx: HTTP Request: GET http://testserver/api/customers/5/due-payments "HTTP/1.1 200 OK"
2026-05-06 00:08:33,179 [INFO] httpx: HTTP Request: POST http://testserver/api/customers/5/due-payments "HTTP/1.1 201 Created"
2026-05-06 00:08:33,182 [INFO] httpx: HTTP Request: POST http://testserver/api/customers/5/due-payments "HTTP/1.1 400 Bad Request"
2026-05-06 00:08:33,184 [INFO] httpx: HTTP Request: GET http://testserver/api/customers/5/due-payments "HTTP/1.1 200 OK"
2026-05-06 00:08:33,206 [INFO] banikos-api: User logged in: owner (Role: Admin)
2026-05-06 00:08:33,207 [INFO] httpx: HTTP Request: POST http://testserver/api/auth/login "HTTP/1.1 200 OK"
2026-05-06 00:08:33,210 [INFO] httpx: HTTP Request: POST http://testserver/api/products "HTTP/1.1 201 Created"
2026-05-06 00:08:33,214 [INFO] httpx: HTTP Request: PATCH http://testserver/api/products/12/stock "HTTP/1.1 200 OK"
2026-05-06 00:08:33,216 [INFO] httpx: HTTP Request: PATCH http://testserver/api/products/12/stock "HTTP/1.1 400 Bad Request"
2026-05-06 00:08:33,222 [INFO] httpx: HTTP Request: POST http://testserver/api/admin/damages?product_id=12&quantity=4&reason=smoke "HTTP/1.1 200 OK"
2026-05-06 00:08:33,224 [INFO] httpx: HTTP Request: POST http://testserver/api/admin/damages?product_id=12&quantity=1&reason=smoke "HTTP/1.1 400 Bad Request"
2026-05-06 00:08:33,227 [INFO] httpx: HTTP Request: GET http://testserver/api/products?q=SMOKE-ERP-STOCK-001 "HTTP/1.1 200 OK"
2026-05-06 00:08:33,249 [INFO] banikos-api: User logged in: owner (Role: Admin)
2026-05-06 00:08:33,250 [INFO] httpx: HTTP Request: POST http://testserver/api/auth/login "HTTP/1.1 200 OK"
2026-05-06 00:08:33,253 [INFO] httpx: HTTP Request: POST http://testserver/api/products "HTTP/1.1 201 Created"
2026-05-06 00:08:33,257 [INFO] httpx: HTTP Request: POST http://testserver/api/vendors "HTTP/1.1 200 OK"
2026-05-06 00:08:33,270 [INFO] httpx: HTTP Request: POST http://testserver/api/purchases "HTTP/1.1 200 OK"
2026-05-06 00:08:33,280 [INFO] httpx: HTTP Request: POST http://testserver/api/purchases/return "HTTP/1.1 200 OK"
2026-05-06 00:08:33,286 [INFO] httpx: HTTP Request: POST http://testserver/api/vendors/1/pay "HTTP/1.1 200 OK"
2026-05-06 00:08:33,308 [INFO] banikos-api: User logged in: owner (Role: Admin)
2026-05-06 00:08:33,309 [INFO] httpx: HTTP Request: POST http://testserver/api/auth/login "HTTP/1.1 200 OK"
2026-05-06 00:08:33,314 [INFO] httpx: HTTP Request: POST http://testserver/api/admin/users "HTTP/1.1 200 OK"
2026-05-06 00:08:33,317 [INFO] httpx: HTTP Request: POST http://testserver/api/admin/users "HTTP/1.1 200 OK"
2026-05-06 00:08:33,320 [INFO] httpx: HTTP Request: POST http://testserver/api/admin/users "HTTP/1.1 200 OK"
2026-05-06 00:08:33,323 [INFO] httpx: HTTP Request: POST http://testserver/api/admin/users "HTTP/1.1 200 OK"
2026-05-06 00:08:33,326 [INFO] httpx: HTTP Request: POST http://testserver/api/admin/users "HTTP/1.1 200 OK"
2026-05-06 00:08:33,329 [INFO] httpx: HTTP Request: POST http://testserver/api/admin/users "HTTP/1.1 200 OK"
2026-05-06 00:08:33,330 [INFO] banikos-api: User logged in: ceo-rbac-smoke (Role: CEO)
2026-05-06 00:08:33,331 [INFO] httpx: HTTP Request: POST http://testserver/api/auth/login "HTTP/1.1 200 OK"
2026-05-06 00:08:33,332 [INFO] banikos-api: User logged in: coo-rbac-smoke (Role: COO)
2026-05-06 00:08:33,333 [INFO] httpx: HTTP Request: POST http://testserver/api/auth/login "HTTP/1.1 200 OK"
2026-05-06 00:08:33,334 [INFO] banikos-api: User logged in: cmo-rbac-smoke (Role: CMO)
2026-05-06 00:08:33,334 [INFO] httpx: HTTP Request: POST http://testserver/api/auth/login "HTTP/1.1 200 OK"
2026-05-06 00:08:33,335 [INFO] banikos-api: User logged in: cfo-rbac-smoke (Role: CFO)
2026-05-06 00:08:33,336 [INFO] httpx: HTTP Request: POST http://testserver/api/auth/login "HTTP/1.1 200 OK"
2026-05-06 00:08:33,337 [INFO] banikos-api: User logged in: social-rbac-smoke (Role: SocialAgent)
2026-05-06 00:08:33,337 [INFO] httpx: HTTP Request: POST http://testserver/api/auth/login "HTTP/1.1 200 OK"
2026-05-06 00:08:33,338 [INFO] banikos-api: User logged in: production-rbac-smoke (Role: ProductionWorker)
2026-05-06 00:08:33,339 [INFO] httpx: HTTP Request: POST http://testserver/api/auth/login "HTTP/1.1 200 OK"
2026-05-06 00:08:33,342 [INFO] httpx: HTTP Request: GET http://testserver/api/admin/users "HTTP/1.1 200 OK"
2026-05-06 00:08:33,345 [INFO] httpx: HTTP Request: GET http://testserver/api/finance/summary "HTTP/1.1 200 OK"
2026-05-06 00:08:33,349 [INFO] httpx: HTTP Request: GET http://testserver/api/ml/recommendations "HTTP/1.1 200 OK"
2026-05-06 00:08:33,357 [INFO] httpx: HTTP Request: GET http://testserver/api/tasks "HTTP/1.1 200 OK"
2026-05-06 00:08:33,363 [INFO] httpx: HTTP Request: GET http://testserver/api/dashboard/kpi "HTTP/1.1 200 OK"
2026-05-06 00:08:33,370 [INFO] httpx: HTTP Request: GET http://testserver/api/crm/orders "HTTP/1.1 200 OK"
2026-05-06 00:08:33,372 [INFO] httpx: HTTP Request: GET http://testserver/api/vendors "HTTP/1.1 200 OK"
2026-05-06 00:08:33,376 [INFO] httpx: HTTP Request: GET http://testserver/api/finance/summary "HTTP/1.1 200 OK"
2026-05-06 00:08:33,378 [INFO] httpx: HTTP Request: GET http://testserver/api/tasks "HTTP/1.1 200 OK"
2026-05-06 00:08:33,380 [INFO] httpx: HTTP Request: GET http://testserver/api/auth/staff "HTTP/1.1 200 OK"
2026-05-06 00:08:33,390 [INFO] httpx: HTTP Request: GET http://testserver/api/customers "HTTP/1.1 200 OK"
2026-05-06 00:08:33,393 [INFO] httpx: HTTP Request: GET http://testserver/api/crm/leads "HTTP/1.1 200 OK"
2026-05-06 00:08:33,399 [INFO] httpx: HTTP Request: GET http://testserver/api/tasks "HTTP/1.1 200 OK"
2026-05-06 00:08:33,402 [INFO] httpx: HTTP Request: GET http://testserver/api/ml/recommendations "HTTP/1.1 200 OK"
2026-05-06 00:08:33,405 [INFO] httpx: HTTP Request: GET http://testserver/api/auth/staff "HTTP/1.1 200 OK"
2026-05-06 00:08:33,406 [INFO] httpx: HTTP Request: GET http://testserver/api/finance/summary "HTTP/1.1 403 Forbidden"
2026-05-06 00:08:33,408 [INFO] httpx: HTTP Request: GET http://testserver/api/crm/orders "HTTP/1.1 403 Forbidden"
2026-05-06 00:08:33,409 [INFO] httpx: HTTP Request: GET http://testserver/api/admin/users "HTTP/1.1 403 Forbidden"
2026-05-06 00:08:33,413 [INFO] httpx: HTTP Request: GET http://testserver/api/finance/summary "HTTP/1.1 200 OK"
2026-05-06 00:08:33,415 [INFO] httpx: HTTP Request: GET http://testserver/api/finance/ledger "HTTP/1.1 200 OK"
2026-05-06 00:08:33,429 [INFO] httpx: HTTP Request: GET http://testserver/api/accounting/journals "HTTP/1.1 200 OK"
2026-05-06 00:08:33,432 [INFO] httpx: HTTP Request: GET http://testserver/api/tasks "HTTP/1.1 200 OK"
2026-05-06 00:08:33,439 [INFO] httpx: HTTP Request: POST http://testserver/api/finance/entry "HTTP/1.1 201 Created"
2026-05-06 00:08:33,441 [INFO] httpx: HTTP Request: GET http://testserver/api/customers "HTTP/1.1 403 Forbidden"
2026-05-06 00:08:33,442 [INFO] httpx: HTTP Request: GET http://testserver/api/crm/leads "HTTP/1.1 403 Forbidden"
2026-05-06 00:08:33,444 [INFO] httpx: HTTP Request: GET http://testserver/api/admin/users "HTTP/1.1 403 Forbidden"
2026-05-06 00:08:33,454 [INFO] httpx: HTTP Request: GET http://testserver/api/customers "HTTP/1.1 200 OK"
2026-05-06 00:08:33,462 [INFO] httpx: HTTP Request: GET http://testserver/api/crm/leads "HTTP/1.1 200 OK"
2026-05-06 00:08:33,464 [INFO] httpx: HTTP Request: GET http://testserver/api/tasks "HTTP/1.1 200 OK"
2026-05-06 00:08:33,466 [INFO] httpx: HTTP Request: GET http://testserver/api/products "HTTP/1.1 403 Forbidden"
2026-05-06 00:08:33,468 [INFO] httpx: HTTP Request: GET http://testserver/api/crm/orders "HTTP/1.1 403 Forbidden"
2026-05-06 00:08:33,469 [INFO] httpx: HTTP Request: GET http://testserver/api/finance/summary "HTTP/1.1 403 Forbidden"
2026-05-06 00:08:33,471 [INFO] httpx: HTTP Request: GET http://testserver/api/products "HTTP/1.1 200 OK"
2026-05-06 00:08:33,474 [INFO] httpx: HTTP Request: GET http://testserver/api/tasks "HTTP/1.1 200 OK"
2026-05-06 00:08:33,476 [INFO] httpx: HTTP Request: GET http://testserver/api/customers "HTTP/1.1 403 Forbidden"
2026-05-06 00:08:33,477 [INFO] httpx: HTTP Request: GET http://testserver/api/crm/leads "HTTP/1.1 403 Forbidden"
2026-05-06 00:08:33,479 [INFO] httpx: HTTP Request: GET http://testserver/api/crm/orders "HTTP/1.1 403 Forbidden"
2026-05-06 00:08:33,480 [INFO] httpx: HTTP Request: GET http://testserver/api/finance/summary "HTTP/1.1 403 Forbidden"
2026-05-06 00:08:33,502 [INFO] banikos-api: User logged in: owner (Role: Admin)
2026-05-06 00:08:33,502 [INFO] httpx: HTTP Request: POST http://testserver/api/auth/login "HTTP/1.1 200 OK"
2026-05-06 00:08:33,506 [INFO] httpx: HTTP Request: POST http://testserver/api/admin/users "HTTP/1.1 200 OK"
2026-05-06 00:08:33,509 [INFO] httpx: HTTP Request: POST http://testserver/api/admin/users "HTTP/1.1 200 OK"
2026-05-06 00:08:33,512 [INFO] httpx: HTTP Request: POST http://testserver/api/admin/users "HTTP/1.1 200 OK"
2026-05-06 00:08:33,513 [INFO] banikos-api: User logged in: cashier-rbac-smoke (Role: Cashier)
2026-05-06 00:08:33,513 [INFO] httpx: HTTP Request: POST http://testserver/api/auth/login "HTTP/1.1 200 OK"
2026-05-06 00:08:33,515 [INFO] banikos-api: User logged in: sales-rbac-smoke (Role: Salesman)
2026-05-06 00:08:33,516 [INFO] httpx: HTTP Request: POST http://testserver/api/auth/login "HTTP/1.1 200 OK"
2026-05-06 00:08:33,517 [INFO] banikos-api: User logged in: packaging-rbac-smoke (Role: Packaging)
2026-05-06 00:08:33,517 [INFO] httpx: HTTP Request: POST http://testserver/api/auth/login "HTTP/1.1 200 OK"
2026-05-06 00:08:33,519 [INFO] httpx: HTTP Request: GET http://testserver/api/products "HTTP/1.1 200 OK"
2026-05-06 00:08:33,529 [INFO] httpx: HTTP Request: GET http://testserver/api/customers "HTTP/1.1 200 OK"
2026-05-06 00:08:33,534 [INFO] httpx: HTTP Request: GET http://testserver/api/shifts/active "HTTP/1.1 200 OK"
2026-05-06 00:08:33,536 [INFO] httpx: HTTP Request: GET http://testserver/api/auth/staff "HTTP/1.1 200 OK"
2026-05-06 00:08:33,538 [INFO] httpx: HTTP Request: GET http://testserver/api/crm/leads "HTTP/1.1 403 Forbidden"
2026-05-06 00:08:33,539 [INFO] httpx: HTTP Request: GET http://testserver/api/crm/orders "HTTP/1.1 403 Forbidden"
2026-05-06 00:08:33,541 [INFO] httpx: HTTP Request: GET http://testserver/api/tasks "HTTP/1.1 403 Forbidden"
2026-05-06 00:08:33,543 [INFO] httpx: HTTP Request: GET http://testserver/api/finance/summary "HTTP/1.1 403 Forbidden"
2026-05-06 00:08:33,544 [INFO] httpx: HTTP Request: GET http://testserver/api/pos/sales "HTTP/1.1 403 Forbidden"
2026-05-06 00:08:33,546 [INFO] httpx: HTTP Request: GET http://testserver/api/auth/staff "HTTP/1.1 200 OK"
2026-05-06 00:08:33,549 [INFO] httpx: HTTP Request: GET http://testserver/api/products "HTTP/1.1 200 OK"
2026-05-06 00:08:33,559 [INFO] httpx: HTTP Request: GET http://testserver/api/customers "HTTP/1.1 200 OK"
2026-05-06 00:08:33,561 [INFO] httpx: HTTP Request: GET http://testserver/api/crm/leads "HTTP/1.1 200 OK"
2026-05-06 00:08:33,568 [INFO] httpx: HTTP Request: GET http://testserver/api/crm/orders "HTTP/1.1 200 OK"
2026-05-06 00:08:33,571 [INFO] httpx: HTTP Request: GET http://testserver/api/tasks "HTTP/1.1 200 OK"
2026-05-06 00:08:33,572 [INFO] httpx: HTTP Request: GET http://testserver/api/finance/summary "HTTP/1.1 403 Forbidden"
2026-05-06 00:08:33,574 [INFO] httpx: HTTP Request: GET http://testserver/api/vendors "HTTP/1.1 403 Forbidden"
2026-05-06 00:08:33,575 [INFO] httpx: HTTP Request: GET http://testserver/api/pos/sales "HTTP/1.1 403 Forbidden"
2026-05-06 00:08:33,578 [INFO] httpx: HTTP Request: GET http://testserver/api/products "HTTP/1.1 200 OK"
2026-05-06 00:08:33,580 [INFO] httpx: HTTP Request: GET http://testserver/api/tasks "HTTP/1.1 200 OK"
2026-05-06 00:08:33,582 [INFO] httpx: HTTP Request: GET http://testserver/api/customers "HTTP/1.1 403 Forbidden"
2026-05-06 00:08:33,583 [INFO] httpx: HTTP Request: GET http://testserver/api/crm/leads "HTTP/1.1 403 Forbidden"
2026-05-06 00:08:33,585 [INFO] httpx: HTTP Request: GET http://testserver/api/crm/orders "HTTP/1.1 403 Forbidden"
2026-05-06 00:08:33,587 [INFO] httpx: HTTP Request: GET http://testserver/api/finance/summary "HTTP/1.1 403 Forbidden"
2026-05-06 00:08:33,609 [INFO] banikos-api: User logged in: owner (Role: Admin)
2026-05-06 00:08:33,610 [INFO] httpx: HTTP Request: POST http://testserver/api/auth/login "HTTP/1.1 200 OK"
2026-05-06 00:08:33,622 [INFO] httpx: HTTP Request: POST http://testserver/api/internal-threads "HTTP/1.1 201 Created"
2026-05-06 00:08:33,631 [INFO] httpx: HTTP Request: GET http://testserver/api/internal-threads?status=Open "HTTP/1.1 200 OK"
2026-05-06 00:08:33,641 [INFO] httpx: HTTP Request: PATCH http://testserver/api/internal-threads/1 "HTTP/1.1 200 OK"
2026-05-06 00:08:33,647 [INFO] httpx: HTTP Request: POST http://testserver/api/internal-threads/1/messages "HTTP/1.1 200 OK"
2026-05-06 00:08:33,669 [INFO] banikos-api: User logged in: owner (Role: Admin)
2026-05-06 00:08:33,669 [INFO] httpx: HTTP Request: POST http://testserver/api/auth/login "HTTP/1.1 200 OK"
2026-05-06 00:08:33,686 [INFO] httpx: HTTP Request: POST http://testserver/api/tasks "HTTP/1.1 201 Created"
2026-05-06 00:08:33,689 [INFO] httpx: HTTP Request: GET http://testserver/api/tasks?status=Open "HTTP/1.1 200 OK"
2026-05-06 00:08:33,703 [INFO] httpx: HTTP Request: PATCH http://testserver/api/tasks/1 "HTTP/1.1 200 OK"
2026-05-06 00:08:33,724 [INFO] banikos-api: User logged in: owner (Role: Admin)
2026-05-06 00:08:33,725 [INFO] httpx: HTTP Request: POST http://testserver/api/auth/login "HTTP/1.1 200 OK"
2026-05-06 00:08:33,729 [INFO] httpx: HTTP Request: POST http://testserver/api/admin/users "HTTP/1.1 200 OK"
2026-05-06 00:08:33,733 [INFO] httpx: HTTP Request: GET http://testserver/api/payroll/summary?month=2026-05 "HTTP/1.1 200 OK"
2026-05-06 00:08:33,740 [INFO] httpx: HTTP Request: POST http://testserver/api/payroll/cut "HTTP/1.1 201 Created"
2026-05-06 00:08:33,751 [INFO] httpx: HTTP Request: POST http://testserver/api/payroll/pay "HTTP/1.1 201 Created"
2026-05-06 00:08:33,754 [INFO] httpx: HTTP Request: POST http://testserver/api/payroll/pay "HTTP/1.1 400 Bad Request"
2026-05-06 00:08:33,757 [INFO] httpx: HTTP Request: GET http://testserver/api/payroll/summary?month=2026-05 "HTTP/1.1 200 OK"
2026-05-06 00:08:33,779 [INFO] banikos-api: User logged in: owner (Role: Admin)
2026-05-06 00:08:33,780 [INFO] httpx: HTTP Request: POST http://testserver/api/auth/login "HTTP/1.1 200 OK"
2026-05-06 00:08:33,783 [INFO] httpx: HTTP Request: GET http://testserver/api/finance/recurring-expenses "HTTP/1.1 200 OK"
2026-05-06 00:08:33,788 [INFO] httpx: HTTP Request: POST http://testserver/api/finance/recurring-expenses "HTTP/1.1 201 Created"
2026-05-06 00:08:33,793 [INFO] httpx: HTTP Request: PATCH http://testserver/api/finance/recurring-expenses/1 "HTTP/1.1 200 OK"
2026-05-06 00:08:33,807 [INFO] httpx: HTTP Request: POST http://testserver/api/finance/recurring-expenses/1/run?month=2026-05 "HTTP/1.1 201 Created"
2026-05-06 00:08:33,810 [INFO] httpx: HTTP Request: POST http://testserver/api/finance/recurring-expenses/1/run?month=2026-05 "HTTP/1.1 400 Bad Request"
2026-05-06 00:08:33,812 [INFO] httpx: HTTP Request: GET http://testserver/api/finance/recurring-expenses "HTTP/1.1 200 OK"
2026-05-06 00:11:54,222 [INFO] banikos-api: User logged in: owner (Role: Admin)
2026-05-06 00:11:54,223 [INFO] httpx: HTTP Request: POST http://testserver/api/auth/login "HTTP/1.1 200 OK"
2026-05-06 00:11:54,231 [INFO] banikos-api: Company settings updated
2026-05-06 00:11:54,233 [INFO] httpx: HTTP Request: PATCH http://testserver/api/settings/company "HTTP/1.1 200 OK"
2026-05-06 00:11:54,238 [INFO] httpx: HTTP Request: GET http://testserver/api/auth/staff "HTTP/1.1 200 OK"
2026-05-06 00:11:54,240 [INFO] httpx: HTTP Request: GET http://testserver/api/settings/company "HTTP/1.1 200 OK"
2026-05-06 00:11:54,259 [INFO] httpx: HTTP Request: GET http://testserver/api/customers "HTTP/1.1 200 OK"
2026-05-06 00:11:54,264 [INFO] httpx: HTTP Request: GET http://testserver/api/products "HTTP/1.1 200 OK"
2026-05-06 00:11:54,268 [INFO] httpx: HTTP Request: GET http://testserver/api/vendors "HTTP/1.1 200 OK"
2026-05-06 00:11:54,277 [INFO] httpx: HTTP Request: GET http://testserver/api/crm/leads "HTTP/1.1 200 OK"
2026-05-06 00:11:54,296 [INFO] httpx: HTTP Request: GET http://testserver/api/finance/summary "HTTP/1.1 200 OK"
2026-05-06 00:11:54,300 [INFO] httpx: HTTP Request: GET http://testserver/api/finance/chart-accounts "HTTP/1.1 200 OK"
2026-05-06 00:11:54,306 [INFO] httpx: HTTP Request: GET http://testserver/api/finance/ledger "HTTP/1.1 200 OK"
2026-05-06 00:11:54,310 [INFO] httpx: HTTP Request: GET http://testserver/api/finance/daily-summary "HTTP/1.1 200 OK"
2026-05-06 00:11:54,394 [INFO] httpx: HTTP Request: GET http://testserver/api/finance/recurring-expenses "HTTP/1.1 200 OK"
2026-05-06 00:11:54,401 [INFO] httpx: HTTP Request: GET http://testserver/api/ml/features/customers "HTTP/1.1 200 OK"
2026-05-06 00:11:54,406 [INFO] httpx: HTTP Request: GET http://testserver/api/ml/features/products "HTTP/1.1 200 OK"
2026-05-06 00:11:54,410 [INFO] httpx: HTTP Request: GET http://testserver/api/ml/recommendations "HTTP/1.1 200 OK"
2026-05-06 00:11:54,428 [INFO] httpx: HTTP Request: OPTIONS http://testserver/api/health "HTTP/1.1 200 OK"
2026-05-06 00:11:54,448 [INFO] banikos-api: User logged in: owner (Role: Admin)
2026-05-06 00:11:54,449 [INFO] httpx: HTTP Request: POST http://testserver/api/auth/login "HTTP/1.1 200 OK"
2026-05-06 00:11:54,457 [INFO] httpx: HTTP Request: POST http://testserver/api/customers "HTTP/1.1 201 Created"
2026-05-06 00:11:54,462 [INFO] httpx: HTTP Request: POST http://testserver/api/products "HTTP/1.1 201 Created"
2026-05-06 00:11:54,478 [INFO] banikos-api: Sale created: INV-20260506-0001 | Total: 20.0 | User: owner
2026-05-06 00:11:54,486 [INFO] httpx: HTTP Request: POST http://testserver/api/pos/sale "HTTP/1.1 200 OK"
2026-05-06 00:11:54,491 [INFO] httpx: HTTP Request: GET http://testserver/api/customers/5/due-payments "HTTP/1.1 200 OK"
2026-05-06 00:11:54,502 [INFO] httpx: HTTP Request: POST http://testserver/api/customers/5/due-payments "HTTP/1.1 201 Created"
2026-05-06 00:11:54,504 [INFO] httpx: HTTP Request: POST http://testserver/api/customers/5/due-payments "HTTP/1.1 400 Bad Request"
2026-05-06 00:11:54,507 [INFO] httpx: HTTP Request: GET http://testserver/api/customers/5/due-payments "HTTP/1.1 200 OK"
2026-05-06 00:11:54,528 [INFO] banikos-api: User logged in: owner (Role: Admin)
2026-05-06 00:11:54,528 [INFO] httpx: HTTP Request: POST http://testserver/api/auth/login "HTTP/1.1 200 OK"
2026-05-06 00:11:54,532 [INFO] httpx: HTTP Request: POST http://testserver/api/products "HTTP/1.1 201 Created"
2026-05-06 00:11:54,537 [INFO] httpx: HTTP Request: PATCH http://testserver/api/products/12/stock "HTTP/1.1 200 OK"
2026-05-06 00:11:54,539 [INFO] httpx: HTTP Request: PATCH http://testserver/api/products/12/stock "HTTP/1.1 400 Bad Request"
2026-05-06 00:11:54,545 [INFO] httpx: HTTP Request: POST http://testserver/api/admin/damages?product_id=12&quantity=4&reason=smoke "HTTP/1.1 200 OK"
2026-05-06 00:11:54,547 [INFO] httpx: HTTP Request: POST http://testserver/api/admin/damages?product_id=12&quantity=1&reason=smoke "HTTP/1.1 400 Bad Request"
2026-05-06 00:11:54,550 [INFO] httpx: HTTP Request: GET http://testserver/api/products?q=SMOKE-ERP-STOCK-001 "HTTP/1.1 200 OK"
2026-05-06 00:11:54,572 [INFO] banikos-api: User logged in: owner (Role: Admin)
2026-05-06 00:11:54,573 [INFO] httpx: HTTP Request: POST http://testserver/api/auth/login "HTTP/1.1 200 OK"
2026-05-06 00:11:54,576 [INFO] httpx: HTTP Request: POST http://testserver/api/products "HTTP/1.1 201 Created"
2026-05-06 00:11:54,580 [INFO] httpx: HTTP Request: POST http://testserver/api/vendors "HTTP/1.1 200 OK"
2026-05-06 00:11:54,592 [INFO] httpx: HTTP Request: POST http://testserver/api/purchases "HTTP/1.1 200 OK"
2026-05-06 00:11:54,602 [INFO] httpx: HTTP Request: POST http://testserver/api/purchases/return "HTTP/1.1 200 OK"
2026-05-06 00:11:54,608 [INFO] httpx: HTTP Request: POST http://testserver/api/vendors/1/pay "HTTP/1.1 200 OK"
2026-05-06 00:11:54,630 [INFO] banikos-api: User logged in: owner (Role: Admin)
2026-05-06 00:11:54,631 [INFO] httpx: HTTP Request: POST http://testserver/api/auth/login "HTTP/1.1 200 OK"
2026-05-06 00:11:54,637 [INFO] httpx: HTTP Request: POST http://testserver/api/admin/users "HTTP/1.1 200 OK"
2026-05-06 00:11:54,640 [INFO] httpx: HTTP Request: POST http://testserver/api/admin/users "HTTP/1.1 200 OK"
2026-05-06 00:11:54,643 [INFO] httpx: HTTP Request: POST http://testserver/api/admin/users "HTTP/1.1 200 OK"
2026-05-06 00:11:54,646 [INFO] httpx: HTTP Request: POST http://testserver/api/admin/users "HTTP/1.1 200 OK"
2026-05-06 00:11:54,649 [INFO] httpx: HTTP Request: POST http://testserver/api/admin/users "HTTP/1.1 200 OK"
2026-05-06 00:11:54,653 [INFO] httpx: HTTP Request: POST http://testserver/api/admin/users "HTTP/1.1 200 OK"
2026-05-06 00:11:54,654 [INFO] banikos-api: User logged in: ceo-rbac-smoke (Role: CEO)
2026-05-06 00:11:54,655 [INFO] httpx: HTTP Request: POST http://testserver/api/auth/login "HTTP/1.1 200 OK"
2026-05-06 00:11:54,656 [INFO] banikos-api: User logged in: coo-rbac-smoke (Role: COO)
2026-05-06 00:11:54,656 [INFO] httpx: HTTP Request: POST http://testserver/api/auth/login "HTTP/1.1 200 OK"
2026-05-06 00:11:54,657 [INFO] banikos-api: User logged in: cmo-rbac-smoke (Role: CMO)
2026-05-06 00:11:54,658 [INFO] httpx: HTTP Request: POST http://testserver/api/auth/login "HTTP/1.1 200 OK"
2026-05-06 00:11:54,659 [INFO] banikos-api: User logged in: cfo-rbac-smoke (Role: CFO)
2026-05-06 00:11:54,659 [INFO] httpx: HTTP Request: POST http://testserver/api/auth/login "HTTP/1.1 200 OK"
2026-05-06 00:11:54,660 [INFO] banikos-api: User logged in: social-rbac-smoke (Role: SocialAgent)
2026-05-06 00:11:54,661 [INFO] httpx: HTTP Request: POST http://testserver/api/auth/login "HTTP/1.1 200 OK"
2026-05-06 00:11:54,662 [INFO] banikos-api: User logged in: production-rbac-smoke (Role: ProductionWorker)
2026-05-06 00:11:54,662 [INFO] httpx: HTTP Request: POST http://testserver/api/auth/login "HTTP/1.1 200 OK"
2026-05-06 00:11:54,665 [INFO] httpx: HTTP Request: GET http://testserver/api/admin/users "HTTP/1.1 200 OK"
2026-05-06 00:11:54,669 [INFO] httpx: HTTP Request: GET http://testserver/api/finance/summary "HTTP/1.1 200 OK"
2026-05-06 00:11:54,673 [INFO] httpx: HTTP Request: GET http://testserver/api/ml/recommendations "HTTP/1.1 200 OK"
2026-05-06 00:11:54,681 [INFO] httpx: HTTP Request: GET http://testserver/api/tasks "HTTP/1.1 200 OK"
2026-05-06 00:11:54,688 [INFO] httpx: HTTP Request: GET http://testserver/api/dashboard/kpi "HTTP/1.1 200 OK"
2026-05-06 00:11:54,695 [INFO] httpx: HTTP Request: GET http://testserver/api/crm/orders "HTTP/1.1 200 OK"
2026-05-06 00:11:54,697 [INFO] httpx: HTTP Request: GET http://testserver/api/vendors "HTTP/1.1 200 OK"
2026-05-06 00:11:54,701 [INFO] httpx: HTTP Request: GET http://testserver/api/finance/summary "HTTP/1.1 200 OK"
2026-05-06 00:11:54,704 [INFO] httpx: HTTP Request: GET http://testserver/api/tasks "HTTP/1.1 200 OK"
2026-05-06 00:11:54,707 [INFO] httpx: HTTP Request: GET http://testserver/api/auth/staff "HTTP/1.1 200 OK"
2026-05-06 00:11:54,717 [INFO] httpx: HTTP Request: GET http://testserver/api/customers "HTTP/1.1 200 OK"
2026-05-06 00:11:54,720 [INFO] httpx: HTTP Request: GET http://testserver/api/crm/leads "HTTP/1.1 200 OK"
2026-05-06 00:11:54,726 [INFO] httpx: HTTP Request: GET http://testserver/api/tasks "HTTP/1.1 200 OK"
2026-05-06 00:11:54,729 [INFO] httpx: HTTP Request: GET http://testserver/api/ml/recommendations "HTTP/1.1 200 OK"
2026-05-06 00:11:54,732 [INFO] httpx: HTTP Request: GET http://testserver/api/auth/staff "HTTP/1.1 200 OK"
2026-05-06 00:11:54,733 [INFO] httpx: HTTP Request: GET http://testserver/api/finance/summary "HTTP/1.1 403 Forbidden"
2026-05-06 00:11:54,735 [INFO] httpx: HTTP Request: GET http://testserver/api/crm/orders "HTTP/1.1 403 Forbidden"
2026-05-06 00:11:54,737 [INFO] httpx: HTTP Request: GET http://testserver/api/admin/users "HTTP/1.1 403 Forbidden"
2026-05-06 00:11:54,740 [INFO] httpx: HTTP Request: GET http://testserver/api/finance/summary "HTTP/1.1 200 OK"
2026-05-06 00:11:54,743 [INFO] httpx: HTTP Request: GET http://testserver/api/finance/ledger "HTTP/1.1 200 OK"
2026-05-06 00:11:54,756 [INFO] httpx: HTTP Request: GET http://testserver/api/accounting/journals "HTTP/1.1 200 OK"
2026-05-06 00:11:54,758 [INFO] httpx: HTTP Request: GET http://testserver/api/tasks "HTTP/1.1 200 OK"
2026-05-06 00:11:54,765 [INFO] httpx: HTTP Request: POST http://testserver/api/finance/entry "HTTP/1.1 201 Created"
2026-05-06 00:11:54,767 [INFO] httpx: HTTP Request: GET http://testserver/api/customers "HTTP/1.1 403 Forbidden"
2026-05-06 00:11:54,770 [INFO] httpx: HTTP Request: GET http://testserver/api/crm/leads "HTTP/1.1 403 Forbidden"
2026-05-06 00:11:54,771 [INFO] httpx: HTTP Request: GET http://testserver/api/admin/users "HTTP/1.1 403 Forbidden"
2026-05-06 00:11:54,781 [INFO] httpx: HTTP Request: GET http://testserver/api/customers "HTTP/1.1 200 OK"
2026-05-06 00:11:54,789 [INFO] httpx: HTTP Request: GET http://testserver/api/crm/leads "HTTP/1.1 200 OK"
2026-05-06 00:11:54,791 [INFO] httpx: HTTP Request: GET http://testserver/api/tasks "HTTP/1.1 200 OK"
2026-05-06 00:11:54,793 [INFO] httpx: HTTP Request: GET http://testserver/api/products "HTTP/1.1 403 Forbidden"
2026-05-06 00:11:54,794 [INFO] httpx: HTTP Request: GET http://testserver/api/crm/orders "HTTP/1.1 403 Forbidden"
2026-05-06 00:11:54,796 [INFO] httpx: HTTP Request: GET http://testserver/api/finance/summary "HTTP/1.1 403 Forbidden"
2026-05-06 00:11:54,799 [INFO] httpx: HTTP Request: GET http://testserver/api/products "HTTP/1.1 200 OK"
2026-05-06 00:11:54,802 [INFO] httpx: HTTP Request: GET http://testserver/api/tasks "HTTP/1.1 200 OK"
2026-05-06 00:11:54,804 [INFO] httpx: HTTP Request: GET http://testserver/api/customers "HTTP/1.1 403 Forbidden"
2026-05-06 00:11:54,805 [INFO] httpx: HTTP Request: GET http://testserver/api/crm/leads "HTTP/1.1 403 Forbidden"
2026-05-06 00:11:54,807 [INFO] httpx: HTTP Request: GET http://testserver/api/crm/orders "HTTP/1.1 403 Forbidden"
2026-05-06 00:11:54,808 [INFO] httpx: HTTP Request: GET http://testserver/api/finance/summary "HTTP/1.1 403 Forbidden"
2026-05-06 00:11:54,830 [INFO] banikos-api: User logged in: owner (Role: Admin)
2026-05-06 00:11:54,831 [INFO] httpx: HTTP Request: POST http://testserver/api/auth/login "HTTP/1.1 200 OK"
2026-05-06 00:11:54,835 [INFO] httpx: HTTP Request: POST http://testserver/api/admin/users "HTTP/1.1 200 OK"
2026-05-06 00:11:54,838 [INFO] httpx: HTTP Request: POST http://testserver/api/admin/users "HTTP/1.1 200 OK"
2026-05-06 00:11:54,841 [INFO] httpx: HTTP Request: POST http://testserver/api/admin/users "HTTP/1.1 200 OK"
2026-05-06 00:11:54,842 [INFO] banikos-api: User logged in: cashier-rbac-smoke (Role: Cashier)
2026-05-06 00:11:54,842 [INFO] httpx: HTTP Request: POST http://testserver/api/auth/login "HTTP/1.1 200 OK"
2026-05-06 00:11:54,843 [INFO] banikos-api: User logged in: sales-rbac-smoke (Role: Salesman)
2026-05-06 00:11:54,844 [INFO] httpx: HTTP Request: POST http://testserver/api/auth/login "HTTP/1.1 200 OK"
2026-05-06 00:11:54,845 [INFO] banikos-api: User logged in: packaging-rbac-smoke (Role: Packaging)
2026-05-06 00:11:54,846 [INFO] httpx: HTTP Request: POST http://testserver/api/auth/login "HTTP/1.1 200 OK"
2026-05-06 00:11:54,848 [INFO] httpx: HTTP Request: GET http://testserver/api/products "HTTP/1.1 200 OK"
2026-05-06 00:11:54,858 [INFO] httpx: HTTP Request: GET http://testserver/api/customers "HTTP/1.1 200 OK"
2026-05-06 00:11:54,863 [INFO] httpx: HTTP Request: GET http://testserver/api/shifts/active "HTTP/1.1 200 OK"
2026-05-06 00:11:54,865 [INFO] httpx: HTTP Request: GET http://testserver/api/auth/staff "HTTP/1.1 200 OK"
2026-05-06 00:11:54,867 [INFO] httpx: HTTP Request: GET http://testserver/api/crm/leads "HTTP/1.1 403 Forbidden"
2026-05-06 00:11:54,869 [INFO] httpx: HTTP Request: GET http://testserver/api/crm/orders "HTTP/1.1 403 Forbidden"
2026-05-06 00:11:54,871 [INFO] httpx: HTTP Request: GET http://testserver/api/tasks "HTTP/1.1 403 Forbidden"
2026-05-06 00:11:54,872 [INFO] httpx: HTTP Request: GET http://testserver/api/finance/summary "HTTP/1.1 403 Forbidden"
2026-05-06 00:11:54,874 [INFO] httpx: HTTP Request: GET http://testserver/api/pos/sales "HTTP/1.1 403 Forbidden"
2026-05-06 00:11:54,876 [INFO] httpx: HTTP Request: GET http://testserver/api/auth/staff "HTTP/1.1 200 OK"
2026-05-06 00:11:54,879 [INFO] httpx: HTTP Request: GET http://testserver/api/products "HTTP/1.1 200 OK"
2026-05-06 00:11:54,889 [INFO] httpx: HTTP Request: GET http://testserver/api/customers "HTTP/1.1 200 OK"
2026-05-06 00:11:54,892 [INFO] httpx: HTTP Request: GET http://testserver/api/crm/leads "HTTP/1.1 200 OK"
2026-05-06 00:11:54,899 [INFO] httpx: HTTP Request: GET http://testserver/api/crm/orders "HTTP/1.1 200 OK"
2026-05-06 00:11:54,902 [INFO] httpx: HTTP Request: GET http://testserver/api/tasks "HTTP/1.1 200 OK"
2026-05-06 00:11:54,904 [INFO] httpx: HTTP Request: GET http://testserver/api/finance/summary "HTTP/1.1 403 Forbidden"
2026-05-06 00:11:54,906 [INFO] httpx: HTTP Request: GET http://testserver/api/vendors "HTTP/1.1 403 Forbidden"
2026-05-06 00:11:54,908 [INFO] httpx: HTTP Request: GET http://testserver/api/pos/sales "HTTP/1.1 403 Forbidden"
2026-05-06 00:11:54,910 [INFO] httpx: HTTP Request: GET http://testserver/api/products "HTTP/1.1 200 OK"
2026-05-06 00:11:54,912 [INFO] httpx: HTTP Request: GET http://testserver/api/tasks "HTTP/1.1 200 OK"
2026-05-06 00:11:54,914 [INFO] httpx: HTTP Request: GET http://testserver/api/customers "HTTP/1.1 403 Forbidden"
2026-05-06 00:11:54,915 [INFO] httpx: HTTP Request: GET http://testserver/api/crm/leads "HTTP/1.1 403 Forbidden"
2026-05-06 00:11:54,917 [INFO] httpx: HTTP Request: GET http://testserver/api/crm/orders "HTTP/1.1 403 Forbidden"
2026-05-06 00:11:54,919 [INFO] httpx: HTTP Request: GET http://testserver/api/finance/summary "HTTP/1.1 403 Forbidden"
2026-05-06 00:11:54,940 [INFO] banikos-api: User logged in: owner (Role: Admin)
2026-05-06 00:11:54,941 [INFO] httpx: HTTP Request: POST http://testserver/api/auth/login "HTTP/1.1 200 OK"
2026-05-06 00:11:54,953 [INFO] httpx: HTTP Request: POST http://testserver/api/internal-threads "HTTP/1.1 201 Created"
2026-05-06 00:11:54,962 [INFO] httpx: HTTP Request: GET http://testserver/api/internal-threads?status=Open "HTTP/1.1 200 OK"
2026-05-06 00:11:54,973 [INFO] httpx: HTTP Request: PATCH http://testserver/api/internal-threads/1 "HTTP/1.1 200 OK"
2026-05-06 00:11:54,979 [INFO] httpx: HTTP Request: POST http://testserver/api/internal-threads/1/messages "HTTP/1.1 200 OK"
2026-05-06 00:11:55,000 [INFO] banikos-api: User logged in: owner (Role: Admin)
2026-05-06 00:11:55,001 [INFO] httpx: HTTP Request: POST http://testserver/api/auth/login "HTTP/1.1 200 OK"
2026-05-06 00:11:55,019 [INFO] httpx: HTTP Request: POST http://testserver/api/tasks "HTTP/1.1 201 Created"
2026-05-06 00:11:55,022 [INFO] httpx: HTTP Request: GET http://testserver/api/tasks?status=Open "HTTP/1.1 200 OK"
2026-05-06 00:11:55,037 [INFO] httpx: HTTP Request: PATCH http://testserver/api/tasks/1 "HTTP/1.1 200 OK"
2026-05-06 00:11:55,059 [INFO] banikos-api: User logged in: owner (Role: Admin)
2026-05-06 00:11:55,059 [INFO] httpx: HTTP Request: POST http://testserver/api/auth/login "HTTP/1.1 200 OK"
2026-05-06 00:11:55,063 [INFO] httpx: HTTP Request: POST http://testserver/api/admin/users "HTTP/1.1 200 OK"
2026-05-06 00:11:55,067 [INFO] httpx: HTTP Request: GET http://testserver/api/payroll/summary?month=2026-05 "HTTP/1.1 200 OK"
2026-05-06 00:11:55,076 [INFO] httpx: HTTP Request: POST http://testserver/api/payroll/cut "HTTP/1.1 201 Created"
2026-05-06 00:11:55,087 [INFO] httpx: HTTP Request: POST http://testserver/api/payroll/pay "HTTP/1.1 201 Created"
2026-05-06 00:11:55,090 [INFO] httpx: HTTP Request: POST http://testserver/api/payroll/pay "HTTP/1.1 400 Bad Request"
2026-05-06 00:11:55,093 [INFO] httpx: HTTP Request: GET http://testserver/api/payroll/summary?month=2026-05 "HTTP/1.1 200 OK"
2026-05-06 00:11:55,116 [INFO] banikos-api: User logged in: owner (Role: Admin)
2026-05-06 00:11:55,117 [INFO] httpx: HTTP Request: POST http://testserver/api/auth/login "HTTP/1.1 200 OK"
2026-05-06 00:11:55,119 [INFO] httpx: HTTP Request: GET http://testserver/api/finance/recurring-expenses "HTTP/1.1 200 OK"
2026-05-06 00:11:55,124 [INFO] httpx: HTTP Request: POST http://testserver/api/finance/recurring-expenses "HTTP/1.1 201 Created"
2026-05-06 00:11:55,129 [INFO] httpx: HTTP Request: PATCH http://testserver/api/finance/recurring-expenses/1 "HTTP/1.1 200 OK"
2026-05-06 00:11:55,143 [INFO] httpx: HTTP Request: POST http://testserver/api/finance/recurring-expenses/1/run?month=2026-05 "HTTP/1.1 201 Created"
2026-05-06 00:11:55,146 [INFO] httpx: HTTP Request: POST http://testserver/api/finance/recurring-expenses/1/run?month=2026-05 "HTTP/1.1 400 Bad Request"
2026-05-06 00:11:55,148 [INFO] httpx: HTTP Request: GET http://testserver/api/finance/recurring-expenses "HTTP/1.1 200 OK"
2026-05-06 00:15:16,431 [INFO] banikos-api: User logged in: owner (Role: Admin)
2026-05-06 00:15:16,432 [INFO] httpx: HTTP Request: POST http://testserver/api/auth/login "HTTP/1.1 200 OK"
2026-05-06 00:15:16,440 [INFO] banikos-api: Company settings updated
2026-05-06 00:15:16,441 [INFO] httpx: HTTP Request: PATCH http://testserver/api/settings/company "HTTP/1.1 200 OK"
2026-05-06 00:15:16,444 [INFO] httpx: HTTP Request: GET http://testserver/api/auth/staff "HTTP/1.1 200 OK"
2026-05-06 00:15:16,446 [INFO] httpx: HTTP Request: GET http://testserver/api/settings/company "HTTP/1.1 200 OK"
2026-05-06 00:15:16,462 [INFO] httpx: HTTP Request: GET http://testserver/api/customers "HTTP/1.1 200 OK"
2026-05-06 00:15:16,466 [INFO] httpx: HTTP Request: GET http://testserver/api/products "HTTP/1.1 200 OK"
2026-05-06 00:15:16,469 [INFO] httpx: HTTP Request: GET http://testserver/api/vendors "HTTP/1.1 200 OK"
2026-05-06 00:15:16,477 [INFO] httpx: HTTP Request: GET http://testserver/api/crm/leads "HTTP/1.1 200 OK"
2026-05-06 00:15:16,492 [INFO] httpx: HTTP Request: GET http://testserver/api/finance/summary "HTTP/1.1 200 OK"
2026-05-06 00:15:16,495 [INFO] httpx: HTTP Request: GET http://testserver/api/finance/chart-accounts "HTTP/1.1 200 OK"
2026-05-06 00:15:16,499 [INFO] httpx: HTTP Request: GET http://testserver/api/finance/ledger "HTTP/1.1 200 OK"
2026-05-06 00:15:16,502 [INFO] httpx: HTTP Request: GET http://testserver/api/finance/daily-summary "HTTP/1.1 200 OK"
2026-05-06 00:15:16,572 [INFO] httpx: HTTP Request: GET http://testserver/api/finance/recurring-expenses "HTTP/1.1 200 OK"
2026-05-06 00:15:16,579 [INFO] httpx: HTTP Request: GET http://testserver/api/ml/features/customers "HTTP/1.1 200 OK"
2026-05-06 00:15:16,584 [INFO] httpx: HTTP Request: GET http://testserver/api/ml/features/products "HTTP/1.1 200 OK"
2026-05-06 00:15:16,588 [INFO] httpx: HTTP Request: GET http://testserver/api/ml/recommendations "HTTP/1.1 200 OK"
2026-05-06 00:15:16,605 [INFO] httpx: HTTP Request: OPTIONS http://testserver/api/health "HTTP/1.1 200 OK"
2026-05-06 00:15:16,623 [INFO] banikos-api: User logged in: owner (Role: Admin)
2026-05-06 00:15:16,624 [INFO] httpx: HTTP Request: POST http://testserver/api/auth/login "HTTP/1.1 200 OK"
2026-05-06 00:15:16,631 [INFO] httpx: HTTP Request: POST http://testserver/api/customers "HTTP/1.1 201 Created"
2026-05-06 00:15:16,636 [INFO] httpx: HTTP Request: POST http://testserver/api/products "HTTP/1.1 201 Created"
2026-05-06 00:15:16,651 [INFO] banikos-api: Sale created: INV-20260506-0001 | Total: 20.0 | User: owner
2026-05-06 00:15:16,658 [INFO] httpx: HTTP Request: POST http://testserver/api/pos/sale "HTTP/1.1 200 OK"
2026-05-06 00:15:16,663 [INFO] httpx: HTTP Request: GET http://testserver/api/customers/5/due-payments "HTTP/1.1 200 OK"
2026-05-06 00:15:16,673 [INFO] httpx: HTTP Request: POST http://testserver/api/customers/5/due-payments "HTTP/1.1 201 Created"
2026-05-06 00:15:16,675 [INFO] httpx: HTTP Request: POST http://testserver/api/customers/5/due-payments "HTTP/1.1 400 Bad Request"
2026-05-06 00:15:16,678 [INFO] httpx: HTTP Request: GET http://testserver/api/customers/5/due-payments "HTTP/1.1 200 OK"
2026-05-06 00:15:16,698 [INFO] banikos-api: User logged in: owner (Role: Admin)
2026-05-06 00:15:16,699 [INFO] httpx: HTTP Request: POST http://testserver/api/auth/login "HTTP/1.1 200 OK"
2026-05-06 00:15:16,702 [INFO] httpx: HTTP Request: POST http://testserver/api/products "HTTP/1.1 201 Created"
2026-05-06 00:15:16,706 [INFO] httpx: HTTP Request: PATCH http://testserver/api/products/12/stock "HTTP/1.1 200 OK"
2026-05-06 00:15:16,708 [INFO] httpx: HTTP Request: PATCH http://testserver/api/products/12/stock "HTTP/1.1 400 Bad Request"
2026-05-06 00:15:16,714 [INFO] httpx: HTTP Request: POST http://testserver/api/admin/damages?product_id=12&quantity=4&reason=smoke "HTTP/1.1 200 OK"
2026-05-06 00:15:16,716 [INFO] httpx: HTTP Request: POST http://testserver/api/admin/damages?product_id=12&quantity=1&reason=smoke "HTTP/1.1 400 Bad Request"
2026-05-06 00:15:16,719 [INFO] httpx: HTTP Request: GET http://testserver/api/products?q=SMOKE-ERP-STOCK-001 "HTTP/1.1 200 OK"
2026-05-06 00:15:16,740 [INFO] banikos-api: User logged in: owner (Role: Admin)
2026-05-06 00:15:16,741 [INFO] httpx: HTTP Request: POST http://testserver/api/auth/login "HTTP/1.1 200 OK"
2026-05-06 00:15:16,744 [INFO] httpx: HTTP Request: POST http://testserver/api/products "HTTP/1.1 201 Created"
2026-05-06 00:15:16,748 [INFO] httpx: HTTP Request: POST http://testserver/api/vendors "HTTP/1.1 200 OK"
2026-05-06 00:15:16,760 [INFO] httpx: HTTP Request: POST http://testserver/api/purchases "HTTP/1.1 200 OK"
2026-05-06 00:15:16,770 [INFO] httpx: HTTP Request: POST http://testserver/api/purchases/return "HTTP/1.1 200 OK"
2026-05-06 00:15:16,776 [INFO] httpx: HTTP Request: POST http://testserver/api/vendors/1/pay "HTTP/1.1 200 OK"
2026-05-06 00:15:16,798 [INFO] banikos-api: User logged in: owner (Role: Admin)
2026-05-06 00:15:16,799 [INFO] httpx: HTTP Request: POST http://testserver/api/auth/login "HTTP/1.1 200 OK"
2026-05-06 00:15:16,804 [INFO] httpx: HTTP Request: POST http://testserver/api/admin/users "HTTP/1.1 200 OK"
2026-05-06 00:15:16,807 [INFO] httpx: HTTP Request: POST http://testserver/api/admin/users "HTTP/1.1 200 OK"
2026-05-06 00:15:16,810 [INFO] httpx: HTTP Request: POST http://testserver/api/admin/users "HTTP/1.1 200 OK"
2026-05-06 00:15:16,813 [INFO] httpx: HTTP Request: POST http://testserver/api/admin/users "HTTP/1.1 200 OK"
2026-05-06 00:15:16,816 [INFO] httpx: HTTP Request: POST http://testserver/api/admin/users "HTTP/1.1 200 OK"
2026-05-06 00:15:16,819 [INFO] httpx: HTTP Request: POST http://testserver/api/admin/users "HTTP/1.1 200 OK"
2026-05-06 00:15:16,820 [INFO] banikos-api: User logged in: ceo-rbac-smoke (Role: CEO)
2026-05-06 00:15:16,820 [INFO] httpx: HTTP Request: POST http://testserver/api/auth/login "HTTP/1.1 200 OK"
2026-05-06 00:15:16,821 [INFO] banikos-api: User logged in: coo-rbac-smoke (Role: COO)
2026-05-06 00:15:16,822 [INFO] httpx: HTTP Request: POST http://testserver/api/auth/login "HTTP/1.1 200 OK"
2026-05-06 00:15:16,823 [INFO] banikos-api: User logged in: cmo-rbac-smoke (Role: CMO)
2026-05-06 00:15:16,824 [INFO] httpx: HTTP Request: POST http://testserver/api/auth/login "HTTP/1.1 200 OK"
2026-05-06 00:15:16,825 [INFO] banikos-api: User logged in: cfo-rbac-smoke (Role: CFO)
2026-05-06 00:15:16,826 [INFO] httpx: HTTP Request: POST http://testserver/api/auth/login "HTTP/1.1 200 OK"
2026-05-06 00:15:16,827 [INFO] banikos-api: User logged in: social-rbac-smoke (Role: SocialAgent)
2026-05-06 00:15:16,827 [INFO] httpx: HTTP Request: POST http://testserver/api/auth/login "HTTP/1.1 200 OK"
2026-05-06 00:15:16,828 [INFO] banikos-api: User logged in: production-rbac-smoke (Role: ProductionWorker)
2026-05-06 00:15:16,829 [INFO] httpx: HTTP Request: POST http://testserver/api/auth/login "HTTP/1.1 200 OK"
2026-05-06 00:15:16,832 [INFO] httpx: HTTP Request: GET http://testserver/api/admin/users "HTTP/1.1 200 OK"
2026-05-06 00:15:16,835 [INFO] httpx: HTTP Request: GET http://testserver/api/finance/summary "HTTP/1.1 200 OK"
2026-05-06 00:15:16,839 [INFO] httpx: HTTP Request: GET http://testserver/api/ml/recommendations "HTTP/1.1 200 OK"
2026-05-06 00:15:16,847 [INFO] httpx: HTTP Request: GET http://testserver/api/tasks "HTTP/1.1 200 OK"
2026-05-06 00:15:16,853 [INFO] httpx: HTTP Request: GET http://testserver/api/dashboard/kpi "HTTP/1.1 200 OK"
2026-05-06 00:15:16,860 [INFO] httpx: HTTP Request: GET http://testserver/api/crm/orders "HTTP/1.1 200 OK"
2026-05-06 00:15:16,862 [INFO] httpx: HTTP Request: GET http://testserver/api/vendors "HTTP/1.1 200 OK"
2026-05-06 00:15:16,865 [INFO] httpx: HTTP Request: GET http://testserver/api/finance/summary "HTTP/1.1 200 OK"
2026-05-06 00:15:16,868 [INFO] httpx: HTTP Request: GET http://testserver/api/tasks "HTTP/1.1 200 OK"
2026-05-06 00:15:16,870 [INFO] httpx: HTTP Request: GET http://testserver/api/auth/staff "HTTP/1.1 200 OK"
2026-05-06 00:15:16,880 [INFO] httpx: HTTP Request: GET http://testserver/api/customers "HTTP/1.1 200 OK"
2026-05-06 00:15:16,882 [INFO] httpx: HTTP Request: GET http://testserver/api/crm/leads "HTTP/1.1 200 OK"
2026-05-06 00:15:16,888 [INFO] httpx: HTTP Request: GET http://testserver/api/tasks "HTTP/1.1 200 OK"
2026-05-06 00:15:16,892 [INFO] httpx: HTTP Request: GET http://testserver/api/ml/recommendations "HTTP/1.1 200 OK"
2026-05-06 00:15:16,894 [INFO] httpx: HTTP Request: GET http://testserver/api/auth/staff "HTTP/1.1 200 OK"
2026-05-06 00:15:16,895 [INFO] httpx: HTTP Request: GET http://testserver/api/finance/summary "HTTP/1.1 403 Forbidden"
2026-05-06 00:15:16,897 [INFO] httpx: HTTP Request: GET http://testserver/api/crm/orders "HTTP/1.1 403 Forbidden"
2026-05-06 00:15:16,898 [INFO] httpx: HTTP Request: GET http://testserver/api/admin/users "HTTP/1.1 403 Forbidden"
2026-05-06 00:15:16,902 [INFO] httpx: HTTP Request: GET http://testserver/api/finance/summary "HTTP/1.1 200 OK"
2026-05-06 00:15:16,905 [INFO] httpx: HTTP Request: GET http://testserver/api/finance/ledger "HTTP/1.1 200 OK"
2026-05-06 00:15:16,918 [INFO] httpx: HTTP Request: GET http://testserver/api/accounting/journals "HTTP/1.1 200 OK"
2026-05-06 00:15:16,920 [INFO] httpx: HTTP Request: GET http://testserver/api/tasks "HTTP/1.1 200 OK"
2026-05-06 00:15:16,927 [INFO] httpx: HTTP Request: POST http://testserver/api/finance/entry "HTTP/1.1 201 Created"
2026-05-06 00:15:16,929 [INFO] httpx: HTTP Request: GET http://testserver/api/customers "HTTP/1.1 403 Forbidden"
2026-05-06 00:15:16,930 [INFO] httpx: HTTP Request: GET http://testserver/api/crm/leads "HTTP/1.1 403 Forbidden"
2026-05-06 00:15:16,932 [INFO] httpx: HTTP Request: GET http://testserver/api/admin/users "HTTP/1.1 403 Forbidden"
2026-05-06 00:15:16,942 [INFO] httpx: HTTP Request: GET http://testserver/api/customers "HTTP/1.1 200 OK"
2026-05-06 00:15:16,948 [INFO] httpx: HTTP Request: GET http://testserver/api/crm/leads "HTTP/1.1 200 OK"
2026-05-06 00:15:16,951 [INFO] httpx: HTTP Request: GET http://testserver/api/tasks "HTTP/1.1 200 OK"
2026-05-06 00:15:16,952 [INFO] httpx: HTTP Request: GET http://testserver/api/products "HTTP/1.1 403 Forbidden"
2026-05-06 00:15:16,954 [INFO] httpx: HTTP Request: GET http://testserver/api/crm/orders "HTTP/1.1 403 Forbidden"
2026-05-06 00:15:16,955 [INFO] httpx: HTTP Request: GET http://testserver/api/finance/summary "HTTP/1.1 403 Forbidden"
2026-05-06 00:15:16,958 [INFO] httpx: HTTP Request: GET http://testserver/api/products "HTTP/1.1 200 OK"
2026-05-06 00:15:16,960 [INFO] httpx: HTTP Request: GET http://testserver/api/tasks "HTTP/1.1 200 OK"
2026-05-06 00:15:16,961 [INFO] httpx: HTTP Request: GET http://testserver/api/customers "HTTP/1.1 403 Forbidden"
2026-05-06 00:15:16,963 [INFO] httpx: HTTP Request: GET http://testserver/api/crm/leads "HTTP/1.1 403 Forbidden"
2026-05-06 00:15:16,964 [INFO] httpx: HTTP Request: GET http://testserver/api/crm/orders "HTTP/1.1 403 Forbidden"
2026-05-06 00:15:16,966 [INFO] httpx: HTTP Request: GET http://testserver/api/finance/summary "HTTP/1.1 403 Forbidden"
2026-05-06 00:15:16,988 [INFO] banikos-api: User logged in: owner (Role: Admin)
2026-05-06 00:15:16,988 [INFO] httpx: HTTP Request: POST http://testserver/api/auth/login "HTTP/1.1 200 OK"
2026-05-06 00:15:16,992 [INFO] httpx: HTTP Request: POST http://testserver/api/admin/users "HTTP/1.1 200 OK"
2026-05-06 00:15:16,995 [INFO] httpx: HTTP Request: POST http://testserver/api/admin/users "HTTP/1.1 200 OK"
2026-05-06 00:15:16,998 [INFO] httpx: HTTP Request: POST http://testserver/api/admin/users "HTTP/1.1 200 OK"
2026-05-06 00:15:16,999 [INFO] banikos-api: User logged in: cashier-rbac-smoke (Role: Cashier)
2026-05-06 00:15:17,000 [INFO] httpx: HTTP Request: POST http://testserver/api/auth/login "HTTP/1.1 200 OK"
2026-05-06 00:15:17,001 [INFO] banikos-api: User logged in: sales-rbac-smoke (Role: Salesman)
2026-05-06 00:15:17,001 [INFO] httpx: HTTP Request: POST http://testserver/api/auth/login "HTTP/1.1 200 OK"
2026-05-06 00:15:17,002 [INFO] banikos-api: User logged in: packaging-rbac-smoke (Role: Packaging)
2026-05-06 00:15:17,003 [INFO] httpx: HTTP Request: POST http://testserver/api/auth/login "HTTP/1.1 200 OK"
2026-05-06 00:15:17,005 [INFO] httpx: HTTP Request: GET http://testserver/api/products "HTTP/1.1 200 OK"
2026-05-06 00:15:17,015 [INFO] httpx: HTTP Request: GET http://testserver/api/customers "HTTP/1.1 200 OK"
2026-05-06 00:15:17,019 [INFO] httpx: HTTP Request: GET http://testserver/api/shifts/active "HTTP/1.1 200 OK"
2026-05-06 00:15:17,021 [INFO] httpx: HTTP Request: GET http://testserver/api/auth/staff "HTTP/1.1 200 OK"
2026-05-06 00:15:17,023 [INFO] httpx: HTTP Request: GET http://testserver/api/crm/leads "HTTP/1.1 403 Forbidden"
2026-05-06 00:15:17,024 [INFO] httpx: HTTP Request: GET http://testserver/api/crm/orders "HTTP/1.1 403 Forbidden"
2026-05-06 00:15:17,026 [INFO] httpx: HTTP Request: GET http://testserver/api/tasks "HTTP/1.1 403 Forbidden"
2026-05-06 00:15:17,028 [INFO] httpx: HTTP Request: GET http://testserver/api/finance/summary "HTTP/1.1 403 Forbidden"
2026-05-06 00:15:17,030 [INFO] httpx: HTTP Request: GET http://testserver/api/pos/sales "HTTP/1.1 403 Forbidden"
2026-05-06 00:15:17,032 [INFO] httpx: HTTP Request: GET http://testserver/api/auth/staff "HTTP/1.1 200 OK"
2026-05-06 00:15:17,034 [INFO] httpx: HTTP Request: GET http://testserver/api/products "HTTP/1.1 200 OK"
2026-05-06 00:15:17,044 [INFO] httpx: HTTP Request: GET http://testserver/api/customers "HTTP/1.1 200 OK"
2026-05-06 00:15:17,046 [INFO] httpx: HTTP Request: GET http://testserver/api/crm/leads "HTTP/1.1 200 OK"
2026-05-06 00:15:17,053 [INFO] httpx: HTTP Request: GET http://testserver/api/crm/orders "HTTP/1.1 200 OK"
2026-05-06 00:15:17,055 [INFO] httpx: HTTP Request: GET http://testserver/api/tasks "HTTP/1.1 200 OK"
2026-05-06 00:15:17,057 [INFO] httpx: HTTP Request: GET http://testserver/api/finance/summary "HTTP/1.1 403 Forbidden"
2026-05-06 00:15:17,058 [INFO] httpx: HTTP Request: GET http://testserver/api/vendors "HTTP/1.1 403 Forbidden"
2026-05-06 00:15:17,060 [INFO] httpx: HTTP Request: GET http://testserver/api/pos/sales "HTTP/1.1 403 Forbidden"
2026-05-06 00:15:17,062 [INFO] httpx: HTTP Request: GET http://testserver/api/products "HTTP/1.1 200 OK"
2026-05-06 00:15:17,065 [INFO] httpx: HTTP Request: GET http://testserver/api/tasks "HTTP/1.1 200 OK"
2026-05-06 00:15:17,066 [INFO] httpx: HTTP Request: GET http://testserver/api/customers "HTTP/1.1 403 Forbidden"
2026-05-06 00:15:17,068 [INFO] httpx: HTTP Request: GET http://testserver/api/crm/leads "HTTP/1.1 403 Forbidden"
2026-05-06 00:15:17,070 [INFO] httpx: HTTP Request: GET http://testserver/api/crm/orders "HTTP/1.1 403 Forbidden"
2026-05-06 00:15:17,071 [INFO] httpx: HTTP Request: GET http://testserver/api/finance/summary "HTTP/1.1 403 Forbidden"
2026-05-06 00:15:17,093 [INFO] banikos-api: User logged in: owner (Role: Admin)
2026-05-06 00:15:17,094 [INFO] httpx: HTTP Request: POST http://testserver/api/auth/login "HTTP/1.1 200 OK"
2026-05-06 00:15:17,106 [INFO] httpx: HTTP Request: POST http://testserver/api/internal-threads "HTTP/1.1 201 Created"
2026-05-06 00:15:17,115 [INFO] httpx: HTTP Request: GET http://testserver/api/internal-threads?status=Open "HTTP/1.1 200 OK"
2026-05-06 00:15:17,125 [INFO] httpx: HTTP Request: PATCH http://testserver/api/internal-threads/1 "HTTP/1.1 200 OK"
2026-05-06 00:15:17,131 [INFO] httpx: HTTP Request: POST http://testserver/api/internal-threads/1/messages "HTTP/1.1 200 OK"
2026-05-06 00:15:17,153 [INFO] banikos-api: User logged in: owner (Role: Admin)
2026-05-06 00:15:17,153 [INFO] httpx: HTTP Request: POST http://testserver/api/auth/login "HTTP/1.1 200 OK"
2026-05-06 00:15:17,171 [INFO] httpx: HTTP Request: POST http://testserver/api/tasks "HTTP/1.1 201 Created"
2026-05-06 00:15:17,174 [INFO] httpx: HTTP Request: GET http://testserver/api/tasks?status=Open "HTTP/1.1 200 OK"
2026-05-06 00:15:17,189 [INFO] httpx: HTTP Request: PATCH http://testserver/api/tasks/1 "HTTP/1.1 200 OK"
2026-05-06 00:15:17,210 [INFO] banikos-api: User logged in: owner (Role: Admin)
2026-05-06 00:15:17,210 [INFO] httpx: HTTP Request: POST http://testserver/api/auth/login "HTTP/1.1 200 OK"
2026-05-06 00:15:17,214 [INFO] httpx: HTTP Request: POST http://testserver/api/admin/users "HTTP/1.1 200 OK"
2026-05-06 00:15:17,217 [INFO] httpx: HTTP Request: GET http://testserver/api/payroll/summary?month=2026-05 "HTTP/1.1 200 OK"
2026-05-06 00:15:17,226 [INFO] httpx: HTTP Request: POST http://testserver/api/payroll/cut "HTTP/1.1 201 Created"
2026-05-06 00:15:17,237 [INFO] httpx: HTTP Request: POST http://testserver/api/payroll/pay "HTTP/1.1 201 Created"
2026-05-06 00:15:17,239 [INFO] httpx: HTTP Request: POST http://testserver/api/payroll/pay "HTTP/1.1 400 Bad Request"
2026-05-06 00:15:17,242 [INFO] httpx: HTTP Request: GET http://testserver/api/payroll/summary?month=2026-05 "HTTP/1.1 200 OK"
2026-05-06 00:15:17,264 [INFO] banikos-api: User logged in: owner (Role: Admin)
2026-05-06 00:15:17,264 [INFO] httpx: HTTP Request: POST http://testserver/api/auth/login "HTTP/1.1 200 OK"
2026-05-06 00:15:17,266 [INFO] httpx: HTTP Request: GET http://testserver/api/finance/recurring-expenses "HTTP/1.1 200 OK"
2026-05-06 00:15:17,271 [INFO] httpx: HTTP Request: POST http://testserver/api/finance/recurring-expenses "HTTP/1.1 201 Created"
2026-05-06 00:15:17,276 [INFO] httpx: HTTP Request: PATCH http://testserver/api/finance/recurring-expenses/1 "HTTP/1.1 200 OK"
2026-05-06 00:15:17,289 [INFO] httpx: HTTP Request: POST http://testserver/api/finance/recurring-expenses/1/run?month=2026-05 "HTTP/1.1 201 Created"
2026-05-06 00:15:17,292 [INFO] httpx: HTTP Request: POST http://testserver/api/finance/recurring-expenses/1/run?month=2026-05 "HTTP/1.1 400 Bad Request"
2026-05-06 00:15:17,294 [INFO] httpx: HTTP Request: GET http://testserver/api/finance/recurring-expenses "HTTP/1.1 200 OK"
2026-05-06 00:19:59,716 [INFO] banikos-api: User logged in: owner (Role: Admin)
2026-05-06 00:20:25,307 [INFO] banikos-api: User logged in: owner (Role: Admin)
2026-05-06 00:22:41,217 [INFO] banikos-api: User logged in: owner (Role: Admin)
2026-05-06 00:23:38,104 [INFO] banikos-api: Sale created: INV-20260506-0001 | Total: 402.5 | User: owner
2026-05-06 00:25:01,247 [INFO] banikos-api: User logged in: Abdul Malek (Role: Cashier)
2026-05-06 00:25:28,080 [INFO] banikos-api: User logged in: owner (Role: Admin)
2026-05-06 00:26:05,055 [INFO] banikos-api: User logged in: a (Role: CMO)
2026-05-07 17:00:18,096 [INFO] banikos-api: User logged in: owner (Role: Admin)
2026-05-07 17:00:18,099 [INFO] httpx: HTTP Request: POST http://testserver/api/auth/login "HTTP/1.1 200 OK"
2026-05-07 17:00:18,104 [INFO] httpx: HTTP Request: GET http://testserver/api/accounting/cost-centers "HTTP/1.1 200 OK"
2026-05-07 17:00:18,107 [INFO] httpx: HTTP Request: GET http://testserver/api/accounting/payment-channels "HTTP/1.1 200 OK"
2026-05-07 17:00:18,111 [INFO] httpx: HTTP Request: GET http://testserver/api/accounting/chart-of-accounts "HTTP/1.1 200 OK"
2026-05-07 17:00:18,114 [INFO] httpx: HTTP Request: GET http://testserver/api/accounting/periods "HTTP/1.1 200 OK"
2026-05-07 17:00:18,123 [INFO] httpx: HTTP Request: GET http://testserver/api/accounting/journals "HTTP/1.1 200 OK"
2026-05-07 17:00:18,201 [INFO] banikos-api: User logged in: owner (Role: Admin)
2026-05-07 17:00:18,202 [INFO] httpx: HTTP Request: POST http://testserver/api/auth/login "HTTP/1.1 200 OK"
2026-05-07 17:00:18,210 [INFO] banikos-api: Company settings updated
2026-05-07 17:00:18,211 [INFO] httpx: HTTP Request: PATCH http://testserver/api/settings/company "HTTP/1.1 200 OK"
2026-05-07 17:00:18,214 [INFO] httpx: HTTP Request: GET http://testserver/api/auth/staff "HTTP/1.1 200 OK"
2026-05-07 17:00:18,216 [INFO] httpx: HTTP Request: GET http://testserver/api/settings/company "HTTP/1.1 200 OK"
2026-05-07 17:00:18,237 [INFO] httpx: HTTP Request: GET http://testserver/api/customers "HTTP/1.1 200 OK"
2026-05-07 17:00:18,242 [INFO] httpx: HTTP Request: GET http://testserver/api/products "HTTP/1.1 200 OK"
2026-05-07 17:00:18,245 [INFO] httpx: HTTP Request: GET http://testserver/api/vendors "HTTP/1.1 200 OK"
2026-05-07 17:00:18,328 [INFO] httpx: HTTP Request: GET http://testserver/api/crm/leads "HTTP/1.1 200 OK"
2026-05-07 17:00:18,346 [INFO] httpx: HTTP Request: GET http://testserver/api/finance/summary "HTTP/1.1 200 OK"
2026-05-07 17:00:18,349 [INFO] httpx: HTTP Request: GET http://testserver/api/finance/chart-accounts "HTTP/1.1 200 OK"
2026-05-07 17:00:18,353 [INFO] httpx: HTTP Request: GET http://testserver/api/finance/ledger "HTTP/1.1 200 OK"
2026-05-07 17:00:18,356 [INFO] httpx: HTTP Request: GET http://testserver/api/finance/daily-summary "HTTP/1.1 200 OK"
2026-05-07 17:00:18,360 [INFO] httpx: HTTP Request: GET http://testserver/api/finance/recurring-expenses "HTTP/1.1 200 OK"
2026-05-07 17:00:18,368 [INFO] httpx: HTTP Request: GET http://testserver/api/ml/features/customers "HTTP/1.1 200 OK"
2026-05-07 17:00:18,372 [INFO] httpx: HTTP Request: GET http://testserver/api/ml/features/products "HTTP/1.1 200 OK"
2026-05-07 17:00:18,377 [INFO] httpx: HTTP Request: GET http://testserver/api/ml/recommendations "HTTP/1.1 200 OK"
2026-05-07 17:00:18,395 [INFO] httpx: HTTP Request: OPTIONS http://testserver/api/health "HTTP/1.1 200 OK"
2026-05-07 17:00:18,414 [INFO] banikos-api: User logged in: owner (Role: Admin)
2026-05-07 17:00:18,414 [INFO] httpx: HTTP Request: POST http://testserver/api/auth/login "HTTP/1.1 200 OK"
2026-05-07 17:00:18,421 [INFO] httpx: HTTP Request: POST http://testserver/api/customers "HTTP/1.1 201 Created"
2026-05-07 17:00:18,426 [INFO] httpx: HTTP Request: POST http://testserver/api/products "HTTP/1.1 201 Created"
2026-05-07 17:00:18,441 [INFO] banikos-api: Sale created: INV-20260507-0004 | Total: 20.0 | User: owner
2026-05-07 17:00:18,448 [INFO] httpx: HTTP Request: POST http://testserver/api/pos/sale "HTTP/1.1 200 OK"
2026-05-07 17:00:18,454 [INFO] httpx: HTTP Request: GET http://testserver/api/customers/5/due-payments "HTTP/1.1 200 OK"
2026-05-07 17:00:18,465 [INFO] httpx: HTTP Request: POST http://testserver/api/customers/5/due-payments "HTTP/1.1 201 Created"
2026-05-07 17:00:18,467 [INFO] httpx: HTTP Request: POST http://testserver/api/customers/5/due-payments "HTTP/1.1 400 Bad Request"
2026-05-07 17:00:18,470 [INFO] httpx: HTTP Request: GET http://testserver/api/customers/5/due-payments "HTTP/1.1 200 OK"
2026-05-07 17:00:18,492 [INFO] banikos-api: User logged in: owner (Role: Admin)
2026-05-07 17:00:18,492 [INFO] httpx: HTTP Request: POST http://testserver/api/auth/login "HTTP/1.1 200 OK"
2026-05-07 17:00:18,495 [INFO] httpx: HTTP Request: POST http://testserver/api/products "HTTP/1.1 201 Created"
2026-05-07 17:00:18,499 [INFO] httpx: HTTP Request: PATCH http://testserver/api/products/12/stock "HTTP/1.1 200 OK"
2026-05-07 17:00:18,502 [INFO] httpx: HTTP Request: PATCH http://testserver/api/products/12/stock "HTTP/1.1 400 Bad Request"
2026-05-07 17:00:18,508 [INFO] httpx: HTTP Request: POST http://testserver/api/admin/damages?product_id=12&quantity=4&reason=smoke "HTTP/1.1 200 OK"
2026-05-07 17:00:18,510 [INFO] httpx: HTTP Request: POST http://testserver/api/admin/damages?product_id=12&quantity=1&reason=smoke "HTTP/1.1 400 Bad Request"
2026-05-07 17:00:18,513 [INFO] httpx: HTTP Request: GET http://testserver/api/products?q=SMOKE-ERP-STOCK-001 "HTTP/1.1 200 OK"
2026-05-07 17:00:18,533 [INFO] banikos-api: User logged in: owner (Role: Admin)
2026-05-07 17:00:18,534 [INFO] httpx: HTTP Request: POST http://testserver/api/auth/login "HTTP/1.1 200 OK"
2026-05-07 17:00:18,537 [INFO] httpx: HTTP Request: POST http://testserver/api/products "HTTP/1.1 201 Created"
2026-05-07 17:00:18,541 [INFO] httpx: HTTP Request: POST http://testserver/api/vendors "HTTP/1.1 200 OK"
2026-05-07 17:00:18,553 [INFO] httpx: HTTP Request: POST http://testserver/api/purchases "HTTP/1.1 200 OK"
2026-05-07 17:00:18,563 [INFO] httpx: HTTP Request: POST http://testserver/api/purchases/return "HTTP/1.1 200 OK"
2026-05-07 17:00:18,570 [INFO] httpx: HTTP Request: POST http://testserver/api/vendors/1/pay "HTTP/1.1 200 OK"
2026-05-07 17:00:18,596 [INFO] banikos-api: User logged in: owner (Role: Admin)
2026-05-07 17:00:18,596 [INFO] httpx: HTTP Request: POST http://testserver/api/auth/login "HTTP/1.1 200 OK"
2026-05-07 17:00:18,601 [INFO] httpx: HTTP Request: POST http://testserver/api/admin/users "HTTP/1.1 200 OK"
2026-05-07 17:00:18,604 [INFO] httpx: HTTP Request: POST http://testserver/api/admin/users "HTTP/1.1 200 OK"
2026-05-07 17:00:18,607 [INFO] httpx: HTTP Request: POST http://testserver/api/admin/users "HTTP/1.1 200 OK"
2026-05-07 17:00:18,611 [INFO] httpx: HTTP Request: POST http://testserver/api/admin/users "HTTP/1.1 200 OK"
2026-05-07 17:00:18,614 [INFO] httpx: HTTP Request: POST http://testserver/api/admin/users "HTTP/1.1 200 OK"
2026-05-07 17:00:18,616 [INFO] httpx: HTTP Request: POST http://testserver/api/admin/users "HTTP/1.1 200 OK"
2026-05-07 17:00:18,618 [INFO] banikos-api: User logged in: ceo-rbac-smoke (Role: CEO)
2026-05-07 17:00:18,618 [INFO] httpx: HTTP Request: POST http://testserver/api/auth/login "HTTP/1.1 200 OK"
2026-05-07 17:00:18,619 [INFO] banikos-api: User logged in: coo-rbac-smoke (Role: COO)
2026-05-07 17:00:18,620 [INFO] httpx: HTTP Request: POST http://testserver/api/auth/login "HTTP/1.1 200 OK"
2026-05-07 17:00:18,621 [INFO] banikos-api: User logged in: cmo-rbac-smoke (Role: CMO)
2026-05-07 17:00:18,621 [INFO] httpx: HTTP Request: POST http://testserver/api/auth/login "HTTP/1.1 200 OK"
2026-05-07 17:00:18,622 [INFO] banikos-api: User logged in: cfo-rbac-smoke (Role: CFO)
2026-05-07 17:00:18,623 [INFO] httpx: HTTP Request: POST http://testserver/api/auth/login "HTTP/1.1 200 OK"
2026-05-07 17:00:18,624 [INFO] banikos-api: User logged in: social-rbac-smoke (Role: SocialAgent)
2026-05-07 17:00:18,624 [INFO] httpx: HTTP Request: POST http://testserver/api/auth/login "HTTP/1.1 200 OK"
2026-05-07 17:00:18,625 [INFO] banikos-api: User logged in: production-rbac-smoke (Role: ProductionWorker)
2026-05-07 17:00:18,626 [INFO] httpx: HTTP Request: POST http://testserver/api/auth/login "HTTP/1.1 200 OK"
2026-05-07 17:00:18,629 [INFO] httpx: HTTP Request: GET http://testserver/api/admin/users "HTTP/1.1 200 OK"
2026-05-07 17:00:18,632 [INFO] httpx: HTTP Request: GET http://testserver/api/finance/summary "HTTP/1.1 200 OK"
2026-05-07 17:00:18,636 [INFO] httpx: HTTP Request: GET http://testserver/api/ml/recommendations "HTTP/1.1 200 OK"
2026-05-07 17:00:18,648 [INFO] httpx: HTTP Request: GET http://testserver/api/tasks "HTTP/1.1 200 OK"
2026-05-07 17:00:18,654 [INFO] httpx: HTTP Request: GET http://testserver/api/dashboard/kpi "HTTP/1.1 200 OK"
2026-05-07 17:00:18,664 [INFO] httpx: HTTP Request: GET http://testserver/api/crm/orders "HTTP/1.1 200 OK"
2026-05-07 17:00:18,666 [INFO] httpx: HTTP Request: GET http://testserver/api/vendors "HTTP/1.1 200 OK"
2026-05-07 17:00:18,670 [INFO] httpx: HTTP Request: GET http://testserver/api/finance/summary "HTTP/1.1 200 OK"
2026-05-07 17:00:18,672 [INFO] httpx: HTTP Request: GET http://testserver/api/tasks "HTTP/1.1 200 OK"
2026-05-07 17:00:18,675 [INFO] httpx: HTTP Request: GET http://testserver/api/auth/staff "HTTP/1.1 200 OK"
2026-05-07 17:00:18,684 [INFO] httpx: HTTP Request: GET http://testserver/api/customers "HTTP/1.1 200 OK"
2026-05-07 17:00:18,686 [INFO] httpx: HTTP Request: GET http://testserver/api/crm/leads "HTTP/1.1 200 OK"
2026-05-07 17:00:18,693 [INFO] httpx: HTTP Request: GET http://testserver/api/tasks "HTTP/1.1 200 OK"
2026-05-07 17:00:18,697 [INFO] httpx: HTTP Request: GET http://testserver/api/ml/recommendations "HTTP/1.1 200 OK"
2026-05-07 17:00:18,699 [INFO] httpx: HTTP Request: GET http://testserver/api/auth/staff "HTTP/1.1 200 OK"
2026-05-07 17:00:18,700 [INFO] httpx: HTTP Request: GET http://testserver/api/finance/summary "HTTP/1.1 403 Forbidden"
2026-05-07 17:00:18,702 [INFO] httpx: HTTP Request: GET http://testserver/api/crm/orders "HTTP/1.1 403 Forbidden"
2026-05-07 17:00:18,703 [INFO] httpx: HTTP Request: GET http://testserver/api/admin/users "HTTP/1.1 403 Forbidden"
2026-05-07 17:00:18,707 [INFO] httpx: HTTP Request: GET http://testserver/api/finance/summary "HTTP/1.1 200 OK"
2026-05-07 17:00:18,709 [INFO] httpx: HTTP Request: GET http://testserver/api/finance/ledger "HTTP/1.1 200 OK"
2026-05-07 17:00:18,713 [INFO] httpx: HTTP Request: GET http://testserver/api/accounting/journals "HTTP/1.1 200 OK"
2026-05-07 17:00:18,716 [INFO] httpx: HTTP Request: GET http://testserver/api/tasks "HTTP/1.1 200 OK"
2026-05-07 17:00:18,723 [INFO] httpx: HTTP Request: POST http://testserver/api/finance/entry "HTTP/1.1 201 Created"
2026-05-07 17:00:18,724 [INFO] httpx: HTTP Request: GET http://testserver/api/customers "HTTP/1.1 403 Forbidden"
2026-05-07 17:00:18,726 [INFO] httpx: HTTP Request: GET http://testserver/api/crm/leads "HTTP/1.1 403 Forbidden"
2026-05-07 17:00:18,727 [INFO] httpx: HTTP Request: GET http://testserver/api/admin/users "HTTP/1.1 403 Forbidden"
2026-05-07 17:00:18,737 [INFO] httpx: HTTP Request: GET http://testserver/api/customers "HTTP/1.1 200 OK"
2026-05-07 17:00:18,743 [INFO] httpx: HTTP Request: GET http://testserver/api/crm/leads "HTTP/1.1 200 OK"
2026-05-07 17:00:18,746 [INFO] httpx: HTTP Request: GET http://testserver/api/tasks "HTTP/1.1 200 OK"
2026-05-07 17:00:18,747 [INFO] httpx: HTTP Request: GET http://testserver/api/products "HTTP/1.1 403 Forbidden"
2026-05-07 17:00:18,749 [INFO] httpx: HTTP Request: GET http://testserver/api/crm/orders "HTTP/1.1 403 Forbidden"
2026-05-07 17:00:18,751 [INFO] httpx: HTTP Request: GET http://testserver/api/finance/summary "HTTP/1.1 403 Forbidden"
2026-05-07 17:00:18,753 [INFO] httpx: HTTP Request: GET http://testserver/api/products "HTTP/1.1 200 OK"
2026-05-07 17:00:18,755 [INFO] httpx: HTTP Request: GET http://testserver/api/tasks "HTTP/1.1 200 OK"
2026-05-07 17:00:18,756 [INFO] httpx: HTTP Request: GET http://testserver/api/customers "HTTP/1.1 403 Forbidden"
2026-05-07 17:00:18,758 [INFO] httpx: HTTP Request: GET http://testserver/api/crm/leads "HTTP/1.1 403 Forbidden"
2026-05-07 17:00:18,759 [INFO] httpx: HTTP Request: GET http://testserver/api/crm/orders "HTTP/1.1 403 Forbidden"
2026-05-07 17:00:18,761 [INFO] httpx: HTTP Request: GET http://testserver/api/finance/summary "HTTP/1.1 403 Forbidden"
2026-05-07 17:00:18,782 [INFO] banikos-api: User logged in: owner (Role: Admin)
2026-05-07 17:00:18,782 [INFO] httpx: HTTP Request: POST http://testserver/api/auth/login "HTTP/1.1 200 OK"
2026-05-07 17:00:18,786 [INFO] httpx: HTTP Request: POST http://testserver/api/admin/users "HTTP/1.1 200 OK"
2026-05-07 17:00:18,788 [INFO] httpx: HTTP Request: POST http://testserver/api/admin/users "HTTP/1.1 200 OK"
2026-05-07 17:00:18,791 [INFO] httpx: HTTP Request: POST http://testserver/api/admin/users "HTTP/1.1 200 OK"
2026-05-07 17:00:18,792 [INFO] banikos-api: User logged in: cashier-rbac-smoke (Role: Cashier)
2026-05-07 17:00:18,793 [INFO] httpx: HTTP Request: POST http://testserver/api/auth/login "HTTP/1.1 200 OK"
2026-05-07 17:00:18,794 [INFO] banikos-api: User logged in: sales-rbac-smoke (Role: Salesman)
2026-05-07 17:00:18,794 [INFO] httpx: HTTP Request: POST http://testserver/api/auth/login "HTTP/1.1 200 OK"
2026-05-07 17:00:18,796 [INFO] banikos-api: User logged in: packaging-rbac-smoke (Role: Packaging)
2026-05-07 17:00:18,796 [INFO] httpx: HTTP Request: POST http://testserver/api/auth/login "HTTP/1.1 200 OK"
2026-05-07 17:00:18,799 [INFO] httpx: HTTP Request: GET http://testserver/api/products "HTTP/1.1 200 OK"
2026-05-07 17:00:18,808 [INFO] httpx: HTTP Request: GET http://testserver/api/customers "HTTP/1.1 200 OK"
2026-05-07 17:00:18,814 [INFO] httpx: HTTP Request: GET http://testserver/api/shifts/active "HTTP/1.1 200 OK"
2026-05-07 17:00:18,817 [INFO] httpx: HTTP Request: GET http://testserver/api/auth/staff "HTTP/1.1 200 OK"
2026-05-07 17:00:18,819 [INFO] httpx: HTTP Request: GET http://testserver/api/crm/leads "HTTP/1.1 403 Forbidden"
2026-05-07 17:00:18,821 [INFO] httpx: HTTP Request: GET http://testserver/api/crm/orders "HTTP/1.1 403 Forbidden"
2026-05-07 17:00:18,824 [INFO] httpx: HTTP Request: GET http://testserver/api/tasks "HTTP/1.1 403 Forbidden"
2026-05-07 17:00:18,826 [INFO] httpx: HTTP Request: GET http://testserver/api/finance/summary "HTTP/1.1 403 Forbidden"
2026-05-07 17:00:18,829 [INFO] httpx: HTTP Request: GET http://testserver/api/pos/sales "HTTP/1.1 403 Forbidden"
2026-05-07 17:00:18,831 [INFO] httpx: HTTP Request: GET http://testserver/api/auth/staff "HTTP/1.1 200 OK"
2026-05-07 17:00:18,834 [INFO] httpx: HTTP Request: GET http://testserver/api/products "HTTP/1.1 200 OK"
2026-05-07 17:00:18,844 [INFO] httpx: HTTP Request: GET http://testserver/api/customers "HTTP/1.1 200 OK"
2026-05-07 17:00:18,846 [INFO] httpx: HTTP Request: GET http://testserver/api/crm/leads "HTTP/1.1 200 OK"
2026-05-07 17:00:18,852 [INFO] httpx: HTTP Request: GET http://testserver/api/crm/orders "HTTP/1.1 200 OK"
2026-05-07 17:00:18,855 [INFO] httpx: HTTP Request: GET http://testserver/api/tasks "HTTP/1.1 200 OK"
2026-05-07 17:00:18,856 [INFO] httpx: HTTP Request: GET http://testserver/api/finance/summary "HTTP/1.1 403 Forbidden"
2026-05-07 17:00:18,858 [INFO] httpx: HTTP Request: GET http://testserver/api/vendors "HTTP/1.1 403 Forbidden"
2026-05-07 17:00:18,860 [INFO] httpx: HTTP Request: GET http://testserver/api/pos/sales "HTTP/1.1 403 Forbidden"
2026-05-07 17:00:18,862 [INFO] httpx: HTTP Request: GET http://testserver/api/products "HTTP/1.1 200 OK"
2026-05-07 17:00:18,864 [INFO] httpx: HTTP Request: GET http://testserver/api/tasks "HTTP/1.1 200 OK"
2026-05-07 17:00:18,865 [INFO] httpx: HTTP Request: GET http://testserver/api/customers "HTTP/1.1 403 Forbidden"
2026-05-07 17:00:18,867 [INFO] httpx: HTTP Request: GET http://testserver/api/crm/leads "HTTP/1.1 403 Forbidden"
2026-05-07 17:00:18,868 [INFO] httpx: HTTP Request: GET http://testserver/api/crm/orders "HTTP/1.1 403 Forbidden"
2026-05-07 17:00:18,870 [INFO] httpx: HTTP Request: GET http://testserver/api/finance/summary "HTTP/1.1 403 Forbidden"
2026-05-07 17:00:18,892 [INFO] banikos-api: User logged in: owner (Role: Admin)
2026-05-07 17:00:18,892 [INFO] httpx: HTTP Request: POST http://testserver/api/auth/login "HTTP/1.1 200 OK"
2026-05-07 17:00:18,904 [INFO] httpx: HTTP Request: POST http://testserver/api/internal-threads "HTTP/1.1 201 Created"
2026-05-07 17:00:18,913 [INFO] httpx: HTTP Request: GET http://testserver/api/internal-threads?status=Open "HTTP/1.1 200 OK"
2026-05-07 17:00:18,923 [INFO] httpx: HTTP Request: PATCH http://testserver/api/internal-threads/1 "HTTP/1.1 200 OK"
2026-05-07 17:00:18,929 [INFO] httpx: HTTP Request: POST http://testserver/api/internal-threads/1/messages "HTTP/1.1 200 OK"
2026-05-07 17:00:18,952 [INFO] banikos-api: User logged in: owner (Role: Admin)
2026-05-07 17:00:18,953 [INFO] httpx: HTTP Request: POST http://testserver/api/auth/login "HTTP/1.1 200 OK"
2026-05-07 17:00:18,987 [INFO] httpx: HTTP Request: POST http://testserver/api/tasks "HTTP/1.1 201 Created"
2026-05-07 17:00:18,996 [INFO] httpx: HTTP Request: GET http://testserver/api/tasks?status=Open "HTTP/1.1 200 OK"
2026-05-07 17:00:19,013 [INFO] httpx: HTTP Request: PATCH http://testserver/api/tasks/1 "HTTP/1.1 200 OK"
2026-05-07 17:00:19,047 [INFO] banikos-api: User logged in: owner (Role: Admin)
2026-05-07 17:00:19,048 [INFO] httpx: HTTP Request: POST http://testserver/api/auth/login "HTTP/1.1 200 OK"
2026-05-07 17:00:19,053 [INFO] httpx: HTTP Request: POST http://testserver/api/admin/users "HTTP/1.1 200 OK"
2026-05-07 17:00:19,057 [INFO] httpx: HTTP Request: GET http://testserver/api/payroll/summary?month=2026-05 "HTTP/1.1 200 OK"
2026-05-07 17:00:19,070 [INFO] httpx: HTTP Request: POST http://testserver/api/payroll/cut "HTTP/1.1 201 Created"
2026-05-07 17:00:19,082 [INFO] httpx: HTTP Request: POST http://testserver/api/payroll/pay "HTTP/1.1 201 Created"
2026-05-07 17:00:19,085 [INFO] httpx: HTTP Request: POST http://testserver/api/payroll/pay "HTTP/1.1 400 Bad Request"
2026-05-07 17:00:19,088 [INFO] httpx: HTTP Request: GET http://testserver/api/payroll/summary?month=2026-05 "HTTP/1.1 200 OK"
2026-05-07 17:00:19,110 [INFO] banikos-api: User logged in: owner (Role: Admin)
2026-05-07 17:00:19,111 [INFO] httpx: HTTP Request: POST http://testserver/api/auth/login "HTTP/1.1 200 OK"
2026-05-07 17:00:19,113 [INFO] httpx: HTTP Request: GET http://testserver/api/finance/recurring-expenses "HTTP/1.1 200 OK"
2026-05-07 17:00:19,118 [INFO] httpx: HTTP Request: POST http://testserver/api/finance/recurring-expenses "HTTP/1.1 201 Created"
2026-05-07 17:00:19,123 [INFO] httpx: HTTP Request: PATCH http://testserver/api/finance/recurring-expenses/1 "HTTP/1.1 200 OK"
2026-05-07 17:00:19,137 [INFO] httpx: HTTP Request: POST http://testserver/api/finance/recurring-expenses/1/run?month=2026-05 "HTTP/1.1 201 Created"
2026-05-07 17:00:19,140 [INFO] httpx: HTTP Request: POST http://testserver/api/finance/recurring-expenses/1/run?month=2026-05 "HTTP/1.1 400 Bad Request"
2026-05-07 17:00:19,142 [INFO] httpx: HTTP Request: GET http://testserver/api/finance/recurring-expenses "HTTP/1.1 200 OK"
2026-05-09 13:19:09,822 [WARNING] banikos-api: Failed login attempt for user: owner
2026-05-09 13:19:36,158 [WARNING] banikos-api: Failed login attempt for user: owner
2026-05-09 13:19:38,092 [WARNING] banikos-api: Failed login attempt for user: owner
2026-05-09 13:20:00,381 [WARNING] banikos-api: Failed login attempt for user: owner
2026-05-09 13:20:02,043 [WARNING] banikos-api: Failed login attempt for user: owner
2026-05-09 13:20:02,627 [WARNING] banikos-api: Failed login attempt for user: owner
2026-05-09 13:21:08,325 [WARNING] banikos-api: Failed login attempt for user: sunny
2026-05-09 13:21:09,099 [WARNING] banikos-api: Failed login attempt for user: sunny
2026-05-09 13:21:09,643 [WARNING] banikos-api: Failed login attempt for user: sunny
2026-05-09 13:22:12,893 [WARNING] banikos-api: Failed login attempt for user: owner
2026-05-09 13:23:32,252 [INFO] banikos-api: User logged in: owner (Role: Admin)
2026-05-09 13:23:54,790 [INFO] banikos-api: Sale created: INV-20260509-0001 | Total: 609.5 | User: owner
2026-05-09 16:42:01,939 [INFO] banikos-api: User logged in: owner (Role: Admin)
2026-05-09 16:42:01,943 [INFO] httpx: HTTP Request: POST http://testserver/api/auth/login "HTTP/1.1 200 OK"
2026-05-09 16:42:01,949 [INFO] httpx: HTTP Request: GET http://testserver/api/accounting/cost-centers "HTTP/1.1 200 OK"
2026-05-09 16:42:01,953 [INFO] httpx: HTTP Request: GET http://testserver/api/accounting/payment-channels "HTTP/1.1 200 OK"
2026-05-09 16:42:01,956 [INFO] httpx: HTTP Request: GET http://testserver/api/accounting/chart-of-accounts "HTTP/1.1 200 OK"
2026-05-09 16:42:01,961 [INFO] httpx: HTTP Request: GET http://testserver/api/accounting/periods "HTTP/1.1 200 OK"
2026-05-09 16:42:01,972 [INFO] httpx: HTTP Request: GET http://testserver/api/accounting/journals "HTTP/1.1 200 OK"
2026-05-09 16:42:02,068 [INFO] banikos-api: User logged in: owner (Role: Admin)
2026-05-09 16:42:02,069 [INFO] httpx: HTTP Request: POST http://testserver/api/auth/login "HTTP/1.1 200 OK"
2026-05-09 16:42:02,080 [INFO] banikos-api: Company settings updated
2026-05-09 16:42:02,081 [INFO] httpx: HTTP Request: PATCH http://testserver/api/settings/company "HTTP/1.1 200 OK"
2026-05-09 16:42:02,085 [INFO] httpx: HTTP Request: GET http://testserver/api/auth/staff "HTTP/1.1 200 OK"
2026-05-09 16:42:02,087 [INFO] httpx: HTTP Request: GET http://testserver/api/settings/company "HTTP/1.1 200 OK"
2026-05-09 16:42:02,178 [INFO] httpx: HTTP Request: GET http://testserver/api/customers "HTTP/1.1 200 OK"
2026-05-09 16:42:02,183 [INFO] httpx: HTTP Request: GET http://testserver/api/products "HTTP/1.1 200 OK"
2026-05-09 16:42:02,186 [INFO] httpx: HTTP Request: GET http://testserver/api/vendors "HTTP/1.1 200 OK"
2026-05-09 16:42:02,197 [INFO] httpx: HTTP Request: GET http://testserver/api/crm/leads "HTTP/1.1 200 OK"
2026-05-09 16:42:02,218 [INFO] httpx: HTTP Request: GET http://testserver/api/finance/summary "HTTP/1.1 200 OK"
2026-05-09 16:42:02,222 [INFO] httpx: HTTP Request: GET http://testserver/api/finance/chart-accounts "HTTP/1.1 200 OK"
2026-05-09 16:42:02,228 [INFO] httpx: HTTP Request: GET http://testserver/api/finance/ledger "HTTP/1.1 200 OK"
2026-05-09 16:42:02,232 [INFO] httpx: HTTP Request: GET http://testserver/api/finance/daily-summary "HTTP/1.1 200 OK"
2026-05-09 16:42:02,236 [INFO] httpx: HTTP Request: GET http://testserver/api/finance/recurring-expenses "HTTP/1.1 200 OK"
2026-05-09 16:42:02,245 [INFO] httpx: HTTP Request: GET http://testserver/api/ml/features/customers "HTTP/1.1 200 OK"
2026-05-09 16:42:02,250 [INFO] httpx: HTTP Request: GET http://testserver/api/ml/features/products "HTTP/1.1 200 OK"
2026-05-09 16:42:02,254 [INFO] httpx: HTTP Request: GET http://testserver/api/ml/recommendations "HTTP/1.1 200 OK"
2026-05-09 16:42:02,272 [INFO] httpx: HTTP Request: OPTIONS http://testserver/api/health "HTTP/1.1 200 OK"
2026-05-09 16:42:02,295 [INFO] banikos-api: User logged in: owner (Role: Admin)
2026-05-09 16:42:02,296 [INFO] httpx: HTTP Request: POST http://testserver/api/auth/login "HTTP/1.1 200 OK"
2026-05-09 16:42:02,303 [INFO] httpx: HTTP Request: POST http://testserver/api/customers "HTTP/1.1 201 Created"
2026-05-09 16:42:02,309 [INFO] httpx: HTTP Request: POST http://testserver/api/products "HTTP/1.1 201 Created"
2026-05-09 16:42:02,335 [INFO] banikos-api: Sale created: INV-20260509-0004 | Total: 20.0 | User: owner
2026-05-09 16:42:02,346 [INFO] httpx: HTTP Request: POST http://testserver/api/pos/sale "HTTP/1.1 200 OK"
2026-05-09 16:42:02,353 [INFO] httpx: HTTP Request: GET http://testserver/api/customers/5/due-payments "HTTP/1.1 200 OK"
2026-05-09 16:42:02,369 [INFO] httpx: HTTP Request: POST http://testserver/api/customers/5/due-payments "HTTP/1.1 201 Created"
2026-05-09 16:42:02,372 [INFO] httpx: HTTP Request: POST http://testserver/api/customers/5/due-payments "HTTP/1.1 400 Bad Request"
2026-05-09 16:42:02,376 [INFO] httpx: HTTP Request: GET http://testserver/api/customers/5/due-payments "HTTP/1.1 200 OK"
2026-05-09 16:42:02,405 [INFO] banikos-api: User logged in: owner (Role: Admin)
2026-05-09 16:42:02,406 [INFO] httpx: HTTP Request: POST http://testserver/api/auth/login "HTTP/1.1 200 OK"
2026-05-09 16:42:02,413 [INFO] httpx: HTTP Request: POST http://testserver/api/products "HTTP/1.1 201 Created"
2026-05-09 16:42:02,419 [INFO] httpx: HTTP Request: PATCH http://testserver/api/products/12/stock "HTTP/1.1 200 OK"
2026-05-09 16:42:02,423 [INFO] httpx: HTTP Request: PATCH http://testserver/api/products/12/stock "HTTP/1.1 400 Bad Request"
2026-05-09 16:42:02,434 [INFO] httpx: HTTP Request: POST http://testserver/api/admin/damages?product_id=12&quantity=4&reason=smoke "HTTP/1.1 200 OK"
2026-05-09 16:42:02,438 [INFO] httpx: HTTP Request: POST http://testserver/api/admin/damages?product_id=12&quantity=1&reason=smoke "HTTP/1.1 400 Bad Request"
2026-05-09 16:42:02,446 [INFO] httpx: HTTP Request: GET http://testserver/api/products?q=SMOKE-ERP-STOCK-001 "HTTP/1.1 200 OK"
2026-05-09 16:42:02,480 [INFO] banikos-api: User logged in: owner (Role: Admin)
2026-05-09 16:42:02,481 [INFO] httpx: HTTP Request: POST http://testserver/api/auth/login "HTTP/1.1 200 OK"
2026-05-09 16:42:02,486 [INFO] httpx: HTTP Request: POST http://testserver/api/products "HTTP/1.1 201 Created"
2026-05-09 16:42:02,491 [INFO] httpx: HTTP Request: POST http://testserver/api/vendors "HTTP/1.1 200 OK"
2026-05-09 16:42:02,514 [INFO] httpx: HTTP Request: POST http://testserver/api/purchases "HTTP/1.1 200 OK"
2026-05-09 16:42:02,524 [INFO] httpx: HTTP Request: POST http://testserver/api/purchases/return "HTTP/1.1 200 OK"
2026-05-09 16:42:02,533 [INFO] httpx: HTTP Request: POST http://testserver/api/vendors/1/pay "HTTP/1.1 200 OK"
2026-05-09 16:42:02,563 [INFO] banikos-api: User logged in: owner (Role: Admin)
2026-05-09 16:42:02,564 [INFO] httpx: HTTP Request: POST http://testserver/api/auth/login "HTTP/1.1 200 OK"
2026-05-09 16:42:02,569 [INFO] httpx: HTTP Request: POST http://testserver/api/admin/users "HTTP/1.1 200 OK"
2026-05-09 16:42:02,573 [INFO] httpx: HTTP Request: POST http://testserver/api/admin/users "HTTP/1.1 200 OK"
2026-05-09 16:42:02,578 [INFO] httpx: HTTP Request: POST http://testserver/api/admin/users "HTTP/1.1 200 OK"
2026-05-09 16:42:02,583 [INFO] httpx: HTTP Request: POST http://testserver/api/admin/users "HTTP/1.1 200 OK"
2026-05-09 16:42:02,586 [INFO] httpx: HTTP Request: POST http://testserver/api/admin/users "HTTP/1.1 200 OK"
2026-05-09 16:42:02,590 [INFO] httpx: HTTP Request: POST http://testserver/api/admin/users "HTTP/1.1 200 OK"
2026-05-09 16:42:02,591 [INFO] banikos-api: User logged in: ceo-rbac-smoke (Role: CEO)
2026-05-09 16:42:02,593 [INFO] httpx: HTTP Request: POST http://testserver/api/auth/login "HTTP/1.1 200 OK"
2026-05-09 16:42:02,595 [INFO] banikos-api: User logged in: coo-rbac-smoke (Role: COO)
2026-05-09 16:42:02,596 [INFO] httpx: HTTP Request: POST http://testserver/api/auth/login "HTTP/1.1 200 OK"
2026-05-09 16:42:02,597 [INFO] banikos-api: User logged in: cmo-rbac-smoke (Role: CMO)
2026-05-09 16:42:02,598 [INFO] httpx: HTTP Request: POST http://testserver/api/auth/login "HTTP/1.1 200 OK"
2026-05-09 16:42:02,599 [INFO] banikos-api: User logged in: cfo-rbac-smoke (Role: CFO)
2026-05-09 16:42:02,600 [INFO] httpx: HTTP Request: POST http://testserver/api/auth/login "HTTP/1.1 200 OK"
2026-05-09 16:42:02,601 [INFO] banikos-api: User logged in: social-rbac-smoke (Role: SocialAgent)
2026-05-09 16:42:02,602 [INFO] httpx: HTTP Request: POST http://testserver/api/auth/login "HTTP/1.1 200 OK"
2026-05-09 16:42:02,603 [INFO] banikos-api: User logged in: production-rbac-smoke (Role: ProductionWorker)
2026-05-09 16:42:02,603 [INFO] httpx: HTTP Request: POST http://testserver/api/auth/login "HTTP/1.1 200 OK"
2026-05-09 16:42:02,607 [INFO] httpx: HTTP Request: GET http://testserver/api/admin/users "HTTP/1.1 200 OK"
2026-05-09 16:42:02,613 [INFO] httpx: HTTP Request: GET http://testserver/api/finance/summary "HTTP/1.1 200 OK"
2026-05-09 16:42:02,617 [INFO] httpx: HTTP Request: GET http://testserver/api/ml/recommendations "HTTP/1.1 200 OK"
2026-05-09 16:42:02,631 [INFO] httpx: HTTP Request: GET http://testserver/api/tasks "HTTP/1.1 200 OK"
2026-05-09 16:42:02,639 [INFO] httpx: HTTP Request: GET http://testserver/api/dashboard/kpi "HTTP/1.1 200 OK"
2026-05-09 16:42:02,649 [INFO] httpx: HTTP Request: GET http://testserver/api/crm/orders "HTTP/1.1 200 OK"
2026-05-09 16:42:02,651 [INFO] httpx: HTTP Request: GET http://testserver/api/vendors "HTTP/1.1 200 OK"
2026-05-09 16:42:02,655 [INFO] httpx: HTTP Request: GET http://testserver/api/finance/summary "HTTP/1.1 200 OK"
2026-05-09 16:42:02,658 [INFO] httpx: HTTP Request: GET http://testserver/api/tasks "HTTP/1.1 200 OK"
2026-05-09 16:42:02,662 [INFO] httpx: HTTP Request: GET http://testserver/api/auth/staff "HTTP/1.1 200 OK"
2026-05-09 16:42:02,672 [INFO] httpx: HTTP Request: GET http://testserver/api/customers "HTTP/1.1 200 OK"
2026-05-09 16:42:02,675 [INFO] httpx: HTTP Request: GET http://testserver/api/crm/leads "HTTP/1.1 200 OK"
2026-05-09 16:42:02,683 [INFO] httpx: HTTP Request: GET http://testserver/api/tasks "HTTP/1.1 200 OK"
2026-05-09 16:42:02,687 [INFO] httpx: HTTP Request: GET http://testserver/api/ml/recommendations "HTTP/1.1 200 OK"
2026-05-09 16:42:02,689 [INFO] httpx: HTTP Request: GET http://testserver/api/auth/staff "HTTP/1.1 200 OK"
2026-05-09 16:42:02,691 [INFO] httpx: HTTP Request: GET http://testserver/api/finance/summary "HTTP/1.1 403 Forbidden"
2026-05-09 16:42:02,694 [INFO] httpx: HTTP Request: GET http://testserver/api/crm/orders "HTTP/1.1 403 Forbidden"
2026-05-09 16:42:02,696 [INFO] httpx: HTTP Request: GET http://testserver/api/admin/users "HTTP/1.1 403 Forbidden"
2026-05-09 16:42:02,700 [INFO] httpx: HTTP Request: GET http://testserver/api/finance/summary "HTTP/1.1 200 OK"
2026-05-09 16:42:02,703 [INFO] httpx: HTTP Request: GET http://testserver/api/finance/ledger "HTTP/1.1 200 OK"
2026-05-09 16:42:02,707 [INFO] httpx: HTTP Request: GET http://testserver/api/accounting/journals "HTTP/1.1 200 OK"
2026-05-09 16:42:02,711 [INFO] httpx: HTTP Request: GET http://testserver/api/tasks "HTTP/1.1 200 OK"
2026-05-09 16:42:02,722 [INFO] httpx: HTTP Request: POST http://testserver/api/finance/entry "HTTP/1.1 201 Created"
2026-05-09 16:42:02,724 [INFO] httpx: HTTP Request: GET http://testserver/api/customers "HTTP/1.1 403 Forbidden"
2026-05-09 16:42:02,727 [INFO] httpx: HTTP Request: GET http://testserver/api/crm/leads "HTTP/1.1 403 Forbidden"
2026-05-09 16:42:02,730 [INFO] httpx: HTTP Request: GET http://testserver/api/admin/users "HTTP/1.1 403 Forbidden"
2026-05-09 16:42:02,745 [INFO] httpx: HTTP Request: GET http://testserver/api/customers "HTTP/1.1 200 OK"
2026-05-09 16:42:02,756 [INFO] httpx: HTTP Request: GET http://testserver/api/crm/leads "HTTP/1.1 200 OK"
2026-05-09 16:42:02,761 [INFO] httpx: HTTP Request: GET http://testserver/api/tasks "HTTP/1.1 200 OK"
2026-05-09 16:42:02,763 [INFO] httpx: HTTP Request: GET http://testserver/api/products "HTTP/1.1 403 Forbidden"
2026-05-09 16:42:02,765 [INFO] httpx: HTTP Request: GET http://testserver/api/crm/orders "HTTP/1.1 403 Forbidden"
2026-05-09 16:42:02,768 [INFO] httpx: HTTP Request: GET http://testserver/api/finance/summary "HTTP/1.1 403 Forbidden"
2026-05-09 16:42:02,771 [INFO] httpx: HTTP Request: GET http://testserver/api/products "HTTP/1.1 200 OK"
2026-05-09 16:42:02,774 [INFO] httpx: HTTP Request: GET http://testserver/api/tasks "HTTP/1.1 200 OK"
2026-05-09 16:42:02,777 [INFO] httpx: HTTP Request: GET http://testserver/api/customers "HTTP/1.1 403 Forbidden"
2026-05-09 16:42:02,780 [INFO] httpx: HTTP Request: GET http://testserver/api/crm/leads "HTTP/1.1 403 Forbidden"
2026-05-09 16:42:02,783 [INFO] httpx: HTTP Request: GET http://testserver/api/crm/orders "HTTP/1.1 403 Forbidden"
2026-05-09 16:42:02,784 [INFO] httpx: HTTP Request: GET http://testserver/api/finance/summary "HTTP/1.1 403 Forbidden"
2026-05-09 16:42:02,808 [INFO] banikos-api: User logged in: owner (Role: Admin)
2026-05-09 16:42:02,809 [INFO] httpx: HTTP Request: POST http://testserver/api/auth/login "HTTP/1.1 200 OK"
2026-05-09 16:42:02,814 [INFO] httpx: HTTP Request: POST http://testserver/api/admin/users "HTTP/1.1 200 OK"
2026-05-09 16:42:02,817 [INFO] httpx: HTTP Request: POST http://testserver/api/admin/users "HTTP/1.1 200 OK"
2026-05-09 16:42:02,820 [INFO] httpx: HTTP Request: POST http://testserver/api/admin/users "HTTP/1.1 200 OK"
2026-05-09 16:42:02,822 [INFO] banikos-api: User logged in: cashier-rbac-smoke (Role: Cashier)
2026-05-09 16:42:02,822 [INFO] httpx: HTTP Request: POST http://testserver/api/auth/login "HTTP/1.1 200 OK"
2026-05-09 16:42:02,824 [INFO] banikos-api: User logged in: sales-rbac-smoke (Role: Salesman)
2026-05-09 16:42:02,824 [INFO] httpx: HTTP Request: POST http://testserver/api/auth/login "HTTP/1.1 200 OK"
2026-05-09 16:42:02,826 [INFO] banikos-api: User logged in: packaging-rbac-smoke (Role: Packaging)
2026-05-09 16:42:02,827 [INFO] httpx: HTTP Request: POST http://testserver/api/auth/login "HTTP/1.1 200 OK"
2026-05-09 16:42:02,829 [INFO] httpx: HTTP Request: GET http://testserver/api/products "HTTP/1.1 200 OK"
2026-05-09 16:42:02,839 [INFO] httpx: HTTP Request: GET http://testserver/api/customers "HTTP/1.1 200 OK"
2026-05-09 16:42:02,845 [INFO] httpx: HTTP Request: GET http://testserver/api/shifts/active "HTTP/1.1 200 OK"
2026-05-09 16:42:02,848 [INFO] httpx: HTTP Request: GET http://testserver/api/auth/staff "HTTP/1.1 200 OK"
2026-05-09 16:42:02,850 [INFO] httpx: HTTP Request: GET http://testserver/api/crm/leads "HTTP/1.1 403 Forbidden"
2026-05-09 16:42:02,852 [INFO] httpx: HTTP Request: GET http://testserver/api/crm/orders "HTTP/1.1 403 Forbidden"
2026-05-09 16:42:02,853 [INFO] httpx: HTTP Request: GET http://testserver/api/tasks "HTTP/1.1 403 Forbidden"
2026-05-09 16:42:02,855 [INFO] httpx: HTTP Request: GET http://testserver/api/finance/summary "HTTP/1.1 403 Forbidden"
2026-05-09 16:42:02,857 [INFO] httpx: HTTP Request: GET http://testserver/api/pos/sales "HTTP/1.1 403 Forbidden"
2026-05-09 16:42:02,861 [INFO] httpx: HTTP Request: GET http://testserver/api/auth/staff "HTTP/1.1 200 OK"
2026-05-09 16:42:02,863 [INFO] httpx: HTTP Request: GET http://testserver/api/products "HTTP/1.1 200 OK"
2026-05-09 16:42:02,874 [INFO] httpx: HTTP Request: GET http://testserver/api/customers "HTTP/1.1 200 OK"
2026-05-09 16:42:02,877 [INFO] httpx: HTTP Request: GET http://testserver/api/crm/leads "HTTP/1.1 200 OK"
2026-05-09 16:42:02,885 [INFO] httpx: HTTP Request: GET http://testserver/api/crm/orders "HTTP/1.1 200 OK"
2026-05-09 16:42:02,888 [INFO] httpx: HTTP Request: GET http://testserver/api/tasks "HTTP/1.1 200 OK"
2026-05-09 16:42:02,889 [INFO] httpx: HTTP Request: GET http://testserver/api/finance/summary "HTTP/1.1 403 Forbidden"
2026-05-09 16:42:02,891 [INFO] httpx: HTTP Request: GET http://testserver/api/vendors "HTTP/1.1 403 Forbidden"
2026-05-09 16:42:02,894 [INFO] httpx: HTTP Request: GET http://testserver/api/pos/sales "HTTP/1.1 403 Forbidden"
2026-05-09 16:42:02,896 [INFO] httpx: HTTP Request: GET http://testserver/api/products "HTTP/1.1 200 OK"
2026-05-09 16:42:02,899 [INFO] httpx: HTTP Request: GET http://testserver/api/tasks "HTTP/1.1 200 OK"
2026-05-09 16:42:02,901 [INFO] httpx: HTTP Request: GET http://testserver/api/customers "HTTP/1.1 403 Forbidden"
2026-05-09 16:42:02,902 [INFO] httpx: HTTP Request: GET http://testserver/api/crm/leads "HTTP/1.1 403 Forbidden"
2026-05-09 16:42:02,904 [INFO] httpx: HTTP Request: GET http://testserver/api/crm/orders "HTTP/1.1 403 Forbidden"
2026-05-09 16:42:02,906 [INFO] httpx: HTTP Request: GET http://testserver/api/finance/summary "HTTP/1.1 403 Forbidden"
2026-05-09 16:42:02,930 [INFO] banikos-api: User logged in: owner (Role: Admin)
2026-05-09 16:42:02,931 [INFO] httpx: HTTP Request: POST http://testserver/api/auth/login "HTTP/1.1 200 OK"
2026-05-09 16:42:02,944 [INFO] httpx: HTTP Request: POST http://testserver/api/internal-threads "HTTP/1.1 201 Created"
2026-05-09 16:42:02,954 [INFO] httpx: HTTP Request: GET http://testserver/api/internal-threads?status=Open "HTTP/1.1 200 OK"
2026-05-09 16:42:02,969 [INFO] httpx: HTTP Request: PATCH http://testserver/api/internal-threads/1 "HTTP/1.1 200 OK"
2026-05-09 16:42:02,975 [INFO] httpx: HTTP Request: POST http://testserver/api/internal-threads/1/messages "HTTP/1.1 200 OK"
2026-05-09 16:42:03,002 [INFO] banikos-api: User logged in: owner (Role: Admin)
2026-05-09 16:42:03,003 [INFO] httpx: HTTP Request: POST http://testserver/api/auth/login "HTTP/1.1 200 OK"
2026-05-09 16:42:03,023 [INFO] httpx: HTTP Request: POST http://testserver/api/tasks "HTTP/1.1 201 Created"
2026-05-09 16:42:03,027 [INFO] httpx: HTTP Request: GET http://testserver/api/tasks?status=Open "HTTP/1.1 200 OK"
2026-05-09 16:42:03,039 [INFO] httpx: HTTP Request: PATCH http://testserver/api/tasks/1 "HTTP/1.1 200 OK"
2026-05-09 16:42:03,064 [INFO] banikos-api: User logged in: owner (Role: Admin)
2026-05-09 16:42:03,065 [INFO] httpx: HTTP Request: POST http://testserver/api/auth/login "HTTP/1.1 200 OK"
2026-05-09 16:42:03,068 [INFO] httpx: HTTP Request: POST http://testserver/api/admin/users "HTTP/1.1 200 OK"
2026-05-09 16:42:03,072 [INFO] httpx: HTTP Request: GET http://testserver/api/payroll/summary?month=2026-05 "HTTP/1.1 200 OK"
2026-05-09 16:42:03,081 [INFO] httpx: HTTP Request: POST http://testserver/api/payroll/cut "HTTP/1.1 201 Created"
2026-05-09 16:42:03,094 [INFO] httpx: HTTP Request: POST http://testserver/api/payroll/pay "HTTP/1.1 201 Created"
2026-05-09 16:42:03,098 [INFO] httpx: HTTP Request: POST http://testserver/api/payroll/pay "HTTP/1.1 400 Bad Request"
2026-05-09 16:42:03,100 [INFO] httpx: HTTP Request: GET http://testserver/api/payroll/summary?month=2026-05 "HTTP/1.1 200 OK"
2026-05-09 16:42:03,124 [INFO] banikos-api: User logged in: owner (Role: Admin)
2026-05-09 16:42:03,125 [INFO] httpx: HTTP Request: POST http://testserver/api/auth/login "HTTP/1.1 200 OK"
2026-05-09 16:42:03,128 [INFO] httpx: HTTP Request: GET http://testserver/api/finance/recurring-expenses "HTTP/1.1 200 OK"
2026-05-09 16:42:03,133 [INFO] httpx: HTTP Request: POST http://testserver/api/finance/recurring-expenses "HTTP/1.1 201 Created"
2026-05-09 16:42:03,138 [INFO] httpx: HTTP Request: PATCH http://testserver/api/finance/recurring-expenses/1 "HTTP/1.1 200 OK"
2026-05-09 16:42:03,154 [INFO] httpx: HTTP Request: POST http://testserver/api/finance/recurring-expenses/1/run?month=2026-05 "HTTP/1.1 201 Created"
2026-05-09 16:42:03,157 [INFO] httpx: HTTP Request: POST http://testserver/api/finance/recurring-expenses/1/run?month=2026-05 "HTTP/1.1 400 Bad Request"
2026-05-09 16:42:03,160 [INFO] httpx: HTTP Request: GET http://testserver/api/finance/recurring-expenses "HTTP/1.1 200 OK"
2026-05-09 16:49:48,035 [INFO] banikos-api: User logged in: owner (Role: Admin)
2026-05-09 16:49:48,037 [INFO] httpx: HTTP Request: POST http://testserver/api/auth/login "HTTP/1.1 200 OK"
2026-05-09 16:49:48,042 [INFO] httpx: HTTP Request: GET http://testserver/api/accounting/cost-centers "HTTP/1.1 200 OK"
2026-05-09 16:49:48,046 [INFO] httpx: HTTP Request: GET http://testserver/api/accounting/payment-channels "HTTP/1.1 200 OK"
2026-05-09 16:49:48,049 [INFO] httpx: HTTP Request: GET http://testserver/api/accounting/chart-of-accounts "HTTP/1.1 200 OK"
2026-05-09 16:49:48,052 [INFO] httpx: HTTP Request: GET http://testserver/api/accounting/periods "HTTP/1.1 200 OK"
2026-05-09 16:49:48,062 [INFO] httpx: HTTP Request: GET http://testserver/api/accounting/journals "HTTP/1.1 200 OK"
2026-05-09 16:49:48,227 [INFO] banikos-api: User logged in: owner (Role: Admin)
2026-05-09 16:49:48,228 [INFO] httpx: HTTP Request: POST http://testserver/api/auth/login "HTTP/1.1 200 OK"
2026-05-09 16:49:48,234 [INFO] banikos-api: Company settings updated
2026-05-09 16:49:48,235 [INFO] httpx: HTTP Request: PATCH http://testserver/api/settings/company "HTTP/1.1 200 OK"
2026-05-09 16:49:48,238 [INFO] httpx: HTTP Request: GET http://testserver/api/auth/staff "HTTP/1.1 200 OK"
2026-05-09 16:49:48,241 [INFO] httpx: HTTP Request: GET http://testserver/api/settings/company "HTTP/1.1 200 OK"
2026-05-09 16:49:48,256 [INFO] httpx: HTTP Request: GET http://testserver/api/customers "HTTP/1.1 200 OK"
2026-05-09 16:49:48,261 [INFO] httpx: HTTP Request: GET http://testserver/api/products "HTTP/1.1 200 OK"
2026-05-09 16:49:48,264 [INFO] httpx: HTTP Request: GET http://testserver/api/vendors "HTTP/1.1 200 OK"
2026-05-09 16:49:48,272 [INFO] httpx: HTTP Request: GET http://testserver/api/crm/leads "HTTP/1.1 200 OK"
2026-05-09 16:49:48,283 [INFO] httpx: HTTP Request: GET http://testserver/api/finance/summary "HTTP/1.1 200 OK"
2026-05-09 16:49:48,286 [INFO] httpx: HTTP Request: GET http://testserver/api/finance/chart-accounts "HTTP/1.1 200 OK"
2026-05-09 16:49:48,291 [INFO] httpx: HTTP Request: GET http://testserver/api/finance/ledger "HTTP/1.1 200 OK"
2026-05-09 16:49:48,295 [INFO] httpx: HTTP Request: GET http://testserver/api/finance/daily-summary "HTTP/1.1 200 OK"
2026-05-09 16:49:48,298 [INFO] httpx: HTTP Request: GET http://testserver/api/finance/recurring-expenses "HTTP/1.1 200 OK"
2026-05-09 16:49:48,305 [INFO] httpx: HTTP Request: GET http://testserver/api/ml/features/customers "HTTP/1.1 200 OK"
2026-05-09 16:49:48,310 [INFO] httpx: HTTP Request: GET http://testserver/api/ml/features/products "HTTP/1.1 200 OK"
2026-05-09 16:49:48,314 [INFO] httpx: HTTP Request: GET http://testserver/api/ml/recommendations "HTTP/1.1 200 OK"
2026-05-09 16:49:48,332 [INFO] httpx: HTTP Request: OPTIONS http://testserver/api/health "HTTP/1.1 200 OK"
2026-05-09 16:49:48,351 [INFO] banikos-api: User logged in: owner (Role: Admin)
2026-05-09 16:49:48,351 [INFO] httpx: HTTP Request: POST http://testserver/api/auth/login "HTTP/1.1 200 OK"
2026-05-09 16:49:48,359 [INFO] httpx: HTTP Request: POST http://testserver/api/customers "HTTP/1.1 201 Created"
2026-05-09 16:49:48,364 [INFO] httpx: HTTP Request: POST http://testserver/api/products "HTTP/1.1 201 Created"
2026-05-09 16:49:48,381 [INFO] banikos-api: Sale created: INV-20260509-0004 | Total: 20.0 | User: owner
2026-05-09 16:49:48,388 [INFO] httpx: HTTP Request: POST http://testserver/api/pos/sale "HTTP/1.1 200 OK"
2026-05-09 16:49:48,395 [INFO] httpx: HTTP Request: GET http://testserver/api/customers/5/due-payments "HTTP/1.1 200 OK"
2026-05-09 16:49:48,405 [INFO] httpx: HTTP Request: POST http://testserver/api/customers/5/due-payments "HTTP/1.1 201 Created"
2026-05-09 16:49:48,407 [INFO] httpx: HTTP Request: POST http://testserver/api/customers/5/due-payments "HTTP/1.1 400 Bad Request"
2026-05-09 16:49:48,410 [INFO] httpx: HTTP Request: GET http://testserver/api/customers/5/due-payments "HTTP/1.1 200 OK"
2026-05-09 16:49:48,432 [INFO] banikos-api: User logged in: owner (Role: Admin)
2026-05-09 16:49:48,432 [INFO] httpx: HTTP Request: POST http://testserver/api/auth/login "HTTP/1.1 200 OK"
2026-05-09 16:49:48,435 [INFO] httpx: HTTP Request: POST http://testserver/api/products "HTTP/1.1 201 Created"
2026-05-09 16:49:48,439 [INFO] httpx: HTTP Request: PATCH http://testserver/api/products/12/stock "HTTP/1.1 200 OK"
2026-05-09 16:49:48,441 [INFO] httpx: HTTP Request: PATCH http://testserver/api/products/12/stock "HTTP/1.1 400 Bad Request"
2026-05-09 16:49:48,448 [INFO] httpx: HTTP Request: POST http://testserver/api/admin/damages?product_id=12&quantity=4&reason=smoke "HTTP/1.1 200 OK"
2026-05-09 16:49:48,450 [INFO] httpx: HTTP Request: POST http://testserver/api/admin/damages?product_id=12&quantity=1&reason=smoke "HTTP/1.1 400 Bad Request"
2026-05-09 16:49:48,453 [INFO] httpx: HTTP Request: GET http://testserver/api/products?q=SMOKE-ERP-STOCK-001 "HTTP/1.1 200 OK"
2026-05-09 16:49:48,476 [INFO] banikos-api: User logged in: owner (Role: Admin)
2026-05-09 16:49:48,476 [INFO] httpx: HTTP Request: POST http://testserver/api/auth/login "HTTP/1.1 200 OK"
2026-05-09 16:49:48,479 [INFO] httpx: HTTP Request: POST http://testserver/api/products "HTTP/1.1 201 Created"
2026-05-09 16:49:48,483 [INFO] httpx: HTTP Request: POST http://testserver/api/vendors "HTTP/1.1 200 OK"
2026-05-09 16:49:48,500 [INFO] httpx: HTTP Request: POST http://testserver/api/purchases "HTTP/1.1 200 OK"
2026-05-09 16:49:48,510 [INFO] httpx: HTTP Request: POST http://testserver/api/purchases/return "HTTP/1.1 200 OK"
2026-05-09 16:49:48,517 [INFO] httpx: HTTP Request: POST http://testserver/api/vendors/1/pay "HTTP/1.1 200 OK"
2026-05-09 16:49:48,540 [INFO] banikos-api: User logged in: owner (Role: Admin)
2026-05-09 16:49:48,541 [INFO] httpx: HTTP Request: POST http://testserver/api/auth/login "HTTP/1.1 200 OK"
2026-05-09 16:49:48,546 [INFO] httpx: HTTP Request: POST http://testserver/api/admin/users "HTTP/1.1 200 OK"
2026-05-09 16:49:48,549 [INFO] httpx: HTTP Request: POST http://testserver/api/admin/users "HTTP/1.1 200 OK"
2026-05-09 16:49:48,552 [INFO] httpx: HTTP Request: POST http://testserver/api/admin/users "HTTP/1.1 200 OK"
2026-05-09 16:49:48,555 [INFO] httpx: HTTP Request: POST http://testserver/api/admin/users "HTTP/1.1 200 OK"
2026-05-09 16:49:48,559 [INFO] httpx: HTTP Request: POST http://testserver/api/admin/users "HTTP/1.1 200 OK"
2026-05-09 16:49:48,563 [INFO] httpx: HTTP Request: POST http://testserver/api/admin/users "HTTP/1.1 200 OK"
2026-05-09 16:49:48,564 [INFO] banikos-api: User logged in: ceo-rbac-smoke (Role: CEO)
2026-05-09 16:49:48,564 [INFO] httpx: HTTP Request: POST http://testserver/api/auth/login "HTTP/1.1 200 OK"
2026-05-09 16:49:48,566 [INFO] banikos-api: User logged in: coo-rbac-smoke (Role: COO)
2026-05-09 16:49:48,566 [INFO] httpx: HTTP Request: POST http://testserver/api/auth/login "HTTP/1.1 200 OK"
2026-05-09 16:49:48,567 [INFO] banikos-api: User logged in: cmo-rbac-smoke (Role: CMO)
2026-05-09 16:49:48,568 [INFO] httpx: HTTP Request: POST http://testserver/api/auth/login "HTTP/1.1 200 OK"
2026-05-09 16:49:48,569 [INFO] banikos-api: User logged in: cfo-rbac-smoke (Role: CFO)
2026-05-09 16:49:48,570 [INFO] httpx: HTTP Request: POST http://testserver/api/auth/login "HTTP/1.1 200 OK"
2026-05-09 16:49:48,571 [INFO] banikos-api: User logged in: social-rbac-smoke (Role: SocialAgent)
2026-05-09 16:49:48,571 [INFO] httpx: HTTP Request: POST http://testserver/api/auth/login "HTTP/1.1 200 OK"
2026-05-09 16:49:48,572 [INFO] banikos-api: User logged in: production-rbac-smoke (Role: ProductionWorker)
2026-05-09 16:49:48,573 [INFO] httpx: HTTP Request: POST http://testserver/api/auth/login "HTTP/1.1 200 OK"
2026-05-09 16:49:48,576 [INFO] httpx: HTTP Request: GET http://testserver/api/admin/users "HTTP/1.1 200 OK"
2026-05-09 16:49:48,580 [INFO] httpx: HTTP Request: GET http://testserver/api/finance/summary "HTTP/1.1 200 OK"
2026-05-09 16:49:48,584 [INFO] httpx: HTTP Request: GET http://testserver/api/ml/recommendations "HTTP/1.1 200 OK"
2026-05-09 16:49:48,592 [INFO] httpx: HTTP Request: GET http://testserver/api/tasks "HTTP/1.1 200 OK"
2026-05-09 16:49:48,599 [INFO] httpx: HTTP Request: GET http://testserver/api/dashboard/kpi "HTTP/1.1 200 OK"
2026-05-09 16:49:48,606 [INFO] httpx: HTTP Request: GET http://testserver/api/crm/orders "HTTP/1.1 200 OK"
2026-05-09 16:49:48,609 [INFO] httpx: HTTP Request: GET http://testserver/api/vendors "HTTP/1.1 200 OK"
2026-05-09 16:49:48,613 [INFO] httpx: HTTP Request: GET http://testserver/api/finance/summary "HTTP/1.1 200 OK"
2026-05-09 16:49:48,615 [INFO] httpx: HTTP Request: GET http://testserver/api/tasks "HTTP/1.1 200 OK"
2026-05-09 16:49:48,617 [INFO] httpx: HTTP Request: GET http://testserver/api/auth/staff "HTTP/1.1 200 OK"
2026-05-09 16:49:48,628 [INFO] httpx: HTTP Request: GET http://testserver/api/customers "HTTP/1.1 200 OK"
2026-05-09 16:49:48,631 [INFO] httpx: HTTP Request: GET http://testserver/api/crm/leads "HTTP/1.1 200 OK"
2026-05-09 16:49:48,637 [INFO] httpx: HTTP Request: GET http://testserver/api/tasks "HTTP/1.1 200 OK"
2026-05-09 16:49:48,641 [INFO] httpx: HTTP Request: GET http://testserver/api/ml/recommendations "HTTP/1.1 200 OK"
2026-05-09 16:49:48,644 [INFO] httpx: HTTP Request: GET http://testserver/api/auth/staff "HTTP/1.1 200 OK"
2026-05-09 16:49:48,645 [INFO] httpx: HTTP Request: GET http://testserver/api/finance/summary "HTTP/1.1 403 Forbidden"
2026-05-09 16:49:48,647 [INFO] httpx: HTTP Request: GET http://testserver/api/crm/orders "HTTP/1.1 403 Forbidden"
2026-05-09 16:49:48,649 [INFO] httpx: HTTP Request: GET http://testserver/api/admin/users "HTTP/1.1 403 Forbidden"
2026-05-09 16:49:48,652 [INFO] httpx: HTTP Request: GET http://testserver/api/finance/summary "HTTP/1.1 200 OK"
2026-05-09 16:49:48,655 [INFO] httpx: HTTP Request: GET http://testserver/api/finance/ledger "HTTP/1.1 200 OK"
2026-05-09 16:49:48,659 [INFO] httpx: HTTP Request: GET http://testserver/api/accounting/journals "HTTP/1.1 200 OK"
2026-05-09 16:49:48,662 [INFO] httpx: HTTP Request: GET http://testserver/api/tasks "HTTP/1.1 200 OK"
2026-05-09 16:49:48,669 [INFO] httpx: HTTP Request: POST http://testserver/api/finance/entry "HTTP/1.1 201 Created"
2026-05-09 16:49:48,671 [INFO] httpx: HTTP Request: GET http://testserver/api/customers "HTTP/1.1 403 Forbidden"
2026-05-09 16:49:48,673 [INFO] httpx: HTTP Request: GET http://testserver/api/crm/leads "HTTP/1.1 403 Forbidden"
2026-05-09 16:49:48,675 [INFO] httpx: HTTP Request: GET http://testserver/api/admin/users "HTTP/1.1 403 Forbidden"
2026-05-09 16:49:48,685 [INFO] httpx: HTTP Request: GET http://testserver/api/customers "HTTP/1.1 200 OK"
2026-05-09 16:49:48,692 [INFO] httpx: HTTP Request: GET http://testserver/api/crm/leads "HTTP/1.1 200 OK"
2026-05-09 16:49:48,695 [INFO] httpx: HTTP Request: GET http://testserver/api/tasks "HTTP/1.1 200 OK"
2026-05-09 16:49:48,697 [INFO] httpx: HTTP Request: GET http://testserver/api/products "HTTP/1.1 403 Forbidden"
2026-05-09 16:49:48,698 [INFO] httpx: HTTP Request: GET http://testserver/api/crm/orders "HTTP/1.1 403 Forbidden"
2026-05-09 16:49:48,700 [INFO] httpx: HTTP Request: GET http://testserver/api/finance/summary "HTTP/1.1 403 Forbidden"
2026-05-09 16:49:48,702 [INFO] httpx: HTTP Request: GET http://testserver/api/products "HTTP/1.1 200 OK"
2026-05-09 16:49:48,704 [INFO] httpx: HTTP Request: GET http://testserver/api/tasks "HTTP/1.1 200 OK"
2026-05-09 16:49:48,706 [INFO] httpx: HTTP Request: GET http://testserver/api/customers "HTTP/1.1 403 Forbidden"
2026-05-09 16:49:48,708 [INFO] httpx: HTTP Request: GET http://testserver/api/crm/leads "HTTP/1.1 403 Forbidden"
2026-05-09 16:49:48,710 [INFO] httpx: HTTP Request: GET http://testserver/api/crm/orders "HTTP/1.1 403 Forbidden"
2026-05-09 16:49:48,711 [INFO] httpx: HTTP Request: GET http://testserver/api/finance/summary "HTTP/1.1 403 Forbidden"
2026-05-09 16:49:48,734 [INFO] banikos-api: User logged in: owner (Role: Admin)
2026-05-09 16:49:48,735 [INFO] httpx: HTTP Request: POST http://testserver/api/auth/login "HTTP/1.1 200 OK"
2026-05-09 16:49:48,738 [INFO] httpx: HTTP Request: POST http://testserver/api/admin/users "HTTP/1.1 200 OK"
2026-05-09 16:49:48,742 [INFO] httpx: HTTP Request: POST http://testserver/api/admin/users "HTTP/1.1 200 OK"
2026-05-09 16:49:48,745 [INFO] httpx: HTTP Request: POST http://testserver/api/admin/users "HTTP/1.1 200 OK"
2026-05-09 16:49:48,746 [INFO] banikos-api: User logged in: cashier-rbac-smoke (Role: Cashier)
2026-05-09 16:49:48,747 [INFO] httpx: HTTP Request: POST http://testserver/api/auth/login "HTTP/1.1 200 OK"
2026-05-09 16:49:48,748 [INFO] banikos-api: User logged in: sales-rbac-smoke (Role: Salesman)
2026-05-09 16:49:48,749 [INFO] httpx: HTTP Request: POST http://testserver/api/auth/login "HTTP/1.1 200 OK"
2026-05-09 16:49:48,750 [INFO] banikos-api: User logged in: packaging-rbac-smoke (Role: Packaging)
2026-05-09 16:49:48,750 [INFO] httpx: HTTP Request: POST http://testserver/api/auth/login "HTTP/1.1 200 OK"
2026-05-09 16:49:48,753 [INFO] httpx: HTTP Request: GET http://testserver/api/products "HTTP/1.1 200 OK"
2026-05-09 16:49:48,764 [INFO] httpx: HTTP Request: GET http://testserver/api/customers "HTTP/1.1 200 OK"
2026-05-09 16:49:48,769 [INFO] httpx: HTTP Request: GET http://testserver/api/shifts/active "HTTP/1.1 200 OK"
2026-05-09 16:49:48,771 [INFO] httpx: HTTP Request: GET http://testserver/api/auth/staff "HTTP/1.1 200 OK"
2026-05-09 16:49:48,773 [INFO] httpx: HTTP Request: GET http://testserver/api/crm/leads "HTTP/1.1 403 Forbidden"
2026-05-09 16:49:48,775 [INFO] httpx: HTTP Request: GET http://testserver/api/crm/orders "HTTP/1.1 403 Forbidden"
2026-05-09 16:49:48,776 [INFO] httpx: HTTP Request: GET http://testserver/api/tasks "HTTP/1.1 403 Forbidden"
2026-05-09 16:49:48,778 [INFO] httpx: HTTP Request: GET http://testserver/api/finance/summary "HTTP/1.1 403 Forbidden"
2026-05-09 16:49:48,780 [INFO] httpx: HTTP Request: GET http://testserver/api/pos/sales "HTTP/1.1 403 Forbidden"
2026-05-09 16:49:48,782 [INFO] httpx: HTTP Request: GET http://testserver/api/auth/staff "HTTP/1.1 200 OK"
2026-05-09 16:49:48,785 [INFO] httpx: HTTP Request: GET http://testserver/api/products "HTTP/1.1 200 OK"
2026-05-09 16:49:48,795 [INFO] httpx: HTTP Request: GET http://testserver/api/customers "HTTP/1.1 200 OK"
2026-05-09 16:49:48,798 [INFO] httpx: HTTP Request: GET http://testserver/api/crm/leads "HTTP/1.1 200 OK"
2026-05-09 16:49:48,805 [INFO] httpx: HTTP Request: GET http://testserver/api/crm/orders "HTTP/1.1 200 OK"
2026-05-09 16:49:48,808 [INFO] httpx: HTTP Request: GET http://testserver/api/tasks "HTTP/1.1 200 OK"
2026-05-09 16:49:48,809 [INFO] httpx: HTTP Request: GET http://testserver/api/finance/summary "HTTP/1.1 403 Forbidden"
2026-05-09 16:49:48,811 [INFO] httpx: HTTP Request: GET http://testserver/api/vendors "HTTP/1.1 403 Forbidden"
2026-05-09 16:49:48,813 [INFO] httpx: HTTP Request: GET http://testserver/api/pos/sales "HTTP/1.1 403 Forbidden"
2026-05-09 16:49:48,815 [INFO] httpx: HTTP Request: GET http://testserver/api/products "HTTP/1.1 200 OK"
2026-05-09 16:49:48,817 [INFO] httpx: HTTP Request: GET http://testserver/api/tasks "HTTP/1.1 200 OK"
2026-05-09 16:49:48,819 [INFO] httpx: HTTP Request: GET http://testserver/api/customers "HTTP/1.1 403 Forbidden"
2026-05-09 16:49:48,820 [INFO] httpx: HTTP Request: GET http://testserver/api/crm/leads "HTTP/1.1 403 Forbidden"
2026-05-09 16:49:48,822 [INFO] httpx: HTTP Request: GET http://testserver/api/crm/orders "HTTP/1.1 403 Forbidden"
2026-05-09 16:49:48,825 [INFO] httpx: HTTP Request: GET http://testserver/api/finance/summary "HTTP/1.1 403 Forbidden"
2026-05-09 16:49:48,846 [INFO] banikos-api: User logged in: owner (Role: Admin)
2026-05-09 16:49:48,847 [INFO] httpx: HTTP Request: POST http://testserver/api/auth/login "HTTP/1.1 200 OK"
2026-05-09 16:49:48,860 [INFO] httpx: HTTP Request: POST http://testserver/api/internal-threads "HTTP/1.1 201 Created"
2026-05-09 16:49:48,872 [INFO] httpx: HTTP Request: GET http://testserver/api/internal-threads?status=Open "HTTP/1.1 200 OK"
2026-05-09 16:49:48,883 [INFO] httpx: HTTP Request: PATCH http://testserver/api/internal-threads/1 "HTTP/1.1 200 OK"
2026-05-09 16:49:48,889 [INFO] httpx: HTTP Request: POST http://testserver/api/internal-threads/1/messages "HTTP/1.1 200 OK"
2026-05-09 16:49:48,912 [INFO] banikos-api: User logged in: owner (Role: Admin)
2026-05-09 16:49:48,913 [INFO] httpx: HTTP Request: POST http://testserver/api/auth/login "HTTP/1.1 200 OK"
2026-05-09 16:49:48,932 [INFO] httpx: HTTP Request: POST http://testserver/api/tasks "HTTP/1.1 201 Created"
2026-05-09 16:49:48,935 [INFO] httpx: HTTP Request: GET http://testserver/api/tasks?status=Open "HTTP/1.1 200 OK"
2026-05-09 16:49:48,949 [INFO] httpx: HTTP Request: PATCH http://testserver/api/tasks/1 "HTTP/1.1 200 OK"
2026-05-09 16:49:48,971 [INFO] banikos-api: User logged in: owner (Role: Admin)
2026-05-09 16:49:48,972 [INFO] httpx: HTTP Request: POST http://testserver/api/auth/login "HTTP/1.1 200 OK"
2026-05-09 16:49:48,976 [INFO] httpx: HTTP Request: POST http://testserver/api/admin/users "HTTP/1.1 200 OK"
2026-05-09 16:49:48,979 [INFO] httpx: HTTP Request: GET http://testserver/api/payroll/summary?month=2026-05 "HTTP/1.1 200 OK"
2026-05-09 16:49:48,987 [INFO] httpx: HTTP Request: POST http://testserver/api/payroll/cut "HTTP/1.1 201 Created"
2026-05-09 16:49:49,000 [INFO] httpx: HTTP Request: POST http://testserver/api/payroll/pay "HTTP/1.1 201 Created"
2026-05-09 16:49:49,004 [INFO] httpx: HTTP Request: POST http://testserver/api/payroll/pay "HTTP/1.1 400 Bad Request"
2026-05-09 16:49:49,007 [INFO] httpx: HTTP Request: GET http://testserver/api/payroll/summary?month=2026-05 "HTTP/1.1 200 OK"
2026-05-09 16:49:49,032 [INFO] banikos-api: User logged in: owner (Role: Admin)
2026-05-09 16:49:49,033 [INFO] httpx: HTTP Request: POST http://testserver/api/auth/login "HTTP/1.1 200 OK"
2026-05-09 16:49:49,035 [INFO] httpx: HTTP Request: GET http://testserver/api/finance/recurring-expenses "HTTP/1.1 200 OK"
2026-05-09 16:49:49,040 [INFO] httpx: HTTP Request: POST http://testserver/api/finance/recurring-expenses "HTTP/1.1 201 Created"
2026-05-09 16:49:49,046 [INFO] httpx: HTTP Request: PATCH http://testserver/api/finance/recurring-expenses/1 "HTTP/1.1 200 OK"
2026-05-09 16:49:49,062 [INFO] httpx: HTTP Request: POST http://testserver/api/finance/recurring-expenses/1/run?month=2026-05 "HTTP/1.1 201 Created"
2026-05-09 16:49:49,065 [INFO] httpx: HTTP Request: POST http://testserver/api/finance/recurring-expenses/1/run?month=2026-05 "HTTP/1.1 400 Bad Request"
2026-05-09 16:49:49,067 [INFO] httpx: HTTP Request: GET http://testserver/api/finance/recurring-expenses "HTTP/1.1 200 OK"
2026-05-09 16:52:56,207 [INFO] banikos-api: User logged in: owner (Role: Admin)
2026-05-09 16:52:56,209 [INFO] httpx: HTTP Request: POST http://testserver/api/auth/login "HTTP/1.1 200 OK"
2026-05-09 16:52:56,214 [INFO] httpx: HTTP Request: GET http://testserver/api/accounting/cost-centers "HTTP/1.1 200 OK"
2026-05-09 16:52:56,217 [INFO] httpx: HTTP Request: GET http://testserver/api/accounting/payment-channels "HTTP/1.1 200 OK"
2026-05-09 16:52:56,221 [INFO] httpx: HTTP Request: GET http://testserver/api/accounting/chart-of-accounts "HTTP/1.1 200 OK"
2026-05-09 16:52:56,224 [INFO] httpx: HTTP Request: GET http://testserver/api/accounting/periods "HTTP/1.1 200 OK"
2026-05-09 16:52:56,234 [INFO] httpx: HTTP Request: GET http://testserver/api/accounting/journals "HTTP/1.1 200 OK"
2026-05-09 16:52:56,410 [INFO] banikos-api: User logged in: owner (Role: Admin)
2026-05-09 16:52:56,411 [INFO] httpx: HTTP Request: POST http://testserver/api/auth/login "HTTP/1.1 200 OK"
2026-05-09 16:52:56,418 [INFO] banikos-api: Company settings updated
2026-05-09 16:52:56,419 [INFO] httpx: HTTP Request: PATCH http://testserver/api/settings/company "HTTP/1.1 200 OK"
2026-05-09 16:52:56,422 [INFO] httpx: HTTP Request: GET http://testserver/api/auth/staff "HTTP/1.1 200 OK"
2026-05-09 16:52:56,425 [INFO] httpx: HTTP Request: GET http://testserver/api/settings/company "HTTP/1.1 200 OK"
2026-05-09 16:52:56,443 [INFO] httpx: HTTP Request: GET http://testserver/api/customers "HTTP/1.1 200 OK"
2026-05-09 16:52:56,448 [INFO] httpx: HTTP Request: GET http://testserver/api/products "HTTP/1.1 200 OK"
2026-05-09 16:52:56,452 [INFO] httpx: HTTP Request: GET http://testserver/api/vendors "HTTP/1.1 200 OK"
2026-05-09 16:52:56,461 [INFO] httpx: HTTP Request: GET http://testserver/api/crm/leads "HTTP/1.1 200 OK"
2026-05-09 16:52:56,472 [INFO] httpx: HTTP Request: GET http://testserver/api/finance/summary "HTTP/1.1 200 OK"
2026-05-09 16:52:56,475 [INFO] httpx: HTTP Request: GET http://testserver/api/finance/chart-accounts "HTTP/1.1 200 OK"
2026-05-09 16:52:56,481 [INFO] httpx: HTTP Request: GET http://testserver/api/finance/ledger "HTTP/1.1 200 OK"
2026-05-09 16:52:56,485 [INFO] httpx: HTTP Request: GET http://testserver/api/finance/daily-summary "HTTP/1.1 200 OK"
2026-05-09 16:52:56,488 [INFO] httpx: HTTP Request: GET http://testserver/api/finance/recurring-expenses "HTTP/1.1 200 OK"
2026-05-09 16:52:56,496 [INFO] httpx: HTTP Request: GET http://testserver/api/ml/features/customers "HTTP/1.1 200 OK"
2026-05-09 16:52:56,503 [INFO] httpx: HTTP Request: GET http://testserver/api/ml/features/products "HTTP/1.1 200 OK"
2026-05-09 16:52:56,509 [INFO] httpx: HTTP Request: GET http://testserver/api/ml/recommendations "HTTP/1.1 200 OK"
2026-05-09 16:52:56,528 [INFO] httpx: HTTP Request: OPTIONS http://testserver/api/health "HTTP/1.1 200 OK"
2026-05-09 16:52:56,548 [INFO] banikos-api: User logged in: owner (Role: Admin)
2026-05-09 16:52:56,548 [INFO] httpx: HTTP Request: POST http://testserver/api/auth/login "HTTP/1.1 200 OK"
2026-05-09 16:52:56,556 [INFO] httpx: HTTP Request: POST http://testserver/api/customers "HTTP/1.1 201 Created"
2026-05-09 16:52:56,560 [INFO] httpx: HTTP Request: POST http://testserver/api/products "HTTP/1.1 201 Created"
2026-05-09 16:52:56,577 [INFO] banikos-api: Sale created: INV-20260509-0004 | Total: 20.0 | User: owner
2026-05-09 16:52:56,585 [INFO] httpx: HTTP Request: POST http://testserver/api/pos/sale "HTTP/1.1 200 OK"
2026-05-09 16:52:56,590 [INFO] httpx: HTTP Request: GET http://testserver/api/customers/5/due-payments "HTTP/1.1 200 OK"
2026-05-09 16:52:56,601 [INFO] httpx: HTTP Request: POST http://testserver/api/customers/5/due-payments "HTTP/1.1 201 Created"
2026-05-09 16:52:56,603 [INFO] httpx: HTTP Request: POST http://testserver/api/customers/5/due-payments "HTTP/1.1 400 Bad Request"
2026-05-09 16:52:56,606 [INFO] httpx: HTTP Request: GET http://testserver/api/customers/5/due-payments "HTTP/1.1 200 OK"
2026-05-09 16:52:56,627 [INFO] banikos-api: User logged in: owner (Role: Admin)
2026-05-09 16:52:56,628 [INFO] httpx: HTTP Request: POST http://testserver/api/auth/login "HTTP/1.1 200 OK"
2026-05-09 16:52:56,631 [INFO] httpx: HTTP Request: POST http://testserver/api/products "HTTP/1.1 201 Created"
2026-05-09 16:52:56,635 [INFO] httpx: HTTP Request: PATCH http://testserver/api/products/12/stock "HTTP/1.1 200 OK"
2026-05-09 16:52:56,637 [INFO] httpx: HTTP Request: PATCH http://testserver/api/products/12/stock "HTTP/1.1 400 Bad Request"
2026-05-09 16:52:56,643 [INFO] httpx: HTTP Request: POST http://testserver/api/admin/damages?product_id=12&quantity=4&reason=smoke "HTTP/1.1 200 OK"
2026-05-09 16:52:56,646 [INFO] httpx: HTTP Request: POST http://testserver/api/admin/damages?product_id=12&quantity=1&reason=smoke "HTTP/1.1 400 Bad Request"
2026-05-09 16:52:56,649 [INFO] httpx: HTTP Request: GET http://testserver/api/products?q=SMOKE-ERP-STOCK-001 "HTTP/1.1 200 OK"
2026-05-09 16:52:56,674 [INFO] banikos-api: User logged in: owner (Role: Admin)
2026-05-09 16:52:56,675 [INFO] httpx: HTTP Request: POST http://testserver/api/auth/login "HTTP/1.1 200 OK"
2026-05-09 16:52:56,678 [INFO] httpx: HTTP Request: POST http://testserver/api/products "HTTP/1.1 201 Created"
2026-05-09 16:52:56,682 [INFO] httpx: HTTP Request: POST http://testserver/api/vendors "HTTP/1.1 200 OK"
2026-05-09 16:52:56,694 [INFO] httpx: HTTP Request: POST http://testserver/api/purchases "HTTP/1.1 200 OK"
2026-05-09 16:52:56,705 [INFO] httpx: HTTP Request: POST http://testserver/api/purchases/return "HTTP/1.1 200 OK"
2026-05-09 16:52:56,711 [INFO] httpx: HTTP Request: POST http://testserver/api/vendors/1/pay "HTTP/1.1 200 OK"
2026-05-09 16:52:56,733 [INFO] banikos-api: User logged in: owner (Role: Admin)
2026-05-09 16:52:56,733 [INFO] httpx: HTTP Request: POST http://testserver/api/auth/login "HTTP/1.1 200 OK"
2026-05-09 16:52:56,740 [INFO] httpx: HTTP Request: POST http://testserver/api/admin/users "HTTP/1.1 200 OK"
2026-05-09 16:52:56,743 [INFO] httpx: HTTP Request: POST http://testserver/api/admin/users "HTTP/1.1 200 OK"
2026-05-09 16:52:56,747 [INFO] httpx: HTTP Request: POST http://testserver/api/admin/users "HTTP/1.1 200 OK"
2026-05-09 16:52:56,751 [INFO] httpx: HTTP Request: POST http://testserver/api/admin/users "HTTP/1.1 200 OK"
2026-05-09 16:52:56,754 [INFO] httpx: HTTP Request: POST http://testserver/api/admin/users "HTTP/1.1 200 OK"
2026-05-09 16:52:56,757 [INFO] httpx: HTTP Request: POST http://testserver/api/admin/users "HTTP/1.1 200 OK"
2026-05-09 16:52:56,758 [INFO] banikos-api: User logged in: ceo-rbac-smoke (Role: CEO)
2026-05-09 16:52:56,759 [INFO] httpx: HTTP Request: POST http://testserver/api/auth/login "HTTP/1.1 200 OK"
2026-05-09 16:52:56,760 [INFO] banikos-api: User logged in: coo-rbac-smoke (Role: COO)
2026-05-09 16:52:56,761 [INFO] httpx: HTTP Request: POST http://testserver/api/auth/login "HTTP/1.1 200 OK"
2026-05-09 16:52:56,763 [INFO] banikos-api: User logged in: cmo-rbac-smoke (Role: CMO)
2026-05-09 16:52:56,764 [INFO] httpx: HTTP Request: POST http://testserver/api/auth/login "HTTP/1.1 200 OK"
2026-05-09 16:52:56,765 [INFO] banikos-api: User logged in: cfo-rbac-smoke (Role: CFO)
2026-05-09 16:52:56,765 [INFO] httpx: HTTP Request: POST http://testserver/api/auth/login "HTTP/1.1 200 OK"
2026-05-09 16:52:56,767 [INFO] banikos-api: User logged in: social-rbac-smoke (Role: SocialAgent)
2026-05-09 16:52:56,767 [INFO] httpx: HTTP Request: POST http://testserver/api/auth/login "HTTP/1.1 200 OK"
2026-05-09 16:52:56,768 [INFO] banikos-api: User logged in: production-rbac-smoke (Role: ProductionWorker)
2026-05-09 16:52:56,769 [INFO] httpx: HTTP Request: POST http://testserver/api/auth/login "HTTP/1.1 200 OK"
2026-05-09 16:52:56,772 [INFO] httpx: HTTP Request: GET http://testserver/api/admin/users "HTTP/1.1 200 OK"
2026-05-09 16:52:56,775 [INFO] httpx: HTTP Request: GET http://testserver/api/finance/summary "HTTP/1.1 200 OK"
2026-05-09 16:52:56,779 [INFO] httpx: HTTP Request: GET http://testserver/api/ml/recommendations "HTTP/1.1 200 OK"
2026-05-09 16:52:56,788 [INFO] httpx: HTTP Request: GET http://testserver/api/tasks "HTTP/1.1 200 OK"
2026-05-09 16:52:56,795 [INFO] httpx: HTTP Request: GET http://testserver/api/dashboard/kpi "HTTP/1.1 200 OK"
2026-05-09 16:52:56,804 [INFO] httpx: HTTP Request: GET http://testserver/api/crm/orders "HTTP/1.1 200 OK"
2026-05-09 16:52:56,806 [INFO] httpx: HTTP Request: GET http://testserver/api/vendors "HTTP/1.1 200 OK"
2026-05-09 16:52:56,810 [INFO] httpx: HTTP Request: GET http://testserver/api/finance/summary "HTTP/1.1 200 OK"
2026-05-09 16:52:56,814 [INFO] httpx: HTTP Request: GET http://testserver/api/tasks "HTTP/1.1 200 OK"
2026-05-09 16:52:56,816 [INFO] httpx: HTTP Request: GET http://testserver/api/auth/staff "HTTP/1.1 200 OK"
2026-05-09 16:52:56,826 [INFO] httpx: HTTP Request: GET http://testserver/api/customers "HTTP/1.1 200 OK"
2026-05-09 16:52:56,830 [INFO] httpx: HTTP Request: GET http://testserver/api/crm/leads "HTTP/1.1 200 OK"
2026-05-09 16:52:56,837 [INFO] httpx: HTTP Request: GET http://testserver/api/tasks "HTTP/1.1 200 OK"
2026-05-09 16:52:56,841 [INFO] httpx: HTTP Request: GET http://testserver/api/ml/recommendations "HTTP/1.1 200 OK"
2026-05-09 16:52:56,844 [INFO] httpx: HTTP Request: GET http://testserver/api/auth/staff "HTTP/1.1 200 OK"
2026-05-09 16:52:56,847 [INFO] httpx: HTTP Request: GET http://testserver/api/finance/summary "HTTP/1.1 403 Forbidden"
2026-05-09 16:52:56,849 [INFO] httpx: HTTP Request: GET http://testserver/api/crm/orders "HTTP/1.1 403 Forbidden"
2026-05-09 16:52:56,850 [INFO] httpx: HTTP Request: GET http://testserver/api/admin/users "HTTP/1.1 403 Forbidden"
2026-05-09 16:52:56,854 [INFO] httpx: HTTP Request: GET http://testserver/api/finance/summary "HTTP/1.1 200 OK"
2026-05-09 16:52:56,857 [INFO] httpx: HTTP Request: GET http://testserver/api/finance/ledger "HTTP/1.1 200 OK"
2026-05-09 16:52:56,862 [INFO] httpx: HTTP Request: GET http://testserver/api/accounting/journals "HTTP/1.1 200 OK"
2026-05-09 16:52:56,866 [INFO] httpx: HTTP Request: GET http://testserver/api/tasks "HTTP/1.1 200 OK"
2026-05-09 16:52:56,873 [INFO] httpx: HTTP Request: POST http://testserver/api/finance/entry "HTTP/1.1 201 Created"
2026-05-09 16:52:56,875 [INFO] httpx: HTTP Request: GET http://testserver/api/customers "HTTP/1.1 403 Forbidden"
2026-05-09 16:52:56,877 [INFO] httpx: HTTP Request: GET http://testserver/api/crm/leads "HTTP/1.1 403 Forbidden"
2026-05-09 16:52:56,879 [INFO] httpx: HTTP Request: GET http://testserver/api/admin/users "HTTP/1.1 403 Forbidden"
2026-05-09 16:52:56,890 [INFO] httpx: HTTP Request: GET http://testserver/api/customers "HTTP/1.1 200 OK"
2026-05-09 16:52:56,898 [INFO] httpx: HTTP Request: GET http://testserver/api/crm/leads "HTTP/1.1 200 OK"
2026-05-09 16:52:56,902 [INFO] httpx: HTTP Request: GET http://testserver/api/tasks "HTTP/1.1 200 OK"
2026-05-09 16:52:56,904 [INFO] httpx: HTTP Request: GET http://testserver/api/products "HTTP/1.1 403 Forbidden"
2026-05-09 16:52:56,905 [INFO] httpx: HTTP Request: GET http://testserver/api/crm/orders "HTTP/1.1 403 Forbidden"
2026-05-09 16:52:56,907 [INFO] httpx: HTTP Request: GET http://testserver/api/finance/summary "HTTP/1.1 403 Forbidden"
2026-05-09 16:52:56,910 [INFO] httpx: HTTP Request: GET http://testserver/api/products "HTTP/1.1 200 OK"
2026-05-09 16:52:56,913 [INFO] httpx: HTTP Request: GET http://testserver/api/tasks "HTTP/1.1 200 OK"
2026-05-09 16:52:56,915 [INFO] httpx: HTTP Request: GET http://testserver/api/customers "HTTP/1.1 403 Forbidden"
2026-05-09 16:52:56,917 [INFO] httpx: HTTP Request: GET http://testserver/api/crm/leads "HTTP/1.1 403 Forbidden"
2026-05-09 16:52:56,919 [INFO] httpx: HTTP Request: GET http://testserver/api/crm/orders "HTTP/1.1 403 Forbidden"
2026-05-09 16:52:56,920 [INFO] httpx: HTTP Request: GET http://testserver/api/finance/summary "HTTP/1.1 403 Forbidden"
2026-05-09 16:52:56,944 [INFO] banikos-api: User logged in: owner (Role: Admin)
2026-05-09 16:52:56,945 [INFO] httpx: HTTP Request: POST http://testserver/api/auth/login "HTTP/1.1 200 OK"
2026-05-09 16:52:56,949 [INFO] httpx: HTTP Request: POST http://testserver/api/admin/users "HTTP/1.1 200 OK"
2026-05-09 16:52:56,953 [INFO] httpx: HTTP Request: POST http://testserver/api/admin/users "HTTP/1.1 200 OK"
2026-05-09 16:52:56,957 [INFO] httpx: HTTP Request: POST http://testserver/api/admin/users "HTTP/1.1 200 OK"
2026-05-09 16:52:56,959 [INFO] banikos-api: User logged in: cashier-rbac-smoke (Role: Cashier)
2026-05-09 16:52:56,959 [INFO] httpx: HTTP Request: POST http://testserver/api/auth/login "HTTP/1.1 200 OK"
2026-05-09 16:52:56,961 [INFO] banikos-api: User logged in: sales-rbac-smoke (Role: Salesman)
2026-05-09 16:52:56,962 [INFO] httpx: HTTP Request: POST http://testserver/api/auth/login "HTTP/1.1 200 OK"
2026-05-09 16:52:56,963 [INFO] banikos-api: User logged in: packaging-rbac-smoke (Role: Packaging)
2026-05-09 16:52:56,964 [INFO] httpx: HTTP Request: POST http://testserver/api/auth/login "HTTP/1.1 200 OK"
2026-05-09 16:52:56,966 [INFO] httpx: HTTP Request: GET http://testserver/api/products "HTTP/1.1 200 OK"
2026-05-09 16:52:56,976 [INFO] httpx: HTTP Request: GET http://testserver/api/customers "HTTP/1.1 200 OK"
2026-05-09 16:52:56,982 [INFO] httpx: HTTP Request: GET http://testserver/api/shifts/active "HTTP/1.1 200 OK"
2026-05-09 16:52:56,984 [INFO] httpx: HTTP Request: GET http://testserver/api/auth/staff "HTTP/1.1 200 OK"
2026-05-09 16:52:56,986 [INFO] httpx: HTTP Request: GET http://testserver/api/crm/leads "HTTP/1.1 403 Forbidden"
2026-05-09 16:52:56,987 [INFO] httpx: HTTP Request: GET http://testserver/api/crm/orders "HTTP/1.1 403 Forbidden"
2026-05-09 16:52:56,989 [INFO] httpx: HTTP Request: GET http://testserver/api/tasks "HTTP/1.1 403 Forbidden"
2026-05-09 16:52:56,991 [INFO] httpx: HTTP Request: GET http://testserver/api/finance/summary "HTTP/1.1 403 Forbidden"
2026-05-09 16:52:56,993 [INFO] httpx: HTTP Request: GET http://testserver/api/pos/sales "HTTP/1.1 403 Forbidden"
2026-05-09 16:52:56,996 [INFO] httpx: HTTP Request: GET http://testserver/api/auth/staff "HTTP/1.1 200 OK"
2026-05-09 16:52:56,998 [INFO] httpx: HTTP Request: GET http://testserver/api/products "HTTP/1.1 200 OK"
2026-05-09 16:52:57,008 [INFO] httpx: HTTP Request: GET http://testserver/api/customers "HTTP/1.1 200 OK"
2026-05-09 16:52:57,011 [INFO] httpx: HTTP Request: GET http://testserver/api/crm/leads "HTTP/1.1 200 OK"
2026-05-09 16:52:57,019 [INFO] httpx: HTTP Request: GET http://testserver/api/crm/orders "HTTP/1.1 200 OK"
2026-05-09 16:52:57,021 [INFO] httpx: HTTP Request: GET http://testserver/api/tasks "HTTP/1.1 200 OK"
2026-05-09 16:52:57,023 [INFO] httpx: HTTP Request: GET http://testserver/api/finance/summary "HTTP/1.1 403 Forbidden"
2026-05-09 16:52:57,024 [INFO] httpx: HTTP Request: GET http://testserver/api/vendors "HTTP/1.1 403 Forbidden"
2026-05-09 16:52:57,026 [INFO] httpx: HTTP Request: GET http://testserver/api/pos/sales "HTTP/1.1 403 Forbidden"
2026-05-09 16:52:57,028 [INFO] httpx: HTTP Request: GET http://testserver/api/products "HTTP/1.1 200 OK"
2026-05-09 16:52:57,031 [INFO] httpx: HTTP Request: GET http://testserver/api/tasks "HTTP/1.1 200 OK"
2026-05-09 16:52:57,033 [INFO] httpx: HTTP Request: GET http://testserver/api/customers "HTTP/1.1 403 Forbidden"
2026-05-09 16:52:57,034 [INFO] httpx: HTTP Request: GET http://testserver/api/crm/leads "HTTP/1.1 403 Forbidden"
2026-05-09 16:52:57,036 [INFO] httpx: HTTP Request: GET http://testserver/api/crm/orders "HTTP/1.1 403 Forbidden"
2026-05-09 16:52:57,037 [INFO] httpx: HTTP Request: GET http://testserver/api/finance/summary "HTTP/1.1 403 Forbidden"
2026-05-09 16:52:57,060 [INFO] banikos-api: User logged in: owner (Role: Admin)
2026-05-09 16:52:57,061 [INFO] httpx: HTTP Request: POST http://testserver/api/auth/login "HTTP/1.1 200 OK"
2026-05-09 16:52:57,076 [INFO] httpx: HTTP Request: POST http://testserver/api/internal-threads "HTTP/1.1 201 Created"
2026-05-09 16:52:57,086 [INFO] httpx: HTTP Request: GET http://testserver/api/internal-threads?status=Open "HTTP/1.1 200 OK"
2026-05-09 16:52:57,098 [INFO] httpx: HTTP Request: PATCH http://testserver/api/internal-threads/1 "HTTP/1.1 200 OK"
2026-05-09 16:52:57,104 [INFO] httpx: HTTP Request: POST http://testserver/api/internal-threads/1/messages "HTTP/1.1 200 OK"
2026-05-09 16:52:57,126 [INFO] banikos-api: User logged in: owner (Role: Admin)
2026-05-09 16:52:57,127 [INFO] httpx: HTTP Request: POST http://testserver/api/auth/login "HTTP/1.1 200 OK"
2026-05-09 16:52:57,146 [INFO] httpx: HTTP Request: POST http://testserver/api/tasks "HTTP/1.1 201 Created"
2026-05-09 16:52:57,149 [INFO] httpx: HTTP Request: GET http://testserver/api/tasks?status=Open "HTTP/1.1 200 OK"
2026-05-09 16:52:57,161 [INFO] httpx: HTTP Request: PATCH http://testserver/api/tasks/1 "HTTP/1.1 200 OK"
2026-05-09 16:52:57,184 [INFO] banikos-api: User logged in: owner (Role: Admin)
2026-05-09 16:52:57,184 [INFO] httpx: HTTP Request: POST http://testserver/api/auth/login "HTTP/1.1 200 OK"
2026-05-09 16:52:57,188 [INFO] httpx: HTTP Request: POST http://testserver/api/admin/users "HTTP/1.1 200 OK"
2026-05-09 16:52:57,192 [INFO] httpx: HTTP Request: GET http://testserver/api/payroll/summary?month=2026-05 "HTTP/1.1 200 OK"
2026-05-09 16:52:57,200 [INFO] httpx: HTTP Request: POST http://testserver/api/payroll/cut "HTTP/1.1 201 Created"
2026-05-09 16:52:57,211 [INFO] httpx: HTTP Request: POST http://testserver/api/payroll/pay "HTTP/1.1 201 Created"
2026-05-09 16:52:57,215 [INFO] httpx: HTTP Request: POST http://testserver/api/payroll/pay "HTTP/1.1 400 Bad Request"
2026-05-09 16:52:57,217 [INFO] httpx: HTTP Request: GET http://testserver/api/payroll/summary?month=2026-05 "HTTP/1.1 200 OK"
2026-05-09 16:52:57,240 [INFO] banikos-api: User logged in: owner (Role: Admin)
2026-05-09 16:52:57,241 [INFO] httpx: HTTP Request: POST http://testserver/api/auth/login "HTTP/1.1 200 OK"
2026-05-09 16:52:57,243 [INFO] httpx: HTTP Request: GET http://testserver/api/finance/recurring-expenses "HTTP/1.1 200 OK"
2026-05-09 16:52:57,249 [INFO] httpx: HTTP Request: POST http://testserver/api/finance/recurring-expenses "HTTP/1.1 201 Created"
2026-05-09 16:52:57,254 [INFO] httpx: HTTP Request: PATCH http://testserver/api/finance/recurring-expenses/1 "HTTP/1.1 200 OK"
2026-05-09 16:52:57,269 [INFO] httpx: HTTP Request: POST http://testserver/api/finance/recurring-expenses/1/run?month=2026-05 "HTTP/1.1 201 Created"
2026-05-09 16:52:57,271 [INFO] httpx: HTTP Request: POST http://testserver/api/finance/recurring-expenses/1/run?month=2026-05 "HTTP/1.1 400 Bad Request"
2026-05-09 16:52:57,274 [INFO] httpx: HTTP Request: GET http://testserver/api/finance/recurring-expenses "HTTP/1.1 200 OK"
2026-05-09 16:53:40,507 [INFO] banikos-api: User logged in: owner (Role: Admin)
2026-05-09 16:53:40,508 [INFO] httpx: HTTP Request: POST http://testserver/api/auth/login "HTTP/1.1 200 OK"
2026-05-09 16:53:40,513 [INFO] httpx: HTTP Request: GET http://testserver/api/accounting/cost-centers "HTTP/1.1 200 OK"
2026-05-09 16:53:40,516 [INFO] httpx: HTTP Request: GET http://testserver/api/accounting/payment-channels "HTTP/1.1 200 OK"
2026-05-09 16:53:40,519 [INFO] httpx: HTTP Request: GET http://testserver/api/accounting/chart-of-accounts "HTTP/1.1 200 OK"
2026-05-09 16:53:40,523 [INFO] httpx: HTTP Request: GET http://testserver/api/accounting/periods "HTTP/1.1 200 OK"
2026-05-09 16:53:40,532 [INFO] httpx: HTTP Request: GET http://testserver/api/accounting/journals "HTTP/1.1 200 OK"
2026-05-09 16:53:40,689 [INFO] banikos-api: User logged in: owner (Role: Admin)
2026-05-09 16:53:40,690 [INFO] httpx: HTTP Request: POST http://testserver/api/auth/login "HTTP/1.1 200 OK"
2026-05-09 16:53:40,696 [INFO] banikos-api: Company settings updated
2026-05-09 16:53:40,697 [INFO] httpx: HTTP Request: PATCH http://testserver/api/settings/company "HTTP/1.1 200 OK"
2026-05-09 16:53:40,700 [INFO] httpx: HTTP Request: GET http://testserver/api/auth/staff "HTTP/1.1 200 OK"
2026-05-09 16:53:40,703 [INFO] httpx: HTTP Request: GET http://testserver/api/settings/company "HTTP/1.1 200 OK"
2026-05-09 16:53:40,718 [INFO] httpx: HTTP Request: GET http://testserver/api/customers "HTTP/1.1 200 OK"
2026-05-09 16:53:40,723 [INFO] httpx: HTTP Request: GET http://testserver/api/products "HTTP/1.1 200 OK"
2026-05-09 16:53:40,726 [INFO] httpx: HTTP Request: GET http://testserver/api/vendors "HTTP/1.1 200 OK"
2026-05-09 16:53:40,734 [INFO] httpx: HTTP Request: GET http://testserver/api/crm/leads "HTTP/1.1 200 OK"
2026-05-09 16:53:40,744 [INFO] httpx: HTTP Request: GET http://testserver/api/finance/summary "HTTP/1.1 200 OK"
2026-05-09 16:53:40,747 [INFO] httpx: HTTP Request: GET http://testserver/api/finance/chart-accounts "HTTP/1.1 200 OK"
2026-05-09 16:53:40,752 [INFO] httpx: HTTP Request: GET http://testserver/api/finance/ledger "HTTP/1.1 200 OK"
2026-05-09 16:53:40,756 [INFO] httpx: HTTP Request: GET http://testserver/api/finance/daily-summary "HTTP/1.1 200 OK"
2026-05-09 16:53:40,760 [INFO] httpx: HTTP Request: GET http://testserver/api/finance/recurring-expenses "HTTP/1.1 200 OK"
2026-05-09 16:53:40,766 [INFO] httpx: HTTP Request: GET http://testserver/api/ml/features/customers "HTTP/1.1 200 OK"
2026-05-09 16:53:40,771 [INFO] httpx: HTTP Request: GET http://testserver/api/ml/features/products "HTTP/1.1 200 OK"
2026-05-09 16:53:40,776 [INFO] httpx: HTTP Request: GET http://testserver/api/ml/recommendations "HTTP/1.1 200 OK"
2026-05-09 16:53:40,794 [INFO] httpx: HTTP Request: OPTIONS http://testserver/api/health "HTTP/1.1 200 OK"
2026-05-09 16:53:40,814 [INFO] banikos-api: User logged in: owner (Role: Admin)
2026-05-09 16:53:40,815 [INFO] httpx: HTTP Request: POST http://testserver/api/auth/login "HTTP/1.1 200 OK"
2026-05-09 16:53:40,823 [INFO] httpx: HTTP Request: POST http://testserver/api/customers "HTTP/1.1 201 Created"
2026-05-09 16:53:40,827 [INFO] httpx: HTTP Request: POST http://testserver/api/products "HTTP/1.1 201 Created"
2026-05-09 16:53:40,842 [INFO] banikos-api: Sale created: INV-20260509-0004 | Total: 20.0 | User: owner
2026-05-09 16:53:40,849 [INFO] httpx: HTTP Request: POST http://testserver/api/pos/sale "HTTP/1.1 200 OK"
2026-05-09 16:53:40,855 [INFO] httpx: HTTP Request: GET http://testserver/api/customers/5/due-payments "HTTP/1.1 200 OK"
2026-05-09 16:53:40,866 [INFO] httpx: HTTP Request: POST http://testserver/api/customers/5/due-payments "HTTP/1.1 201 Created"
2026-05-09 16:53:40,868 [INFO] httpx: HTTP Request: POST http://testserver/api/customers/5/due-payments "HTTP/1.1 400 Bad Request"
2026-05-09 16:53:40,871 [INFO] httpx: HTTP Request: GET http://testserver/api/customers/5/due-payments "HTTP/1.1 200 OK"
2026-05-09 16:53:40,892 [INFO] banikos-api: User logged in: owner (Role: Admin)
2026-05-09 16:53:40,892 [INFO] httpx: HTTP Request: POST http://testserver/api/auth/login "HTTP/1.1 200 OK"
2026-05-09 16:53:40,895 [INFO] httpx: HTTP Request: POST http://testserver/api/products "HTTP/1.1 201 Created"
2026-05-09 16:53:40,899 [INFO] httpx: HTTP Request: PATCH http://testserver/api/products/12/stock "HTTP/1.1 200 OK"
2026-05-09 16:53:40,901 [INFO] httpx: HTTP Request: PATCH http://testserver/api/products/12/stock "HTTP/1.1 400 Bad Request"
2026-05-09 16:53:40,908 [INFO] httpx: HTTP Request: POST http://testserver/api/admin/damages?product_id=12&quantity=4&reason=smoke "HTTP/1.1 200 OK"
2026-05-09 16:53:40,910 [INFO] httpx: HTTP Request: POST http://testserver/api/admin/damages?product_id=12&quantity=1&reason=smoke "HTTP/1.1 400 Bad Request"
2026-05-09 16:53:40,913 [INFO] httpx: HTTP Request: GET http://testserver/api/products?q=SMOKE-ERP-STOCK-001 "HTTP/1.1 200 OK"
2026-05-09 16:53:40,937 [INFO] banikos-api: User logged in: owner (Role: Admin)
2026-05-09 16:53:40,938 [INFO] httpx: HTTP Request: POST http://testserver/api/auth/login "HTTP/1.1 200 OK"
2026-05-09 16:53:40,940 [INFO] httpx: HTTP Request: POST http://testserver/api/products "HTTP/1.1 201 Created"
2026-05-09 16:53:40,944 [INFO] httpx: HTTP Request: POST http://testserver/api/vendors "HTTP/1.1 200 OK"
2026-05-09 16:53:40,957 [INFO] httpx: HTTP Request: POST http://testserver/api/purchases "HTTP/1.1 200 OK"
2026-05-09 16:53:40,967 [INFO] httpx: HTTP Request: POST http://testserver/api/purchases/return "HTTP/1.1 200 OK"
2026-05-09 16:53:40,973 [INFO] httpx: HTTP Request: POST http://testserver/api/vendors/1/pay "HTTP/1.1 200 OK"
2026-05-09 16:53:40,994 [INFO] banikos-api: User logged in: owner (Role: Admin)
2026-05-09 16:53:40,995 [INFO] httpx: HTTP Request: POST http://testserver/api/auth/login "HTTP/1.1 200 OK"
2026-05-09 16:53:41,000 [INFO] httpx: HTTP Request: POST http://testserver/api/admin/users "HTTP/1.1 200 OK"
2026-05-09 16:53:41,003 [INFO] httpx: HTTP Request: POST http://testserver/api/admin/users "HTTP/1.1 200 OK"
2026-05-09 16:53:41,007 [INFO] httpx: HTTP Request: POST http://testserver/api/admin/users "HTTP/1.1 200 OK"
2026-05-09 16:53:41,010 [INFO] httpx: HTTP Request: POST http://testserver/api/admin/users "HTTP/1.1 200 OK"
2026-05-09 16:53:41,013 [INFO] httpx: HTTP Request: POST http://testserver/api/admin/users "HTTP/1.1 200 OK"
2026-05-09 16:53:41,016 [INFO] httpx: HTTP Request: POST http://testserver/api/admin/users "HTTP/1.1 200 OK"
2026-05-09 16:53:41,017 [INFO] banikos-api: User logged in: ceo-rbac-smoke (Role: CEO)
2026-05-09 16:53:41,018 [INFO] httpx: HTTP Request: POST http://testserver/api/auth/login "HTTP/1.1 200 OK"
2026-05-09 16:53:41,019 [INFO] banikos-api: User logged in: coo-rbac-smoke (Role: COO)
2026-05-09 16:53:41,019 [INFO] httpx: HTTP Request: POST http://testserver/api/auth/login "HTTP/1.1 200 OK"
2026-05-09 16:53:41,020 [INFO] banikos-api: User logged in: cmo-rbac-smoke (Role: CMO)
2026-05-09 16:53:41,021 [INFO] httpx: HTTP Request: POST http://testserver/api/auth/login "HTTP/1.1 200 OK"
2026-05-09 16:53:41,022 [INFO] banikos-api: User logged in: cfo-rbac-smoke (Role: CFO)
2026-05-09 16:53:41,023 [INFO] httpx: HTTP Request: POST http://testserver/api/auth/login "HTTP/1.1 200 OK"
2026-05-09 16:53:41,024 [INFO] banikos-api: User logged in: social-rbac-smoke (Role: SocialAgent)
2026-05-09 16:53:41,025 [INFO] httpx: HTTP Request: POST http://testserver/api/auth/login "HTTP/1.1 200 OK"
2026-05-09 16:53:41,026 [INFO] banikos-api: User logged in: production-rbac-smoke (Role: ProductionWorker)
2026-05-09 16:53:41,026 [INFO] httpx: HTTP Request: POST http://testserver/api/auth/login "HTTP/1.1 200 OK"
2026-05-09 16:53:41,029 [INFO] httpx: HTTP Request: GET http://testserver/api/admin/users "HTTP/1.1 200 OK"
2026-05-09 16:53:41,033 [INFO] httpx: HTTP Request: GET http://testserver/api/finance/summary "HTTP/1.1 200 OK"
2026-05-09 16:53:41,036 [INFO] httpx: HTTP Request: GET http://testserver/api/ml/recommendations "HTTP/1.1 200 OK"
2026-05-09 16:53:41,045 [INFO] httpx: HTTP Request: GET http://testserver/api/tasks "HTTP/1.1 200 OK"
2026-05-09 16:53:41,051 [INFO] httpx: HTTP Request: GET http://testserver/api/dashboard/kpi "HTTP/1.1 200 OK"
2026-05-09 16:53:41,058 [INFO] httpx: HTTP Request: GET http://testserver/api/crm/orders "HTTP/1.1 200 OK"
2026-05-09 16:53:41,061 [INFO] httpx: HTTP Request: GET http://testserver/api/vendors "HTTP/1.1 200 OK"
2026-05-09 16:53:41,064 [INFO] httpx: HTTP Request: GET http://testserver/api/finance/summary "HTTP/1.1 200 OK"
2026-05-09 16:53:41,066 [INFO] httpx: HTTP Request: GET http://testserver/api/tasks "HTTP/1.1 200 OK"
2026-05-09 16:53:41,069 [INFO] httpx: HTTP Request: GET http://testserver/api/auth/staff "HTTP/1.1 200 OK"
2026-05-09 16:53:41,079 [INFO] httpx: HTTP Request: GET http://testserver/api/customers "HTTP/1.1 200 OK"
2026-05-09 16:53:41,081 [INFO] httpx: HTTP Request: GET http://testserver/api/crm/leads "HTTP/1.1 200 OK"
2026-05-09 16:53:41,087 [INFO] httpx: HTTP Request: GET http://testserver/api/tasks "HTTP/1.1 200 OK"
2026-05-09 16:53:41,091 [INFO] httpx: HTTP Request: GET http://testserver/api/ml/recommendations "HTTP/1.1 200 OK"
2026-05-09 16:53:41,094 [INFO] httpx: HTTP Request: GET http://testserver/api/auth/staff "HTTP/1.1 200 OK"
2026-05-09 16:53:41,095 [INFO] httpx: HTTP Request: GET http://testserver/api/finance/summary "HTTP/1.1 403 Forbidden"
2026-05-09 16:53:41,097 [INFO] httpx: HTTP Request: GET http://testserver/api/crm/orders "HTTP/1.1 403 Forbidden"
2026-05-09 16:53:41,098 [INFO] httpx: HTTP Request: GET http://testserver/api/admin/users "HTTP/1.1 403 Forbidden"
2026-05-09 16:53:41,102 [INFO] httpx: HTTP Request: GET http://testserver/api/finance/summary "HTTP/1.1 200 OK"
2026-05-09 16:53:41,104 [INFO] httpx: HTTP Request: GET http://testserver/api/finance/ledger "HTTP/1.1 200 OK"
2026-05-09 16:53:41,109 [INFO] httpx: HTTP Request: GET http://testserver/api/accounting/journals "HTTP/1.1 200 OK"
2026-05-09 16:53:41,111 [INFO] httpx: HTTP Request: GET http://testserver/api/tasks "HTTP/1.1 200 OK"
2026-05-09 16:53:41,118 [INFO] httpx: HTTP Request: POST http://testserver/api/finance/entry "HTTP/1.1 201 Created"
2026-05-09 16:53:41,119 [INFO] httpx: HTTP Request: GET http://testserver/api/customers "HTTP/1.1 403 Forbidden"
2026-05-09 16:53:41,121 [INFO] httpx: HTTP Request: GET http://testserver/api/crm/leads "HTTP/1.1 403 Forbidden"
2026-05-09 16:53:41,123 [INFO] httpx: HTTP Request: GET http://testserver/api/admin/users "HTTP/1.1 403 Forbidden"
2026-05-09 16:53:41,133 [INFO] httpx: HTTP Request: GET http://testserver/api/customers "HTTP/1.1 200 OK"
2026-05-09 16:53:41,139 [INFO] httpx: HTTP Request: GET http://testserver/api/crm/leads "HTTP/1.1 200 OK"
2026-05-09 16:53:41,142 [INFO] httpx: HTTP Request: GET http://testserver/api/tasks "HTTP/1.1 200 OK"
2026-05-09 16:53:41,143 [INFO] httpx: HTTP Request: GET http://testserver/api/products "HTTP/1.1 403 Forbidden"
2026-05-09 16:53:41,145 [INFO] httpx: HTTP Request: GET http://testserver/api/crm/orders "HTTP/1.1 403 Forbidden"
2026-05-09 16:53:41,147 [INFO] httpx: HTTP Request: GET http://testserver/api/finance/summary "HTTP/1.1 403 Forbidden"
2026-05-09 16:53:41,149 [INFO] httpx: HTTP Request: GET http://testserver/api/products "HTTP/1.1 200 OK"
2026-05-09 16:53:41,151 [INFO] httpx: HTTP Request: GET http://testserver/api/tasks "HTTP/1.1 200 OK"
2026-05-09 16:53:41,153 [INFO] httpx: HTTP Request: GET http://testserver/api/customers "HTTP/1.1 403 Forbidden"
2026-05-09 16:53:41,154 [INFO] httpx: HTTP Request: GET http://testserver/api/crm/leads "HTTP/1.1 403 Forbidden"
2026-05-09 16:53:41,156 [INFO] httpx: HTTP Request: GET http://testserver/api/crm/orders "HTTP/1.1 403 Forbidden"
2026-05-09 16:53:41,158 [INFO] httpx: HTTP Request: GET http://testserver/api/finance/summary "HTTP/1.1 403 Forbidden"
2026-05-09 16:53:41,179 [INFO] banikos-api: User logged in: owner (Role: Admin)
2026-05-09 16:53:41,180 [INFO] httpx: HTTP Request: POST http://testserver/api/auth/login "HTTP/1.1 200 OK"
2026-05-09 16:53:41,183 [INFO] httpx: HTTP Request: POST http://testserver/api/admin/users "HTTP/1.1 200 OK"
2026-05-09 16:53:41,186 [INFO] httpx: HTTP Request: POST http://testserver/api/admin/users "HTTP/1.1 200 OK"
2026-05-09 16:53:41,190 [INFO] httpx: HTTP Request: POST http://testserver/api/admin/users "HTTP/1.1 200 OK"
2026-05-09 16:53:41,191 [INFO] banikos-api: User logged in: cashier-rbac-smoke (Role: Cashier)
2026-05-09 16:53:41,192 [INFO] httpx: HTTP Request: POST http://testserver/api/auth/login "HTTP/1.1 200 OK"
2026-05-09 16:53:41,193 [INFO] banikos-api: User logged in: sales-rbac-smoke (Role: Salesman)
2026-05-09 16:53:41,193 [INFO] httpx: HTTP Request: POST http://testserver/api/auth/login "HTTP/1.1 200 OK"
2026-05-09 16:53:41,194 [INFO] banikos-api: User logged in: packaging-rbac-smoke (Role: Packaging)
2026-05-09 16:53:41,195 [INFO] httpx: HTTP Request: POST http://testserver/api/auth/login "HTTP/1.1 200 OK"
2026-05-09 16:53:41,197 [INFO] httpx: HTTP Request: GET http://testserver/api/products "HTTP/1.1 200 OK"
2026-05-09 16:53:41,207 [INFO] httpx: HTTP Request: GET http://testserver/api/customers "HTTP/1.1 200 OK"
2026-05-09 16:53:41,212 [INFO] httpx: HTTP Request: GET http://testserver/api/shifts/active "HTTP/1.1 200 OK"
2026-05-09 16:53:41,214 [INFO] httpx: HTTP Request: GET http://testserver/api/auth/staff "HTTP/1.1 200 OK"
2026-05-09 16:53:41,215 [INFO] httpx: HTTP Request: GET http://testserver/api/crm/leads "HTTP/1.1 403 Forbidden"
2026-05-09 16:53:41,217 [INFO] httpx: HTTP Request: GET http://testserver/api/crm/orders "HTTP/1.1 403 Forbidden"
2026-05-09 16:53:41,218 [INFO] httpx: HTTP Request: GET http://testserver/api/tasks "HTTP/1.1 403 Forbidden"
2026-05-09 16:53:41,220 [INFO] httpx: HTTP Request: GET http://testserver/api/finance/summary "HTTP/1.1 403 Forbidden"
2026-05-09 16:53:41,222 [INFO] httpx: HTTP Request: GET http://testserver/api/pos/sales "HTTP/1.1 403 Forbidden"
2026-05-09 16:53:41,225 [INFO] httpx: HTTP Request: GET http://testserver/api/auth/staff "HTTP/1.1 200 OK"
2026-05-09 16:53:41,227 [INFO] httpx: HTTP Request: GET http://testserver/api/products "HTTP/1.1 200 OK"
2026-05-09 16:53:41,237 [INFO] httpx: HTTP Request: GET http://testserver/api/customers "HTTP/1.1 200 OK"
2026-05-09 16:53:41,240 [INFO] httpx: HTTP Request: GET http://testserver/api/crm/leads "HTTP/1.1 200 OK"
2026-05-09 16:53:41,246 [INFO] httpx: HTTP Request: GET http://testserver/api/crm/orders "HTTP/1.1 200 OK"
2026-05-09 16:53:41,249 [INFO] httpx: HTTP Request: GET http://testserver/api/tasks "HTTP/1.1 200 OK"
2026-05-09 16:53:41,250 [INFO] httpx: HTTP Request: GET http://testserver/api/finance/summary "HTTP/1.1 403 Forbidden"
2026-05-09 16:53:41,252 [INFO] httpx: HTTP Request: GET http://testserver/api/vendors "HTTP/1.1 403 Forbidden"
2026-05-09 16:53:41,253 [INFO] httpx: HTTP Request: GET http://testserver/api/pos/sales "HTTP/1.1 403 Forbidden"
2026-05-09 16:53:41,257 [INFO] httpx: HTTP Request: GET http://testserver/api/products "HTTP/1.1 200 OK"
2026-05-09 16:53:41,260 [INFO] httpx: HTTP Request: GET http://testserver/api/tasks "HTTP/1.1 200 OK"
2026-05-09 16:53:41,261 [INFO] httpx: HTTP Request: GET http://testserver/api/customers "HTTP/1.1 403 Forbidden"
2026-05-09 16:53:41,263 [INFO] httpx: HTTP Request: GET http://testserver/api/crm/leads "HTTP/1.1 403 Forbidden"
2026-05-09 16:53:41,264 [INFO] httpx: HTTP Request: GET http://testserver/api/crm/orders "HTTP/1.1 403 Forbidden"
2026-05-09 16:53:41,266 [INFO] httpx: HTTP Request: GET http://testserver/api/finance/summary "HTTP/1.1 403 Forbidden"
2026-05-09 16:53:41,288 [INFO] banikos-api: User logged in: owner (Role: Admin)
2026-05-09 16:53:41,289 [INFO] httpx: HTTP Request: POST http://testserver/api/auth/login "HTTP/1.1 200 OK"
2026-05-09 16:53:41,303 [INFO] httpx: HTTP Request: POST http://testserver/api/internal-threads "HTTP/1.1 201 Created"
2026-05-09 16:53:41,312 [INFO] httpx: HTTP Request: GET http://testserver/api/internal-threads?status=Open "HTTP/1.1 200 OK"
2026-05-09 16:53:41,322 [INFO] httpx: HTTP Request: PATCH http://testserver/api/internal-threads/1 "HTTP/1.1 200 OK"
2026-05-09 16:53:41,328 [INFO] httpx: HTTP Request: POST http://testserver/api/internal-threads/1/messages "HTTP/1.1 200 OK"
2026-05-09 16:53:41,349 [INFO] banikos-api: User logged in: owner (Role: Admin)
2026-05-09 16:53:41,349 [INFO] httpx: HTTP Request: POST http://testserver/api/auth/login "HTTP/1.1 200 OK"
2026-05-09 16:53:41,367 [INFO] httpx: HTTP Request: POST http://testserver/api/tasks "HTTP/1.1 201 Created"
2026-05-09 16:53:41,370 [INFO] httpx: HTTP Request: GET http://testserver/api/tasks?status=Open "HTTP/1.1 200 OK"
2026-05-09 16:53:41,382 [INFO] httpx: HTTP Request: PATCH http://testserver/api/tasks/1 "HTTP/1.1 200 OK"
2026-05-09 16:53:41,404 [INFO] banikos-api: User logged in: owner (Role: Admin)
2026-05-09 16:53:41,405 [INFO] httpx: HTTP Request: POST http://testserver/api/auth/login "HTTP/1.1 200 OK"
2026-05-09 16:53:41,409 [INFO] httpx: HTTP Request: POST http://testserver/api/admin/users "HTTP/1.1 200 OK"
2026-05-09 16:53:41,412 [INFO] httpx: HTTP Request: GET http://testserver/api/payroll/summary?month=2026-05 "HTTP/1.1 200 OK"
2026-05-09 16:53:41,425 [INFO] httpx: HTTP Request: POST http://testserver/api/payroll/cut "HTTP/1.1 201 Created"
2026-05-09 16:53:41,447 [INFO] httpx: HTTP Request: POST http://testserver/api/payroll/pay "HTTP/1.1 201 Created"
2026-05-09 16:53:41,454 [INFO] httpx: HTTP Request: POST http://testserver/api/payroll/pay "HTTP/1.1 400 Bad Request"
2026-05-09 16:53:41,458 [INFO] httpx: HTTP Request: GET http://testserver/api/payroll/summary?month=2026-05 "HTTP/1.1 200 OK"
2026-05-09 16:53:41,486 [INFO] banikos-api: User logged in: owner (Role: Admin)
2026-05-09 16:53:41,487 [INFO] httpx: HTTP Request: POST http://testserver/api/auth/login "HTTP/1.1 200 OK"
2026-05-09 16:53:41,490 [INFO] httpx: HTTP Request: GET http://testserver/api/finance/recurring-expenses "HTTP/1.1 200 OK"
2026-05-09 16:53:41,495 [INFO] httpx: HTTP Request: POST http://testserver/api/finance/recurring-expenses "HTTP/1.1 201 Created"
2026-05-09 16:53:41,501 [INFO] httpx: HTTP Request: PATCH http://testserver/api/finance/recurring-expenses/1 "HTTP/1.1 200 OK"
2026-05-09 16:53:41,517 [INFO] httpx: HTTP Request: POST http://testserver/api/finance/recurring-expenses/1/run?month=2026-05 "HTTP/1.1 201 Created"
2026-05-09 16:53:41,520 [INFO] httpx: HTTP Request: POST http://testserver/api/finance/recurring-expenses/1/run?month=2026-05 "HTTP/1.1 400 Bad Request"
2026-05-09 16:53:41,523 [INFO] httpx: HTTP Request: GET http://testserver/api/finance/recurring-expenses "HTTP/1.1 200 OK"
2026-05-09 17:05:11,214 [INFO] banikos-api: User logged in: owner (Role: Admin)
2026-05-09 17:05:11,217 [INFO] httpx: HTTP Request: POST http://testserver/api/auth/login "HTTP/1.1 200 OK"
2026-05-09 17:05:11,235 [INFO] httpx: HTTP Request: GET http://testserver/api/accounting/cost-centers "HTTP/1.1 200 OK"
2026-05-09 17:05:11,239 [INFO] httpx: HTTP Request: GET http://testserver/api/accounting/payment-channels "HTTP/1.1 200 OK"
2026-05-09 17:05:11,244 [INFO] httpx: HTTP Request: GET http://testserver/api/accounting/chart-of-accounts "HTTP/1.1 200 OK"
2026-05-09 17:05:11,248 [INFO] httpx: HTTP Request: GET http://testserver/api/accounting/periods "HTTP/1.1 200 OK"
2026-05-09 17:05:11,258 [INFO] httpx: HTTP Request: GET http://testserver/api/accounting/journals "HTTP/1.1 200 OK"
2026-05-09 17:05:11,426 [INFO] banikos-api: User logged in: owner (Role: Admin)
2026-05-09 17:05:11,427 [INFO] httpx: HTTP Request: POST http://testserver/api/auth/login "HTTP/1.1 200 OK"
2026-05-09 17:05:11,433 [INFO] banikos-api: Company settings updated
2026-05-09 17:05:11,434 [INFO] httpx: HTTP Request: PATCH http://testserver/api/settings/company "HTTP/1.1 200 OK"
2026-05-09 17:05:11,438 [INFO] httpx: HTTP Request: GET http://testserver/api/auth/staff "HTTP/1.1 200 OK"
2026-05-09 17:05:11,440 [INFO] httpx: HTTP Request: GET http://testserver/api/settings/company "HTTP/1.1 200 OK"
2026-05-09 17:05:11,457 [INFO] httpx: HTTP Request: GET http://testserver/api/customers "HTTP/1.1 200 OK"
2026-05-09 17:05:11,461 [INFO] httpx: HTTP Request: GET http://testserver/api/products "HTTP/1.1 200 OK"
2026-05-09 17:05:11,465 [INFO] httpx: HTTP Request: GET http://testserver/api/vendors "HTTP/1.1 200 OK"
2026-05-09 17:05:11,474 [INFO] httpx: HTTP Request: GET http://testserver/api/crm/leads "HTTP/1.1 200 OK"
2026-05-09 17:05:11,487 [INFO] httpx: HTTP Request: GET http://testserver/api/finance/summary "HTTP/1.1 200 OK"
2026-05-09 17:05:11,490 [INFO] httpx: HTTP Request: GET http://testserver/api/finance/chart-accounts "HTTP/1.1 200 OK"
2026-05-09 17:05:11,497 [INFO] httpx: HTTP Request: GET http://testserver/api/finance/ledger "HTTP/1.1 200 OK"
2026-05-09 17:05:11,501 [INFO] httpx: HTTP Request: GET http://testserver/api/finance/daily-summary "HTTP/1.1 200 OK"
2026-05-09 17:05:11,505 [INFO] httpx: HTTP Request: GET http://testserver/api/finance/recurring-expenses "HTTP/1.1 200 OK"
2026-05-09 17:05:11,512 [INFO] httpx: HTTP Request: GET http://testserver/api/ml/features/customers "HTTP/1.1 200 OK"
2026-05-09 17:05:11,518 [INFO] httpx: HTTP Request: GET http://testserver/api/ml/features/products "HTTP/1.1 200 OK"
2026-05-09 17:05:11,523 [INFO] httpx: HTTP Request: GET http://testserver/api/ml/recommendations "HTTP/1.1 200 OK"
2026-05-09 17:05:11,543 [INFO] httpx: HTTP Request: OPTIONS http://testserver/api/health "HTTP/1.1 200 OK"
2026-05-09 17:05:11,563 [INFO] banikos-api: User logged in: owner (Role: Admin)
2026-05-09 17:05:11,563 [INFO] httpx: HTTP Request: POST http://testserver/api/auth/login "HTTP/1.1 200 OK"
2026-05-09 17:05:11,571 [INFO] httpx: HTTP Request: POST http://testserver/api/customers "HTTP/1.1 201 Created"
2026-05-09 17:05:11,576 [INFO] httpx: HTTP Request: POST http://testserver/api/products "HTTP/1.1 201 Created"
2026-05-09 17:05:11,593 [INFO] banikos-api: Sale created: INV-20260509-0004 | Total: 20.0 | User: owner
2026-05-09 17:05:11,601 [INFO] httpx: HTTP Request: POST http://testserver/api/pos/sale "HTTP/1.1 200 OK"
2026-05-09 17:05:11,607 [INFO] httpx: HTTP Request: GET http://testserver/api/customers/5/due-payments "HTTP/1.1 200 OK"
2026-05-09 17:05:11,619 [INFO] httpx: HTTP Request: POST http://testserver/api/customers/5/due-payments "HTTP/1.1 201 Created"
2026-05-09 17:05:11,621 [INFO] httpx: HTTP Request: POST http://testserver/api/customers/5/due-payments "HTTP/1.1 400 Bad Request"
2026-05-09 17:05:11,624 [INFO] httpx: HTTP Request: GET http://testserver/api/customers/5/due-payments "HTTP/1.1 200 OK"
2026-05-09 17:05:11,646 [INFO] banikos-api: User logged in: owner (Role: Admin)
2026-05-09 17:05:11,647 [INFO] httpx: HTTP Request: POST http://testserver/api/auth/login "HTTP/1.1 200 OK"
2026-05-09 17:05:11,651 [INFO] httpx: HTTP Request: POST http://testserver/api/products "HTTP/1.1 201 Created"
2026-05-09 17:05:11,655 [INFO] httpx: HTTP Request: PATCH http://testserver/api/products/12/stock "HTTP/1.1 200 OK"
2026-05-09 17:05:11,657 [INFO] httpx: HTTP Request: PATCH http://testserver/api/products/12/stock "HTTP/1.1 400 Bad Request"
2026-05-09 17:05:11,664 [INFO] httpx: HTTP Request: POST http://testserver/api/admin/damages?product_id=12&quantity=4&reason=smoke "HTTP/1.1 200 OK"
2026-05-09 17:05:11,666 [INFO] httpx: HTTP Request: POST http://testserver/api/admin/damages?product_id=12&quantity=1&reason=smoke "HTTP/1.1 400 Bad Request"
2026-05-09 17:05:11,669 [INFO] httpx: HTTP Request: GET http://testserver/api/products?q=SMOKE-ERP-STOCK-001 "HTTP/1.1 200 OK"
2026-05-09 17:05:11,693 [INFO] banikos-api: User logged in: owner (Role: Admin)
2026-05-09 17:05:11,694 [INFO] httpx: HTTP Request: POST http://testserver/api/auth/login "HTTP/1.1 200 OK"
2026-05-09 17:05:11,697 [INFO] httpx: HTTP Request: POST http://testserver/api/products "HTTP/1.1 201 Created"
2026-05-09 17:05:11,701 [INFO] httpx: HTTP Request: POST http://testserver/api/vendors "HTTP/1.1 200 OK"
2026-05-09 17:05:11,713 [INFO] httpx: HTTP Request: POST http://testserver/api/purchases "HTTP/1.1 200 OK"
2026-05-09 17:05:11,724 [INFO] httpx: HTTP Request: POST http://testserver/api/purchases/return "HTTP/1.1 200 OK"
2026-05-09 17:05:11,731 [INFO] httpx: HTTP Request: POST http://testserver/api/vendors/1/pay "HTTP/1.1 200 OK"
2026-05-09 17:05:11,753 [INFO] banikos-api: User logged in: owner (Role: Admin)
2026-05-09 17:05:11,753 [INFO] httpx: HTTP Request: POST http://testserver/api/auth/login "HTTP/1.1 200 OK"
2026-05-09 17:05:11,759 [INFO] httpx: HTTP Request: POST http://testserver/api/admin/users "HTTP/1.1 200 OK"
2026-05-09 17:05:11,764 [INFO] httpx: HTTP Request: POST http://testserver/api/admin/users "HTTP/1.1 200 OK"
2026-05-09 17:05:11,768 [INFO] httpx: HTTP Request: POST http://testserver/api/admin/users "HTTP/1.1 200 OK"
2026-05-09 17:05:11,772 [INFO] httpx: HTTP Request: POST http://testserver/api/admin/users "HTTP/1.1 200 OK"
2026-05-09 17:05:11,775 [INFO] httpx: HTTP Request: POST http://testserver/api/admin/users "HTTP/1.1 200 OK"
2026-05-09 17:05:11,780 [INFO] httpx: HTTP Request: POST http://testserver/api/admin/users "HTTP/1.1 200 OK"
2026-05-09 17:05:11,782 [INFO] banikos-api: User logged in: ceo-rbac-smoke (Role: CEO)
2026-05-09 17:05:11,782 [INFO] httpx: HTTP Request: POST http://testserver/api/auth/login "HTTP/1.1 200 OK"
2026-05-09 17:05:11,784 [INFO] banikos-api: User logged in: coo-rbac-smoke (Role: COO)
2026-05-09 17:05:11,784 [INFO] httpx: HTTP Request: POST http://testserver/api/auth/login "HTTP/1.1 200 OK"
2026-05-09 17:05:11,786 [INFO] banikos-api: User logged in: cmo-rbac-smoke (Role: CMO)
2026-05-09 17:05:11,786 [INFO] httpx: HTTP Request: POST http://testserver/api/auth/login "HTTP/1.1 200 OK"
2026-05-09 17:05:11,787 [INFO] banikos-api: User logged in: cfo-rbac-smoke (Role: CFO)
2026-05-09 17:05:11,788 [INFO] httpx: HTTP Request: POST http://testserver/api/auth/login "HTTP/1.1 200 OK"
2026-05-09 17:05:11,789 [INFO] banikos-api: User logged in: social-rbac-smoke (Role: SocialAgent)
2026-05-09 17:05:11,790 [INFO] httpx: HTTP Request: POST http://testserver/api/auth/login "HTTP/1.1 200 OK"
2026-05-09 17:05:11,791 [INFO] banikos-api: User logged in: production-rbac-smoke (Role: ProductionWorker)
2026-05-09 17:05:11,792 [INFO] httpx: HTTP Request: POST http://testserver/api/auth/login "HTTP/1.1 200 OK"
2026-05-09 17:05:11,796 [INFO] httpx: HTTP Request: GET http://testserver/api/admin/users "HTTP/1.1 200 OK"
2026-05-09 17:05:11,800 [INFO] httpx: HTTP Request: GET http://testserver/api/finance/summary "HTTP/1.1 200 OK"
2026-05-09 17:05:11,805 [INFO] httpx: HTTP Request: GET http://testserver/api/ml/recommendations "HTTP/1.1 200 OK"
2026-05-09 17:05:11,814 [INFO] httpx: HTTP Request: GET http://testserver/api/tasks "HTTP/1.1 200 OK"
2026-05-09 17:05:11,821 [INFO] httpx: HTTP Request: GET http://testserver/api/dashboard/kpi "HTTP/1.1 200 OK"
2026-05-09 17:05:11,829 [INFO] httpx: HTTP Request: GET http://testserver/api/crm/orders "HTTP/1.1 200 OK"
2026-05-09 17:05:11,832 [INFO] httpx: HTTP Request: GET http://testserver/api/vendors "HTTP/1.1 200 OK"
2026-05-09 17:05:11,836 [INFO] httpx: HTTP Request: GET http://testserver/api/finance/summary "HTTP/1.1 200 OK"
2026-05-09 17:05:11,839 [INFO] httpx: HTTP Request: GET http://testserver/api/tasks "HTTP/1.1 200 OK"
2026-05-09 17:05:11,841 [INFO] httpx: HTTP Request: GET http://testserver/api/auth/staff "HTTP/1.1 200 OK"
2026-05-09 17:05:11,853 [INFO] httpx: HTTP Request: GET http://testserver/api/customers "HTTP/1.1 200 OK"
2026-05-09 17:05:11,856 [INFO] httpx: HTTP Request: GET http://testserver/api/crm/leads "HTTP/1.1 200 OK"
2026-05-09 17:05:11,863 [INFO] httpx: HTTP Request: GET http://testserver/api/tasks "HTTP/1.1 200 OK"
2026-05-09 17:05:11,867 [INFO] httpx: HTTP Request: GET http://testserver/api/ml/recommendations "HTTP/1.1 200 OK"
2026-05-09 17:05:11,870 [INFO] httpx: HTTP Request: GET http://testserver/api/auth/staff "HTTP/1.1 200 OK"
2026-05-09 17:05:11,872 [INFO] httpx: HTTP Request: GET http://testserver/api/finance/summary "HTTP/1.1 403 Forbidden"
2026-05-09 17:05:11,873 [INFO] httpx: HTTP Request: GET http://testserver/api/crm/orders "HTTP/1.1 403 Forbidden"
2026-05-09 17:05:11,875 [INFO] httpx: HTTP Request: GET http://testserver/api/admin/users "HTTP/1.1 403 Forbidden"
2026-05-09 17:05:11,879 [INFO] httpx: HTTP Request: GET http://testserver/api/finance/summary "HTTP/1.1 200 OK"
2026-05-09 17:05:11,882 [INFO] httpx: HTTP Request: GET http://testserver/api/finance/ledger "HTTP/1.1 200 OK"
2026-05-09 17:05:11,887 [INFO] httpx: HTTP Request: GET http://testserver/api/accounting/journals "HTTP/1.1 200 OK"
2026-05-09 17:05:11,890 [INFO] httpx: HTTP Request: GET http://testserver/api/tasks "HTTP/1.1 200 OK"
2026-05-09 17:05:11,898 [INFO] httpx: HTTP Request: POST http://testserver/api/finance/entry "HTTP/1.1 201 Created"
2026-05-09 17:05:11,900 [INFO] httpx: HTTP Request: GET http://testserver/api/customers "HTTP/1.1 403 Forbidden"
2026-05-09 17:05:11,902 [INFO] httpx: HTTP Request: GET http://testserver/api/crm/leads "HTTP/1.1 403 Forbidden"
2026-05-09 17:05:11,904 [INFO] httpx: HTTP Request: GET http://testserver/api/admin/users "HTTP/1.1 403 Forbidden"
2026-05-09 17:05:11,915 [INFO] httpx: HTTP Request: GET http://testserver/api/customers "HTTP/1.1 200 OK"
2026-05-09 17:05:11,922 [INFO] httpx: HTTP Request: GET http://testserver/api/crm/leads "HTTP/1.1 200 OK"
2026-05-09 17:05:11,925 [INFO] httpx: HTTP Request: GET http://testserver/api/tasks "HTTP/1.1 200 OK"
2026-05-09 17:05:11,927 [INFO] httpx: HTTP Request: GET http://testserver/api/products "HTTP/1.1 403 Forbidden"
2026-05-09 17:05:11,929 [INFO] httpx: HTTP Request: GET http://testserver/api/crm/orders "HTTP/1.1 403 Forbidden"
2026-05-09 17:05:11,930 [INFO] httpx: HTTP Request: GET http://testserver/api/finance/summary "HTTP/1.1 403 Forbidden"
2026-05-09 17:05:11,933 [INFO] httpx: HTTP Request: GET http://testserver/api/products "HTTP/1.1 200 OK"
2026-05-09 17:05:11,936 [INFO] httpx: HTTP Request: GET http://testserver/api/tasks "HTTP/1.1 200 OK"
2026-05-09 17:05:11,939 [INFO] httpx: HTTP Request: GET http://testserver/api/customers "HTTP/1.1 403 Forbidden"
2026-05-09 17:05:11,941 [INFO] httpx: HTTP Request: GET http://testserver/api/crm/leads "HTTP/1.1 403 Forbidden"
2026-05-09 17:05:11,942 [INFO] httpx: HTTP Request: GET http://testserver/api/crm/orders "HTTP/1.1 403 Forbidden"
2026-05-09 17:05:11,945 [INFO] httpx: HTTP Request: GET http://testserver/api/finance/summary "HTTP/1.1 403 Forbidden"
2026-05-09 17:05:11,970 [INFO] banikos-api: User logged in: owner (Role: Admin)
2026-05-09 17:05:11,971 [INFO] httpx: HTTP Request: POST http://testserver/api/auth/login "HTTP/1.1 200 OK"
2026-05-09 17:05:11,975 [INFO] httpx: HTTP Request: POST http://testserver/api/admin/users "HTTP/1.1 200 OK"
2026-05-09 17:05:11,979 [INFO] httpx: HTTP Request: POST http://testserver/api/admin/users "HTTP/1.1 200 OK"
2026-05-09 17:05:11,983 [INFO] httpx: HTTP Request: POST http://testserver/api/admin/users "HTTP/1.1 200 OK"
2026-05-09 17:05:11,985 [INFO] banikos-api: User logged in: cashier-rbac-smoke (Role: Cashier)
2026-05-09 17:05:11,986 [INFO] httpx: HTTP Request: POST http://testserver/api/auth/login "HTTP/1.1 200 OK"
2026-05-09 17:05:11,988 [INFO] banikos-api: User logged in: sales-rbac-smoke (Role: Salesman)
2026-05-09 17:05:11,988 [INFO] httpx: HTTP Request: POST http://testserver/api/auth/login "HTTP/1.1 200 OK"
2026-05-09 17:05:11,990 [INFO] banikos-api: User logged in: packaging-rbac-smoke (Role: Packaging)
2026-05-09 17:05:11,990 [INFO] httpx: HTTP Request: POST http://testserver/api/auth/login "HTTP/1.1 200 OK"
2026-05-09 17:05:11,993 [INFO] httpx: HTTP Request: GET http://testserver/api/products "HTTP/1.1 200 OK"
2026-05-09 17:05:12,003 [INFO] httpx: HTTP Request: GET http://testserver/api/customers "HTTP/1.1 200 OK"
2026-05-09 17:05:12,008 [INFO] httpx: HTTP Request: GET http://testserver/api/shifts/active "HTTP/1.1 200 OK"
2026-05-09 17:05:12,010 [INFO] httpx: HTTP Request: GET http://testserver/api/auth/staff "HTTP/1.1 200 OK"
2026-05-09 17:05:12,012 [INFO] httpx: HTTP Request: GET http://testserver/api/crm/leads "HTTP/1.1 403 Forbidden"
2026-05-09 17:05:12,013 [INFO] httpx: HTTP Request: GET http://testserver/api/crm/orders "HTTP/1.1 403 Forbidden"
2026-05-09 17:05:12,015 [INFO] httpx: HTTP Request: GET http://testserver/api/tasks "HTTP/1.1 403 Forbidden"
2026-05-09 17:05:12,017 [INFO] httpx: HTTP Request: GET http://testserver/api/finance/summary "HTTP/1.1 403 Forbidden"
2026-05-09 17:05:12,019 [INFO] httpx: HTTP Request: GET http://testserver/api/pos/sales "HTTP/1.1 403 Forbidden"
2026-05-09 17:05:12,021 [INFO] httpx: HTTP Request: GET http://testserver/api/auth/staff "HTTP/1.1 200 OK"
2026-05-09 17:05:12,024 [INFO] httpx: HTTP Request: GET http://testserver/api/products "HTTP/1.1 200 OK"
2026-05-09 17:05:12,033 [INFO] httpx: HTTP Request: GET http://testserver/api/customers "HTTP/1.1 200 OK"
2026-05-09 17:05:12,036 [INFO] httpx: HTTP Request: GET http://testserver/api/crm/leads "HTTP/1.1 200 OK"
2026-05-09 17:05:12,043 [INFO] httpx: HTTP Request: GET http://testserver/api/crm/orders "HTTP/1.1 200 OK"
2026-05-09 17:05:12,046 [INFO] httpx: HTTP Request: GET http://testserver/api/tasks "HTTP/1.1 200 OK"
2026-05-09 17:05:12,047 [INFO] httpx: HTTP Request: GET http://testserver/api/finance/summary "HTTP/1.1 403 Forbidden"
2026-05-09 17:05:12,049 [INFO] httpx: HTTP Request: GET http://testserver/api/vendors "HTTP/1.1 403 Forbidden"
2026-05-09 17:05:12,052 [INFO] httpx: HTTP Request: GET http://testserver/api/pos/sales "HTTP/1.1 403 Forbidden"
2026-05-09 17:05:12,055 [INFO] httpx: HTTP Request: GET http://testserver/api/products "HTTP/1.1 200 OK"
2026-05-09 17:05:12,058 [INFO] httpx: HTTP Request: GET http://testserver/api/tasks "HTTP/1.1 200 OK"
2026-05-09 17:05:12,060 [INFO] httpx: HTTP Request: GET http://testserver/api/customers "HTTP/1.1 403 Forbidden"
2026-05-09 17:05:12,062 [INFO] httpx: HTTP Request: GET http://testserver/api/crm/leads "HTTP/1.1 403 Forbidden"
2026-05-09 17:05:12,064 [INFO] httpx: HTTP Request: GET http://testserver/api/crm/orders "HTTP/1.1 403 Forbidden"
2026-05-09 17:05:12,066 [INFO] httpx: HTTP Request: GET http://testserver/api/finance/summary "HTTP/1.1 403 Forbidden"
2026-05-09 17:05:12,090 [INFO] banikos-api: User logged in: owner (Role: Admin)
2026-05-09 17:05:12,091 [INFO] httpx: HTTP Request: POST http://testserver/api/auth/login "HTTP/1.1 200 OK"
2026-05-09 17:05:12,106 [INFO] httpx: HTTP Request: POST http://testserver/api/internal-threads "HTTP/1.1 201 Created"
2026-05-09 17:05:12,117 [INFO] httpx: HTTP Request: GET http://testserver/api/internal-threads?status=Open "HTTP/1.1 200 OK"
2026-05-09 17:05:12,128 [INFO] httpx: HTTP Request: PATCH http://testserver/api/internal-threads/1 "HTTP/1.1 200 OK"
2026-05-09 17:05:12,135 [INFO] httpx: HTTP Request: POST http://testserver/api/internal-threads/1/messages "HTTP/1.1 200 OK"
2026-05-09 17:05:12,169 [INFO] banikos-api: User logged in: owner (Role: Admin)
2026-05-09 17:05:12,170 [INFO] httpx: HTTP Request: POST http://testserver/api/auth/login "HTTP/1.1 200 OK"
2026-05-09 17:05:12,192 [INFO] httpx: HTTP Request: POST http://testserver/api/tasks "HTTP/1.1 201 Created"
2026-05-09 17:05:12,196 [INFO] httpx: HTTP Request: GET http://testserver/api/tasks?status=Open "HTTP/1.1 200 OK"
2026-05-09 17:05:12,211 [INFO] httpx: HTTP Request: PATCH http://testserver/api/tasks/1 "HTTP/1.1 200 OK"
2026-05-09 17:05:12,242 [INFO] banikos-api: User logged in: owner (Role: Admin)
2026-05-09 17:05:12,243 [INFO] httpx: HTTP Request: POST http://testserver/api/auth/login "HTTP/1.1 200 OK"
2026-05-09 17:05:12,248 [INFO] httpx: HTTP Request: POST http://testserver/api/admin/users "HTTP/1.1 200 OK"
2026-05-09 17:05:12,252 [INFO] httpx: HTTP Request: GET http://testserver/api/payroll/summary?month=2026-05 "HTTP/1.1 200 OK"
2026-05-09 17:05:12,262 [INFO] httpx: HTTP Request: POST http://testserver/api/payroll/cut "HTTP/1.1 201 Created"
2026-05-09 17:05:12,277 [INFO] httpx: HTTP Request: POST http://testserver/api/payroll/pay "HTTP/1.1 201 Created"
2026-05-09 17:05:12,281 [INFO] httpx: HTTP Request: POST http://testserver/api/payroll/pay "HTTP/1.1 400 Bad Request"
2026-05-09 17:05:12,285 [INFO] httpx: HTTP Request: GET http://testserver/api/payroll/summary?month=2026-05 "HTTP/1.1 200 OK"
2026-05-09 17:05:12,312 [INFO] banikos-api: User logged in: owner (Role: Admin)
2026-05-09 17:05:12,313 [INFO] httpx: HTTP Request: POST http://testserver/api/auth/login "HTTP/1.1 200 OK"
2026-05-09 17:05:12,316 [INFO] httpx: HTTP Request: GET http://testserver/api/finance/recurring-expenses "HTTP/1.1 200 OK"
2026-05-09 17:05:12,322 [INFO] httpx: HTTP Request: POST http://testserver/api/finance/recurring-expenses "HTTP/1.1 201 Created"
2026-05-09 17:05:12,329 [INFO] httpx: HTTP Request: PATCH http://testserver/api/finance/recurring-expenses/1 "HTTP/1.1 200 OK"
2026-05-09 17:05:12,346 [INFO] httpx: HTTP Request: POST http://testserver/api/finance/recurring-expenses/1/run?month=2026-05 "HTTP/1.1 201 Created"
2026-05-09 17:05:12,349 [INFO] httpx: HTTP Request: POST http://testserver/api/finance/recurring-expenses/1/run?month=2026-05 "HTTP/1.1 400 Bad Request"
2026-05-09 17:05:12,352 [INFO] httpx: HTTP Request: GET http://testserver/api/finance/recurring-expenses "HTTP/1.1 200 OK"
2026-05-09 17:10:43,367 [INFO] banikos-api: User logged in: owner (Role: Admin)
2026-05-09 17:10:43,370 [INFO] httpx: HTTP Request: POST http://testserver/api/auth/login "HTTP/1.1 200 OK"
2026-05-09 17:10:43,377 [INFO] httpx: HTTP Request: GET http://testserver/api/accounting/cost-centers "HTTP/1.1 200 OK"
2026-05-09 17:10:43,380 [INFO] httpx: HTTP Request: GET http://testserver/api/accounting/payment-channels "HTTP/1.1 200 OK"
2026-05-09 17:10:43,384 [INFO] httpx: HTTP Request: GET http://testserver/api/accounting/chart-of-accounts "HTTP/1.1 200 OK"
2026-05-09 17:10:43,388 [INFO] httpx: HTTP Request: GET http://testserver/api/accounting/periods "HTTP/1.1 200 OK"
2026-05-09 17:10:43,398 [INFO] httpx: HTTP Request: GET http://testserver/api/accounting/journals "HTTP/1.1 200 OK"
2026-05-09 17:10:43,571 [INFO] banikos-api: User logged in: owner (Role: Admin)
2026-05-09 17:10:43,572 [INFO] httpx: HTTP Request: POST http://testserver/api/auth/login "HTTP/1.1 200 OK"
2026-05-09 17:10:43,579 [INFO] banikos-api: Company settings updated
2026-05-09 17:10:43,580 [INFO] httpx: HTTP Request: PATCH http://testserver/api/settings/company "HTTP/1.1 200 OK"
2026-05-09 17:10:43,583 [INFO] httpx: HTTP Request: GET http://testserver/api/auth/staff "HTTP/1.1 200 OK"
2026-05-09 17:10:43,586 [INFO] httpx: HTTP Request: GET http://testserver/api/settings/company "HTTP/1.1 200 OK"
2026-05-09 17:10:43,602 [INFO] httpx: HTTP Request: GET http://testserver/api/customers "HTTP/1.1 200 OK"
2026-05-09 17:10:43,606 [INFO] httpx: HTTP Request: GET http://testserver/api/products "HTTP/1.1 200 OK"
2026-05-09 17:10:43,609 [INFO] httpx: HTTP Request: GET http://testserver/api/vendors "HTTP/1.1 200 OK"
2026-05-09 17:10:43,618 [INFO] httpx: HTTP Request: GET http://testserver/api/crm/leads "HTTP/1.1 200 OK"
2026-05-09 17:10:43,631 [INFO] httpx: HTTP Request: GET http://testserver/api/finance/summary "HTTP/1.1 200 OK"
2026-05-09 17:10:43,634 [INFO] httpx: HTTP Request: GET http://testserver/api/finance/chart-accounts "HTTP/1.1 200 OK"
2026-05-09 17:10:43,638 [INFO] httpx: HTTP Request: GET http://testserver/api/finance/ledger "HTTP/1.1 200 OK"
2026-05-09 17:10:43,643 [INFO] httpx: HTTP Request: GET http://testserver/api/finance/daily-summary "HTTP/1.1 200 OK"
2026-05-09 17:10:43,647 [INFO] httpx: HTTP Request: GET http://testserver/api/finance/recurring-expenses "HTTP/1.1 200 OK"
2026-05-09 17:10:43,653 [INFO] httpx: HTTP Request: GET http://testserver/api/ml/features/customers "HTTP/1.1 200 OK"
2026-05-09 17:10:43,658 [INFO] httpx: HTTP Request: GET http://testserver/api/ml/features/products "HTTP/1.1 200 OK"
2026-05-09 17:10:43,663 [INFO] httpx: HTTP Request: GET http://testserver/api/ml/recommendations "HTTP/1.1 200 OK"
2026-05-09 17:10:43,681 [INFO] httpx: HTTP Request: OPTIONS http://testserver/api/health "HTTP/1.1 200 OK"
2026-05-09 17:10:43,701 [INFO] banikos-api: User logged in: owner (Role: Admin)
2026-05-09 17:10:43,701 [INFO] httpx: HTTP Request: POST http://testserver/api/auth/login "HTTP/1.1 200 OK"
2026-05-09 17:10:43,709 [INFO] httpx: HTTP Request: POST http://testserver/api/customers "HTTP/1.1 201 Created"
2026-05-09 17:10:43,714 [INFO] httpx: HTTP Request: POST http://testserver/api/products "HTTP/1.1 201 Created"
2026-05-09 17:10:43,731 [INFO] banikos-api: Sale created: INV-20260509-0004 | Total: 20.0 | User: owner
2026-05-09 17:10:43,738 [INFO] httpx: HTTP Request: POST http://testserver/api/pos/sale "HTTP/1.1 200 OK"
2026-05-09 17:10:43,745 [INFO] httpx: HTTP Request: GET http://testserver/api/customers/5/due-payments "HTTP/1.1 200 OK"
2026-05-09 17:10:43,756 [INFO] httpx: HTTP Request: POST http://testserver/api/customers/5/due-payments "HTTP/1.1 201 Created"
2026-05-09 17:10:43,759 [INFO] httpx: HTTP Request: POST http://testserver/api/customers/5/due-payments "HTTP/1.1 400 Bad Request"
2026-05-09 17:10:43,762 [INFO] httpx: HTTP Request: GET http://testserver/api/customers/5/due-payments "HTTP/1.1 200 OK"
2026-05-09 17:10:43,784 [INFO] banikos-api: User logged in: owner (Role: Admin)
2026-05-09 17:10:43,785 [INFO] httpx: HTTP Request: POST http://testserver/api/auth/login "HTTP/1.1 200 OK"
2026-05-09 17:10:43,788 [INFO] httpx: HTTP Request: POST http://testserver/api/products "HTTP/1.1 201 Created"
2026-05-09 17:10:43,793 [INFO] httpx: HTTP Request: PATCH http://testserver/api/products/12/stock "HTTP/1.1 200 OK"
2026-05-09 17:10:43,796 [INFO] httpx: HTTP Request: PATCH http://testserver/api/products/12/stock "HTTP/1.1 400 Bad Request"
2026-05-09 17:10:43,802 [INFO] httpx: HTTP Request: POST http://testserver/api/admin/damages?product_id=12&quantity=4&reason=smoke "HTTP/1.1 200 OK"
2026-05-09 17:10:43,804 [INFO] httpx: HTTP Request: POST http://testserver/api/admin/damages?product_id=12&quantity=1&reason=smoke "HTTP/1.1 400 Bad Request"
2026-05-09 17:10:43,808 [INFO] httpx: HTTP Request: GET http://testserver/api/products?q=SMOKE-ERP-STOCK-001 "HTTP/1.1 200 OK"
2026-05-09 17:10:43,835 [INFO] banikos-api: User logged in: owner (Role: Admin)
2026-05-09 17:10:43,836 [INFO] httpx: HTTP Request: POST http://testserver/api/auth/login "HTTP/1.1 200 OK"
2026-05-09 17:10:43,839 [INFO] httpx: HTTP Request: POST http://testserver/api/products "HTTP/1.1 201 Created"
2026-05-09 17:10:43,844 [INFO] httpx: HTTP Request: POST http://testserver/api/vendors "HTTP/1.1 200 OK"
2026-05-09 17:10:43,856 [INFO] httpx: HTTP Request: POST http://testserver/api/purchases "HTTP/1.1 200 OK"
2026-05-09 17:10:43,868 [INFO] httpx: HTTP Request: POST http://testserver/api/purchases/return "HTTP/1.1 200 OK"
2026-05-09 17:10:43,875 [INFO] httpx: HTTP Request: POST http://testserver/api/vendors/1/pay "HTTP/1.1 200 OK"
2026-05-09 17:10:43,897 [INFO] banikos-api: User logged in: owner (Role: Admin)
2026-05-09 17:10:43,898 [INFO] httpx: HTTP Request: POST http://testserver/api/auth/login "HTTP/1.1 200 OK"
2026-05-09 17:10:43,903 [INFO] httpx: HTTP Request: POST http://testserver/api/admin/users "HTTP/1.1 200 OK"
2026-05-09 17:10:43,907 [INFO] httpx: HTTP Request: POST http://testserver/api/admin/users "HTTP/1.1 200 OK"
2026-05-09 17:10:43,911 [INFO] httpx: HTTP Request: POST http://testserver/api/admin/users "HTTP/1.1 200 OK"
2026-05-09 17:10:43,915 [INFO] httpx: HTTP Request: POST http://testserver/api/admin/users "HTTP/1.1 200 OK"
2026-05-09 17:10:43,918 [INFO] httpx: HTTP Request: POST http://testserver/api/admin/users "HTTP/1.1 200 OK"
2026-05-09 17:10:43,921 [INFO] httpx: HTTP Request: POST http://testserver/api/admin/users "HTTP/1.1 200 OK"
2026-05-09 17:10:43,923 [INFO] banikos-api: User logged in: ceo-rbac-smoke (Role: CEO)
2026-05-09 17:10:43,924 [INFO] httpx: HTTP Request: POST http://testserver/api/auth/login "HTTP/1.1 200 OK"
2026-05-09 17:10:43,925 [INFO] banikos-api: User logged in: coo-rbac-smoke (Role: COO)
2026-05-09 17:10:43,926 [INFO] httpx: HTTP Request: POST http://testserver/api/auth/login "HTTP/1.1 200 OK"
2026-05-09 17:10:43,927 [INFO] banikos-api: User logged in: cmo-rbac-smoke (Role: CMO)
2026-05-09 17:10:43,928 [INFO] httpx: HTTP Request: POST http://testserver/api/auth/login "HTTP/1.1 200 OK"
2026-05-09 17:10:43,929 [INFO] banikos-api: User logged in: cfo-rbac-smoke (Role: CFO)
2026-05-09 17:10:43,930 [INFO] httpx: HTTP Request: POST http://testserver/api/auth/login "HTTP/1.1 200 OK"
2026-05-09 17:10:43,931 [INFO] banikos-api: User logged in: social-rbac-smoke (Role: SocialAgent)
2026-05-09 17:10:43,932 [INFO] httpx: HTTP Request: POST http://testserver/api/auth/login "HTTP/1.1 200 OK"
2026-05-09 17:10:43,933 [INFO] banikos-api: User logged in: production-rbac-smoke (Role: ProductionWorker)
2026-05-09 17:10:43,933 [INFO] httpx: HTTP Request: POST http://testserver/api/auth/login "HTTP/1.1 200 OK"
2026-05-09 17:10:43,936 [INFO] httpx: HTTP Request: GET http://testserver/api/admin/users "HTTP/1.1 200 OK"
2026-05-09 17:10:43,941 [INFO] httpx: HTTP Request: GET http://testserver/api/finance/summary "HTTP/1.1 200 OK"
2026-05-09 17:10:43,945 [INFO] httpx: HTTP Request: GET http://testserver/api/ml/recommendations "HTTP/1.1 200 OK"
2026-05-09 17:10:43,954 [INFO] httpx: HTTP Request: GET http://testserver/api/tasks "HTTP/1.1 200 OK"
2026-05-09 17:10:43,962 [INFO] httpx: HTTP Request: GET http://testserver/api/dashboard/kpi "HTTP/1.1 200 OK"
2026-05-09 17:10:43,970 [INFO] httpx: HTTP Request: GET http://testserver/api/crm/orders "HTTP/1.1 200 OK"
2026-05-09 17:10:43,972 [INFO] httpx: HTTP Request: GET http://testserver/api/vendors "HTTP/1.1 200 OK"
2026-05-09 17:10:43,976 [INFO] httpx: HTTP Request: GET http://testserver/api/finance/summary "HTTP/1.1 200 OK"
2026-05-09 17:10:43,979 [INFO] httpx: HTTP Request: GET http://testserver/api/tasks "HTTP/1.1 200 OK"
2026-05-09 17:10:43,981 [INFO] httpx: HTTP Request: GET http://testserver/api/auth/staff "HTTP/1.1 200 OK"
2026-05-09 17:10:43,992 [INFO] httpx: HTTP Request: GET http://testserver/api/customers "HTTP/1.1 200 OK"
2026-05-09 17:10:43,995 [INFO] httpx: HTTP Request: GET http://testserver/api/crm/leads "HTTP/1.1 200 OK"
2026-05-09 17:10:44,001 [INFO] httpx: HTTP Request: GET http://testserver/api/tasks "HTTP/1.1 200 OK"
2026-05-09 17:10:44,006 [INFO] httpx: HTTP Request: GET http://testserver/api/ml/recommendations "HTTP/1.1 200 OK"
2026-05-09 17:10:44,009 [INFO] httpx: HTTP Request: GET http://testserver/api/auth/staff "HTTP/1.1 200 OK"
2026-05-09 17:10:44,011 [INFO] httpx: HTTP Request: GET http://testserver/api/finance/summary "HTTP/1.1 403 Forbidden"
2026-05-09 17:10:44,013 [INFO] httpx: HTTP Request: GET http://testserver/api/crm/orders "HTTP/1.1 403 Forbidden"
2026-05-09 17:10:44,014 [INFO] httpx: HTTP Request: GET http://testserver/api/admin/users "HTTP/1.1 403 Forbidden"
2026-05-09 17:10:44,018 [INFO] httpx: HTTP Request: GET http://testserver/api/finance/summary "HTTP/1.1 200 OK"
2026-05-09 17:10:44,021 [INFO] httpx: HTTP Request: GET http://testserver/api/finance/ledger "HTTP/1.1 200 OK"
2026-05-09 17:10:44,026 [INFO] httpx: HTTP Request: GET http://testserver/api/accounting/journals "HTTP/1.1 200 OK"
2026-05-09 17:10:44,029 [INFO] httpx: HTTP Request: GET http://testserver/api/tasks "HTTP/1.1 200 OK"
2026-05-09 17:10:44,037 [INFO] httpx: HTTP Request: POST http://testserver/api/finance/entry "HTTP/1.1 201 Created"
2026-05-09 17:10:44,039 [INFO] httpx: HTTP Request: GET http://testserver/api/customers "HTTP/1.1 403 Forbidden"
2026-05-09 17:10:44,040 [INFO] httpx: HTTP Request: GET http://testserver/api/crm/leads "HTTP/1.1 403 Forbidden"
2026-05-09 17:10:44,043 [INFO] httpx: HTTP Request: GET http://testserver/api/admin/users "HTTP/1.1 403 Forbidden"
2026-05-09 17:10:44,053 [INFO] httpx: HTTP Request: GET http://testserver/api/customers "HTTP/1.1 200 OK"
2026-05-09 17:10:44,061 [INFO] httpx: HTTP Request: GET http://testserver/api/crm/leads "HTTP/1.1 200 OK"
2026-05-09 17:10:44,064 [INFO] httpx: HTTP Request: GET http://testserver/api/tasks "HTTP/1.1 200 OK"
2026-05-09 17:10:44,066 [INFO] httpx: HTTP Request: GET http://testserver/api/products "HTTP/1.1 403 Forbidden"
2026-05-09 17:10:44,068 [INFO] httpx: HTTP Request: GET http://testserver/api/crm/orders "HTTP/1.1 403 Forbidden"
2026-05-09 17:10:44,069 [INFO] httpx: HTTP Request: GET http://testserver/api/finance/summary "HTTP/1.1 403 Forbidden"
2026-05-09 17:10:44,072 [INFO] httpx: HTTP Request: GET http://testserver/api/products "HTTP/1.1 200 OK"
2026-05-09 17:10:44,075 [INFO] httpx: HTTP Request: GET http://testserver/api/tasks "HTTP/1.1 200 OK"
2026-05-09 17:10:44,077 [INFO] httpx: HTTP Request: GET http://testserver/api/customers "HTTP/1.1 403 Forbidden"
2026-05-09 17:10:44,079 [INFO] httpx: HTTP Request: GET http://testserver/api/crm/leads "HTTP/1.1 403 Forbidden"
2026-05-09 17:10:44,081 [INFO] httpx: HTTP Request: GET http://testserver/api/crm/orders "HTTP/1.1 403 Forbidden"
2026-05-09 17:10:44,082 [INFO] httpx: HTTP Request: GET http://testserver/api/finance/summary "HTTP/1.1 403 Forbidden"
2026-05-09 17:10:44,106 [INFO] banikos-api: User logged in: owner (Role: Admin)
2026-05-09 17:10:44,106 [INFO] httpx: HTTP Request: POST http://testserver/api/auth/login "HTTP/1.1 200 OK"
2026-05-09 17:10:44,111 [INFO] httpx: HTTP Request: POST http://testserver/api/admin/users "HTTP/1.1 200 OK"
2026-05-09 17:10:44,114 [INFO] httpx: HTTP Request: POST http://testserver/api/admin/users "HTTP/1.1 200 OK"
2026-05-09 17:10:44,118 [INFO] httpx: HTTP Request: POST http://testserver/api/admin/users "HTTP/1.1 200 OK"
2026-05-09 17:10:44,119 [INFO] banikos-api: User logged in: cashier-rbac-smoke (Role: Cashier)
2026-05-09 17:10:44,119 [INFO] httpx: HTTP Request: POST http://testserver/api/auth/login "HTTP/1.1 200 OK"
2026-05-09 17:10:44,121 [INFO] banikos-api: User logged in: sales-rbac-smoke (Role: Salesman)
2026-05-09 17:10:44,121 [INFO] httpx: HTTP Request: POST http://testserver/api/auth/login "HTTP/1.1 200 OK"
2026-05-09 17:10:44,122 [INFO] banikos-api: User logged in: packaging-rbac-smoke (Role: Packaging)
2026-05-09 17:10:44,123 [INFO] httpx: HTTP Request: POST http://testserver/api/auth/login "HTTP/1.1 200 OK"
2026-05-09 17:10:44,126 [INFO] httpx: HTTP Request: GET http://testserver/api/products "HTTP/1.1 200 OK"
2026-05-09 17:10:44,136 [INFO] httpx: HTTP Request: GET http://testserver/api/customers "HTTP/1.1 200 OK"
2026-05-09 17:10:44,142 [INFO] httpx: HTTP Request: GET http://testserver/api/shifts/active "HTTP/1.1 200 OK"
2026-05-09 17:10:44,145 [INFO] httpx: HTTP Request: GET http://testserver/api/auth/staff "HTTP/1.1 200 OK"
2026-05-09 17:10:44,147 [INFO] httpx: HTTP Request: GET http://testserver/api/crm/leads "HTTP/1.1 403 Forbidden"
2026-05-09 17:10:44,148 [INFO] httpx: HTTP Request: GET http://testserver/api/crm/orders "HTTP/1.1 403 Forbidden"
2026-05-09 17:10:44,150 [INFO] httpx: HTTP Request: GET http://testserver/api/tasks "HTTP/1.1 403 Forbidden"
2026-05-09 17:10:44,152 [INFO] httpx: HTTP Request: GET http://testserver/api/finance/summary "HTTP/1.1 403 Forbidden"
2026-05-09 17:10:44,154 [INFO] httpx: HTTP Request: GET http://testserver/api/pos/sales "HTTP/1.1 403 Forbidden"
2026-05-09 17:10:44,156 [INFO] httpx: HTTP Request: GET http://testserver/api/auth/staff "HTTP/1.1 200 OK"
2026-05-09 17:10:44,160 [INFO] httpx: HTTP Request: GET http://testserver/api/products "HTTP/1.1 200 OK"
2026-05-09 17:10:44,170 [INFO] httpx: HTTP Request: GET http://testserver/api/customers "HTTP/1.1 200 OK"
2026-05-09 17:10:44,173 [INFO] httpx: HTTP Request: GET http://testserver/api/crm/leads "HTTP/1.1 200 OK"
2026-05-09 17:10:44,181 [INFO] httpx: HTTP Request: GET http://testserver/api/crm/orders "HTTP/1.1 200 OK"
2026-05-09 17:10:44,184 [INFO] httpx: HTTP Request: GET http://testserver/api/tasks "HTTP/1.1 200 OK"
2026-05-09 17:10:44,186 [INFO] httpx: HTTP Request: GET http://testserver/api/finance/summary "HTTP/1.1 403 Forbidden"
2026-05-09 17:10:44,188 [INFO] httpx: HTTP Request: GET http://testserver/api/vendors "HTTP/1.1 403 Forbidden"
2026-05-09 17:10:44,189 [INFO] httpx: HTTP Request: GET http://testserver/api/pos/sales "HTTP/1.1 403 Forbidden"
2026-05-09 17:10:44,192 [INFO] httpx: HTTP Request: GET http://testserver/api/products "HTTP/1.1 200 OK"
2026-05-09 17:10:44,195 [INFO] httpx: HTTP Request: GET http://testserver/api/tasks "HTTP/1.1 200 OK"
2026-05-09 17:10:44,197 [INFO] httpx: HTTP Request: GET http://testserver/api/customers "HTTP/1.1 403 Forbidden"
2026-05-09 17:10:44,199 [INFO] httpx: HTTP Request: GET http://testserver/api/crm/leads "HTTP/1.1 403 Forbidden"
2026-05-09 17:10:44,201 [INFO] httpx: HTTP Request: GET http://testserver/api/crm/orders "HTTP/1.1 403 Forbidden"
2026-05-09 17:10:44,203 [INFO] httpx: HTTP Request: GET http://testserver/api/finance/summary "HTTP/1.1 403 Forbidden"
2026-05-09 17:10:44,226 [INFO] banikos-api: User logged in: owner (Role: Admin)
2026-05-09 17:10:44,227 [INFO] httpx: HTTP Request: POST http://testserver/api/auth/login "HTTP/1.1 200 OK"
2026-05-09 17:10:44,243 [INFO] httpx: HTTP Request: POST http://testserver/api/internal-threads "HTTP/1.1 201 Created"
2026-05-09 17:10:44,253 [INFO] httpx: HTTP Request: GET http://testserver/api/internal-threads?status=Open "HTTP/1.1 200 OK"
2026-05-09 17:10:44,264 [INFO] httpx: HTTP Request: PATCH http://testserver/api/internal-threads/1 "HTTP/1.1 200 OK"
2026-05-09 17:10:44,270 [INFO] httpx: HTTP Request: POST http://testserver/api/internal-threads/1/messages "HTTP/1.1 200 OK"
2026-05-09 17:10:44,293 [INFO] banikos-api: User logged in: owner (Role: Admin)
2026-05-09 17:10:44,294 [INFO] httpx: HTTP Request: POST http://testserver/api/auth/login "HTTP/1.1 200 OK"
2026-05-09 17:10:44,314 [INFO] httpx: HTTP Request: POST http://testserver/api/tasks "HTTP/1.1 201 Created"
2026-05-09 17:10:44,317 [INFO] httpx: HTTP Request: GET http://testserver/api/tasks?status=Open "HTTP/1.1 200 OK"
2026-05-09 17:10:44,330 [INFO] httpx: HTTP Request: PATCH http://testserver/api/tasks/1 "HTTP/1.1 200 OK"
2026-05-09 17:10:44,353 [INFO] banikos-api: User logged in: owner (Role: Admin)
2026-05-09 17:10:44,354 [INFO] httpx: HTTP Request: POST http://testserver/api/auth/login "HTTP/1.1 200 OK"
2026-05-09 17:10:44,358 [INFO] httpx: HTTP Request: POST http://testserver/api/admin/users "HTTP/1.1 200 OK"
2026-05-09 17:10:44,362 [INFO] httpx: HTTP Request: GET http://testserver/api/payroll/summary?month=2026-05 "HTTP/1.1 200 OK"
2026-05-09 17:10:44,370 [INFO] httpx: HTTP Request: POST http://testserver/api/payroll/cut "HTTP/1.1 201 Created"
2026-05-09 17:10:44,382 [INFO] httpx: HTTP Request: POST http://testserver/api/payroll/pay "HTTP/1.1 201 Created"
2026-05-09 17:10:44,386 [INFO] httpx: HTTP Request: POST http://testserver/api/payroll/pay "HTTP/1.1 400 Bad Request"
2026-05-09 17:10:44,388 [INFO] httpx: HTTP Request: GET http://testserver/api/payroll/summary?month=2026-05 "HTTP/1.1 200 OK"
2026-05-09 17:10:44,412 [INFO] banikos-api: User logged in: owner (Role: Admin)
2026-05-09 17:10:44,413 [INFO] httpx: HTTP Request: POST http://testserver/api/auth/login "HTTP/1.1 200 OK"
2026-05-09 17:10:44,416 [INFO] httpx: HTTP Request: GET http://testserver/api/finance/recurring-expenses "HTTP/1.1 200 OK"
2026-05-09 17:10:44,421 [INFO] httpx: HTTP Request: POST http://testserver/api/finance/recurring-expenses "HTTP/1.1 201 Created"
2026-05-09 17:10:44,427 [INFO] httpx: HTTP Request: PATCH http://testserver/api/finance/recurring-expenses/1 "HTTP/1.1 200 OK"
2026-05-09 17:10:44,442 [INFO] httpx: HTTP Request: POST http://testserver/api/finance/recurring-expenses/1/run?month=2026-05 "HTTP/1.1 201 Created"
2026-05-09 17:10:44,446 [INFO] httpx: HTTP Request: POST http://testserver/api/finance/recurring-expenses/1/run?month=2026-05 "HTTP/1.1 400 Bad Request"
2026-05-09 17:10:44,448 [INFO] httpx: HTTP Request: GET http://testserver/api/finance/recurring-expenses "HTTP/1.1 200 OK"
2026-05-09 17:13:43,045 [INFO] banikos-api: User logged in: owner (Role: Admin)
2026-05-09 17:13:43,046 [INFO] httpx: HTTP Request: POST http://testserver/api/auth/login "HTTP/1.1 200 OK"
2026-05-09 17:13:43,051 [INFO] httpx: HTTP Request: GET http://testserver/api/accounting/cost-centers "HTTP/1.1 200 OK"
2026-05-09 17:13:43,055 [INFO] httpx: HTTP Request: GET http://testserver/api/accounting/payment-channels "HTTP/1.1 200 OK"
2026-05-09 17:13:43,059 [INFO] httpx: HTTP Request: GET http://testserver/api/accounting/chart-of-accounts "HTTP/1.1 200 OK"
2026-05-09 17:13:43,063 [INFO] httpx: HTTP Request: GET http://testserver/api/accounting/periods "HTTP/1.1 200 OK"
2026-05-09 17:13:43,073 [INFO] httpx: HTTP Request: GET http://testserver/api/accounting/journals "HTTP/1.1 200 OK"
2026-05-09 17:13:43,244 [INFO] banikos-api: User logged in: owner (Role: Admin)
2026-05-09 17:13:43,244 [INFO] httpx: HTTP Request: POST http://testserver/api/auth/login "HTTP/1.1 200 OK"
2026-05-09 17:13:43,251 [INFO] banikos-api: Company settings updated
2026-05-09 17:13:43,252 [INFO] httpx: HTTP Request: PATCH http://testserver/api/settings/company "HTTP/1.1 200 OK"
2026-05-09 17:13:43,256 [INFO] httpx: HTTP Request: GET http://testserver/api/auth/staff "HTTP/1.1 200 OK"
2026-05-09 17:13:43,259 [INFO] httpx: HTTP Request: GET http://testserver/api/settings/company "HTTP/1.1 200 OK"
2026-05-09 17:13:43,279 [INFO] httpx: HTTP Request: GET http://testserver/api/customers "HTTP/1.1 200 OK"
2026-05-09 17:13:43,284 [INFO] httpx: HTTP Request: GET http://testserver/api/products "HTTP/1.1 200 OK"
2026-05-09 17:13:43,289 [INFO] httpx: HTTP Request: GET http://testserver/api/vendors "HTTP/1.1 200 OK"
2026-05-09 17:13:43,299 [INFO] httpx: HTTP Request: GET http://testserver/api/crm/leads "HTTP/1.1 200 OK"
2026-05-09 17:13:43,310 [INFO] httpx: HTTP Request: GET http://testserver/api/finance/summary "HTTP/1.1 200 OK"
2026-05-09 17:13:43,313 [INFO] httpx: HTTP Request: GET http://testserver/api/finance/chart-accounts "HTTP/1.1 200 OK"
2026-05-09 17:13:43,318 [INFO] httpx: HTTP Request: GET http://testserver/api/finance/ledger "HTTP/1.1 200 OK"
2026-05-09 17:13:43,323 [INFO] httpx: HTTP Request: GET http://testserver/api/finance/daily-summary "HTTP/1.1 200 OK"
2026-05-09 17:13:43,327 [INFO] httpx: HTTP Request: GET http://testserver/api/finance/recurring-expenses "HTTP/1.1 200 OK"
2026-05-09 17:13:43,334 [INFO] httpx: HTTP Request: GET http://testserver/api/ml/features/customers "HTTP/1.1 200 OK"
2026-05-09 17:13:43,339 [INFO] httpx: HTTP Request: GET http://testserver/api/ml/features/products "HTTP/1.1 200 OK"
2026-05-09 17:13:43,343 [INFO] httpx: HTTP Request: GET http://testserver/api/ml/recommendations "HTTP/1.1 200 OK"
2026-05-09 17:13:43,362 [INFO] httpx: HTTP Request: OPTIONS http://testserver/api/health "HTTP/1.1 200 OK"
2026-05-09 17:13:43,382 [INFO] banikos-api: User logged in: owner (Role: Admin)
2026-05-09 17:13:43,383 [INFO] httpx: HTTP Request: POST http://testserver/api/auth/login "HTTP/1.1 200 OK"
2026-05-09 17:13:43,391 [INFO] httpx: HTTP Request: POST http://testserver/api/customers "HTTP/1.1 201 Created"
2026-05-09 17:13:43,396 [INFO] httpx: HTTP Request: POST http://testserver/api/products "HTTP/1.1 201 Created"
2026-05-09 17:13:43,415 [INFO] banikos-api: Sale created: INV-20260509-0004 | Total: 20.0 | User: owner
2026-05-09 17:13:43,423 [INFO] httpx: HTTP Request: POST http://testserver/api/pos/sale "HTTP/1.1 200 OK"
2026-05-09 17:13:43,429 [INFO] httpx: HTTP Request: GET http://testserver/api/customers/5/due-payments "HTTP/1.1 200 OK"
2026-05-09 17:13:43,440 [INFO] httpx: HTTP Request: POST http://testserver/api/customers/5/due-payments "HTTP/1.1 201 Created"
2026-05-09 17:13:43,443 [INFO] httpx: HTTP Request: POST http://testserver/api/customers/5/due-payments "HTTP/1.1 400 Bad Request"
2026-05-09 17:13:43,446 [INFO] httpx: HTTP Request: GET http://testserver/api/customers/5/due-payments "HTTP/1.1 200 OK"
2026-05-09 17:13:43,468 [INFO] banikos-api: User logged in: owner (Role: Admin)
2026-05-09 17:13:43,468 [INFO] httpx: HTTP Request: POST http://testserver/api/auth/login "HTTP/1.1 200 OK"
2026-05-09 17:13:43,473 [INFO] httpx: HTTP Request: POST http://testserver/api/products "HTTP/1.1 201 Created"
2026-05-09 17:13:43,477 [INFO] httpx: HTTP Request: PATCH http://testserver/api/products/12/stock "HTTP/1.1 200 OK"
2026-05-09 17:13:43,479 [INFO] httpx: HTTP Request: PATCH http://testserver/api/products/12/stock "HTTP/1.1 400 Bad Request"
2026-05-09 17:13:43,485 [INFO] httpx: HTTP Request: POST http://testserver/api/admin/damages?product_id=12&quantity=4&reason=smoke "HTTP/1.1 200 OK"
2026-05-09 17:13:43,488 [INFO] httpx: HTTP Request: POST http://testserver/api/admin/damages?product_id=12&quantity=1&reason=smoke "HTTP/1.1 400 Bad Request"
2026-05-09 17:13:43,491 [INFO] httpx: HTTP Request: GET http://testserver/api/products?q=SMOKE-ERP-STOCK-001 "HTTP/1.1 200 OK"
2026-05-09 17:13:43,519 [INFO] banikos-api: User logged in: owner (Role: Admin)
2026-05-09 17:13:43,520 [INFO] httpx: HTTP Request: POST http://testserver/api/auth/login "HTTP/1.1 200 OK"
2026-05-09 17:13:43,524 [INFO] httpx: HTTP Request: POST http://testserver/api/products "HTTP/1.1 201 Created"
2026-05-09 17:13:43,528 [INFO] httpx: HTTP Request: POST http://testserver/api/vendors "HTTP/1.1 200 OK"
2026-05-09 17:13:43,541 [INFO] httpx: HTTP Request: POST http://testserver/api/purchases "HTTP/1.1 200 OK"
2026-05-09 17:13:43,551 [INFO] httpx: HTTP Request: POST http://testserver/api/purchases/return "HTTP/1.1 200 OK"
2026-05-09 17:13:43,559 [INFO] httpx: HTTP Request: POST http://testserver/api/vendors/1/pay "HTTP/1.1 200 OK"
2026-05-09 17:13:43,582 [INFO] banikos-api: User logged in: owner (Role: Admin)
2026-05-09 17:13:43,582 [INFO] httpx: HTTP Request: POST http://testserver/api/auth/login "HTTP/1.1 200 OK"
2026-05-09 17:13:43,589 [INFO] httpx: HTTP Request: POST http://testserver/api/admin/users "HTTP/1.1 200 OK"
2026-05-09 17:13:43,592 [INFO] httpx: HTTP Request: POST http://testserver/api/admin/users "HTTP/1.1 200 OK"
2026-05-09 17:13:43,596 [INFO] httpx: HTTP Request: POST http://testserver/api/admin/users "HTTP/1.1 200 OK"
2026-05-09 17:13:43,600 [INFO] httpx: HTTP Request: POST http://testserver/api/admin/users "HTTP/1.1 200 OK"
2026-05-09 17:13:43,603 [INFO] httpx: HTTP Request: POST http://testserver/api/admin/users "HTTP/1.1 200 OK"
2026-05-09 17:13:43,607 [INFO] httpx: HTTP Request: POST http://testserver/api/admin/users "HTTP/1.1 200 OK"
2026-05-09 17:13:43,609 [INFO] banikos-api: User logged in: ceo-rbac-smoke (Role: CEO)
2026-05-09 17:13:43,609 [INFO] httpx: HTTP Request: POST http://testserver/api/auth/login "HTTP/1.1 200 OK"
2026-05-09 17:13:43,611 [INFO] banikos-api: User logged in: coo-rbac-smoke (Role: COO)
2026-05-09 17:13:43,611 [INFO] httpx: HTTP Request: POST http://testserver/api/auth/login "HTTP/1.1 200 OK"
2026-05-09 17:13:43,612 [INFO] banikos-api: User logged in: cmo-rbac-smoke (Role: CMO)
2026-05-09 17:13:43,613 [INFO] httpx: HTTP Request: POST http://testserver/api/auth/login "HTTP/1.1 200 OK"
2026-05-09 17:13:43,614 [INFO] banikos-api: User logged in: cfo-rbac-smoke (Role: CFO)
2026-05-09 17:13:43,615 [INFO] httpx: HTTP Request: POST http://testserver/api/auth/login "HTTP/1.1 200 OK"
2026-05-09 17:13:43,616 [INFO] banikos-api: User logged in: social-rbac-smoke (Role: SocialAgent)
2026-05-09 17:13:43,617 [INFO] httpx: HTTP Request: POST http://testserver/api/auth/login "HTTP/1.1 200 OK"
2026-05-09 17:13:43,618 [INFO] banikos-api: User logged in: production-rbac-smoke (Role: ProductionWorker)
2026-05-09 17:13:43,618 [INFO] httpx: HTTP Request: POST http://testserver/api/auth/login "HTTP/1.1 200 OK"
2026-05-09 17:13:43,622 [INFO] httpx: HTTP Request: GET http://testserver/api/admin/users "HTTP/1.1 200 OK"
2026-05-09 17:13:43,626 [INFO] httpx: HTTP Request: GET http://testserver/api/finance/summary "HTTP/1.1 200 OK"
2026-05-09 17:13:43,630 [INFO] httpx: HTTP Request: GET http://testserver/api/ml/recommendations "HTTP/1.1 200 OK"
2026-05-09 17:13:43,639 [INFO] httpx: HTTP Request: GET http://testserver/api/tasks "HTTP/1.1 200 OK"
2026-05-09 17:13:43,646 [INFO] httpx: HTTP Request: GET http://testserver/api/dashboard/kpi "HTTP/1.1 200 OK"
2026-05-09 17:13:43,653 [INFO] httpx: HTTP Request: GET http://testserver/api/crm/orders "HTTP/1.1 200 OK"
2026-05-09 17:13:43,656 [INFO] httpx: HTTP Request: GET http://testserver/api/vendors "HTTP/1.1 200 OK"
2026-05-09 17:13:43,660 [INFO] httpx: HTTP Request: GET http://testserver/api/finance/summary "HTTP/1.1 200 OK"
2026-05-09 17:13:43,663 [INFO] httpx: HTTP Request: GET http://testserver/api/tasks "HTTP/1.1 200 OK"
2026-05-09 17:13:43,665 [INFO] httpx: HTTP Request: GET http://testserver/api/auth/staff "HTTP/1.1 200 OK"
2026-05-09 17:13:43,678 [INFO] httpx: HTTP Request: GET http://testserver/api/customers "HTTP/1.1 200 OK"
2026-05-09 17:13:43,681 [INFO] httpx: HTTP Request: GET http://testserver/api/crm/leads "HTTP/1.1 200 OK"
2026-05-09 17:13:43,689 [INFO] httpx: HTTP Request: GET http://testserver/api/tasks "HTTP/1.1 200 OK"
2026-05-09 17:13:43,694 [INFO] httpx: HTTP Request: GET http://testserver/api/ml/recommendations "HTTP/1.1 200 OK"
2026-05-09 17:13:43,697 [INFO] httpx: HTTP Request: GET http://testserver/api/auth/staff "HTTP/1.1 200 OK"
2026-05-09 17:13:43,699 [INFO] httpx: HTTP Request: GET http://testserver/api/finance/summary "HTTP/1.1 403 Forbidden"
2026-05-09 17:13:43,700 [INFO] httpx: HTTP Request: GET http://testserver/api/crm/orders "HTTP/1.1 403 Forbidden"
2026-05-09 17:13:43,702 [INFO] httpx: HTTP Request: GET http://testserver/api/admin/users "HTTP/1.1 403 Forbidden"
2026-05-09 17:13:43,707 [INFO] httpx: HTTP Request: GET http://testserver/api/finance/summary "HTTP/1.1 200 OK"
2026-05-09 17:13:43,710 [INFO] httpx: HTTP Request: GET http://testserver/api/finance/ledger "HTTP/1.1 200 OK"
2026-05-09 17:13:43,714 [INFO] httpx: HTTP Request: GET http://testserver/api/accounting/journals "HTTP/1.1 200 OK"
2026-05-09 17:13:43,717 [INFO] httpx: HTTP Request: GET http://testserver/api/tasks "HTTP/1.1 200 OK"
2026-05-09 17:13:43,725 [INFO] httpx: HTTP Request: POST http://testserver/api/finance/entry "HTTP/1.1 201 Created"
2026-05-09 17:13:43,727 [INFO] httpx: HTTP Request: GET http://testserver/api/customers "HTTP/1.1 403 Forbidden"
2026-05-09 17:13:43,729 [INFO] httpx: HTTP Request: GET http://testserver/api/crm/leads "HTTP/1.1 403 Forbidden"
2026-05-09 17:13:43,731 [INFO] httpx: HTTP Request: GET http://testserver/api/admin/users "HTTP/1.1 403 Forbidden"
2026-05-09 17:13:43,742 [INFO] httpx: HTTP Request: GET http://testserver/api/customers "HTTP/1.1 200 OK"
2026-05-09 17:13:43,749 [INFO] httpx: HTTP Request: GET http://testserver/api/crm/leads "HTTP/1.1 200 OK"
2026-05-09 17:13:43,753 [INFO] httpx: HTTP Request: GET http://testserver/api/tasks "HTTP/1.1 200 OK"
2026-05-09 17:13:43,756 [INFO] httpx: HTTP Request: GET http://testserver/api/products "HTTP/1.1 403 Forbidden"
2026-05-09 17:13:43,758 [INFO] httpx: HTTP Request: GET http://testserver/api/crm/orders "HTTP/1.1 403 Forbidden"
2026-05-09 17:13:43,760 [INFO] httpx: HTTP Request: GET http://testserver/api/finance/summary "HTTP/1.1 403 Forbidden"
2026-05-09 17:13:43,762 [INFO] httpx: HTTP Request: GET http://testserver/api/products "HTTP/1.1 200 OK"
2026-05-09 17:13:43,765 [INFO] httpx: HTTP Request: GET http://testserver/api/tasks "HTTP/1.1 200 OK"
2026-05-09 17:13:43,767 [INFO] httpx: HTTP Request: GET http://testserver/api/customers "HTTP/1.1 403 Forbidden"
2026-05-09 17:13:43,770 [INFO] httpx: HTTP Request: GET http://testserver/api/crm/leads "HTTP/1.1 403 Forbidden"
2026-05-09 17:13:43,772 [INFO] httpx: HTTP Request: GET http://testserver/api/crm/orders "HTTP/1.1 403 Forbidden"
2026-05-09 17:13:43,774 [INFO] httpx: HTTP Request: GET http://testserver/api/finance/summary "HTTP/1.1 403 Forbidden"
2026-05-09 17:13:43,801 [INFO] banikos-api: User logged in: owner (Role: Admin)
2026-05-09 17:13:43,802 [INFO] httpx: HTTP Request: POST http://testserver/api/auth/login "HTTP/1.1 200 OK"
2026-05-09 17:13:43,807 [INFO] httpx: HTTP Request: POST http://testserver/api/admin/users "HTTP/1.1 200 OK"
2026-05-09 17:13:43,812 [INFO] httpx: HTTP Request: POST http://testserver/api/admin/users "HTTP/1.1 200 OK"
2026-05-09 17:13:43,816 [INFO] httpx: HTTP Request: POST http://testserver/api/admin/users "HTTP/1.1 200 OK"
2026-05-09 17:13:43,817 [INFO] banikos-api: User logged in: cashier-rbac-smoke (Role: Cashier)
2026-05-09 17:13:43,817 [INFO] httpx: HTTP Request: POST http://testserver/api/auth/login "HTTP/1.1 200 OK"
2026-05-09 17:13:43,819 [INFO] banikos-api: User logged in: sales-rbac-smoke (Role: Salesman)
2026-05-09 17:13:43,819 [INFO] httpx: HTTP Request: POST http://testserver/api/auth/login "HTTP/1.1 200 OK"
2026-05-09 17:13:43,821 [INFO] banikos-api: User logged in: packaging-rbac-smoke (Role: Packaging)
2026-05-09 17:13:43,822 [INFO] httpx: HTTP Request: POST http://testserver/api/auth/login "HTTP/1.1 200 OK"
2026-05-09 17:13:43,825 [INFO] httpx: HTTP Request: GET http://testserver/api/products "HTTP/1.1 200 OK"
2026-05-09 17:13:43,835 [INFO] httpx: HTTP Request: GET http://testserver/api/customers "HTTP/1.1 200 OK"
2026-05-09 17:13:43,841 [INFO] httpx: HTTP Request: GET http://testserver/api/shifts/active "HTTP/1.1 200 OK"
2026-05-09 17:13:43,843 [INFO] httpx: HTTP Request: GET http://testserver/api/auth/staff "HTTP/1.1 200 OK"
2026-05-09 17:13:43,845 [INFO] httpx: HTTP Request: GET http://testserver/api/crm/leads "HTTP/1.1 403 Forbidden"
2026-05-09 17:13:43,847 [INFO] httpx: HTTP Request: GET http://testserver/api/crm/orders "HTTP/1.1 403 Forbidden"
2026-05-09 17:13:43,849 [INFO] httpx: HTTP Request: GET http://testserver/api/tasks "HTTP/1.1 403 Forbidden"
2026-05-09 17:13:43,850 [INFO] httpx: HTTP Request: GET http://testserver/api/finance/summary "HTTP/1.1 403 Forbidden"
2026-05-09 17:13:43,852 [INFO] httpx: HTTP Request: GET http://testserver/api/pos/sales "HTTP/1.1 403 Forbidden"
2026-05-09 17:13:43,856 [INFO] httpx: HTTP Request: GET http://testserver/api/auth/staff "HTTP/1.1 200 OK"
2026-05-09 17:13:43,858 [INFO] httpx: HTTP Request: GET http://testserver/api/products "HTTP/1.1 200 OK"
2026-05-09 17:13:43,868 [INFO] httpx: HTTP Request: GET http://testserver/api/customers "HTTP/1.1 200 OK"
2026-05-09 17:13:43,872 [INFO] httpx: HTTP Request: GET http://testserver/api/crm/leads "HTTP/1.1 200 OK"
2026-05-09 17:13:43,879 [INFO] httpx: HTTP Request: GET http://testserver/api/crm/orders "HTTP/1.1 200 OK"
2026-05-09 17:13:43,882 [INFO] httpx: HTTP Request: GET http://testserver/api/tasks "HTTP/1.1 200 OK"
2026-05-09 17:13:43,884 [INFO] httpx: HTTP Request: GET http://testserver/api/finance/summary "HTTP/1.1 403 Forbidden"
2026-05-09 17:13:43,885 [INFO] httpx: HTTP Request: GET http://testserver/api/vendors "HTTP/1.1 403 Forbidden"
2026-05-09 17:13:43,887 [INFO] httpx: HTTP Request: GET http://testserver/api/pos/sales "HTTP/1.1 403 Forbidden"
2026-05-09 17:13:43,890 [INFO] httpx: HTTP Request: GET http://testserver/api/products "HTTP/1.1 200 OK"
2026-05-09 17:13:43,893 [INFO] httpx: HTTP Request: GET http://testserver/api/tasks "HTTP/1.1 200 OK"
2026-05-09 17:13:43,894 [INFO] httpx: HTTP Request: GET http://testserver/api/customers "HTTP/1.1 403 Forbidden"
2026-05-09 17:13:43,896 [INFO] httpx: HTTP Request: GET http://testserver/api/crm/leads "HTTP/1.1 403 Forbidden"
2026-05-09 17:13:43,898 [INFO] httpx: HTTP Request: GET http://testserver/api/crm/orders "HTTP/1.1 403 Forbidden"
2026-05-09 17:13:43,899 [INFO] httpx: HTTP Request: GET http://testserver/api/finance/summary "HTTP/1.1 403 Forbidden"
2026-05-09 17:13:43,923 [INFO] banikos-api: User logged in: owner (Role: Admin)
2026-05-09 17:13:43,924 [INFO] httpx: HTTP Request: POST http://testserver/api/auth/login "HTTP/1.1 200 OK"
2026-05-09 17:13:43,940 [INFO] httpx: HTTP Request: POST http://testserver/api/internal-threads "HTTP/1.1 201 Created"
2026-05-09 17:13:43,950 [INFO] httpx: HTTP Request: GET http://testserver/api/internal-threads?status=Open "HTTP/1.1 200 OK"
2026-05-09 17:13:43,966 [INFO] httpx: HTTP Request: PATCH http://testserver/api/internal-threads/1 "HTTP/1.1 200 OK"
2026-05-09 17:13:43,973 [INFO] httpx: HTTP Request: POST http://testserver/api/internal-threads/1/messages "HTTP/1.1 200 OK"
2026-05-09 17:13:43,997 [INFO] banikos-api: User logged in: owner (Role: Admin)
2026-05-09 17:13:43,997 [INFO] httpx: HTTP Request: POST http://testserver/api/auth/login "HTTP/1.1 200 OK"
2026-05-09 17:13:44,017 [INFO] httpx: HTTP Request: POST http://testserver/api/tasks "HTTP/1.1 201 Created"
2026-05-09 17:13:44,020 [INFO] httpx: HTTP Request: GET http://testserver/api/tasks?status=Open "HTTP/1.1 200 OK"
2026-05-09 17:13:44,034 [INFO] httpx: HTTP Request: PATCH http://testserver/api/tasks/1 "HTTP/1.1 200 OK"
2026-05-09 17:13:44,059 [INFO] banikos-api: User logged in: owner (Role: Admin)
2026-05-09 17:13:44,060 [INFO] httpx: HTTP Request: POST http://testserver/api/auth/login "HTTP/1.1 200 OK"
2026-05-09 17:13:44,064 [INFO] httpx: HTTP Request: POST http://testserver/api/admin/users "HTTP/1.1 200 OK"
2026-05-09 17:13:44,067 [INFO] httpx: HTTP Request: GET http://testserver/api/payroll/summary?month=2026-05 "HTTP/1.1 200 OK"
2026-05-09 17:13:44,076 [INFO] httpx: HTTP Request: POST http://testserver/api/payroll/cut "HTTP/1.1 201 Created"
2026-05-09 17:13:44,088 [INFO] httpx: HTTP Request: POST http://testserver/api/payroll/pay "HTTP/1.1 201 Created"
2026-05-09 17:13:44,092 [INFO] httpx: HTTP Request: POST http://testserver/api/payroll/pay "HTTP/1.1 400 Bad Request"
2026-05-09 17:13:44,095 [INFO] httpx: HTTP Request: GET http://testserver/api/payroll/summary?month=2026-05 "HTTP/1.1 200 OK"
2026-05-09 17:13:44,118 [INFO] banikos-api: User logged in: owner (Role: Admin)
2026-05-09 17:13:44,118 [INFO] httpx: HTTP Request: POST http://testserver/api/auth/login "HTTP/1.1 200 OK"
2026-05-09 17:13:44,121 [INFO] httpx: HTTP Request: GET http://testserver/api/finance/recurring-expenses "HTTP/1.1 200 OK"
2026-05-09 17:13:44,127 [INFO] httpx: HTTP Request: POST http://testserver/api/finance/recurring-expenses "HTTP/1.1 201 Created"
2026-05-09 17:13:44,132 [INFO] httpx: HTTP Request: PATCH http://testserver/api/finance/recurring-expenses/1 "HTTP/1.1 200 OK"
2026-05-09 17:13:44,148 [INFO] httpx: HTTP Request: POST http://testserver/api/finance/recurring-expenses/1/run?month=2026-05 "HTTP/1.1 201 Created"
2026-05-09 17:13:44,151 [INFO] httpx: HTTP Request: POST http://testserver/api/finance/recurring-expenses/1/run?month=2026-05 "HTTP/1.1 400 Bad Request"
2026-05-09 17:13:44,153 [INFO] httpx: HTTP Request: GET http://testserver/api/finance/recurring-expenses "HTTP/1.1 200 OK"
2026-05-10 14:57:08,330 [ERROR] banikos-api: Accounting startup bootstrap failed
Traceback (most recent call last):
  File "E:\atc\venv\Lib\site-packages\sqlalchemy\engine\base.py", line 1967, in _exec_single_context
    self.dialect.do_execute(
    ~~~~~~~~~~~~~~~~~~~~~~~^
        cursor, str_statement, effective_parameters, context
        ^^^^^^^^^^^^^^^^^^^^^^^^^^^^^^^^^^^^^^^^^^^^^^^^^^^^
    )
    ^
  File "E:\atc\venv\Lib\site-packages\sqlalchemy\engine\default.py", line 952, in do_execute
    cursor.execute(statement, parameters)
    ~~~~~~~~~~~~~~^^^^^^^^^^^^^^^^^^^^^^^
  File "E:\atc\venv\Lib\site-packages\psycopg\cursor.py", line 117, in execute
    raise ex.with_traceback(None)
psycopg.errors.UndefinedColumn: column users.tenant_id does not exist
LINE 2: ...ry_payment_method AS users_salary_payment_method, users.tena...
                                                             ^

The above exception was the direct cause of the following exception:

Traceback (most recent call last):
  File "E:\atc\backend\main.py", line 36, in startup_event
    seed_database(db)
    ~~~~~~~~~~~~~^^^^
  File "E:\atc\backend\seed.py", line 366, in seed_database
    ensure_users(db)
    ~~~~~~~~~~~~^^^^
  File "E:\atc\backend\seed.py", line 24, in ensure_users
    if db.query(models.User).count() == 0:
       ~~~~~~~~~~~~~~~~~~~~~~~~~~~^^
  File "E:\atc\venv\Lib\site-packages\sqlalchemy\orm\query.py", line 3153, in count
    self._legacy_from_self(col).enable_eagerloads(False).scalar()
    ~~~~~~~~~~~~~~~~~~~~~~~~~~~~~~~~~~~~~~~~~~~~~~~~~~~~~~~~~~~^^
  File "E:\atc\venv\Lib\site-packages\sqlalchemy\orm\query.py", line 2842, in scalar
    ret = self.one()
  File "E:\atc\venv\Lib\site-packages\sqlalchemy\orm\query.py", line 2815, in one
    return self._iter().one()  # type: ignore
           ~~~~~~~~~~^^
  File "E:\atc\venv\Lib\site-packages\sqlalchemy\orm\query.py", line 2864, in _iter
    result: Union[ScalarResult[_T], Result[_T]] = self.session.execute(
                                                  ~~~~~~~~~~~~~~~~~~~~^
        statement,
        ^^^^^^^^^^
        params,
        ^^^^^^^
        execution_options={"_sa_orm_load_options": self.load_options},
        ^^^^^^^^^^^^^^^^^^^^^^^^^^^^^^^^^^^^^^^^^^^^^^^^^^^^^^^^^^^^^^
    )
    ^
  File "E:\atc\venv\Lib\site-packages\sqlalchemy\orm\session.py", line 2351, in execute
    return self._execute_internal(
           ~~~~~~~~~~~~~~~~~~~~~~^
        statement,
        ^^^^^^^^^^
    ...<4 lines>...
        _add_event=_add_event,
        ^^^^^^^^^^^^^^^^^^^^^^
    )
    ^
  File "E:\atc\venv\Lib\site-packages\sqlalchemy\orm\session.py", line 2249, in _execute_internal
    result: Result[Any] = compile_state_cls.orm_execute_statement(
                          ~~~~~~~~~~~~~~~~~~~~~~~~~~~~~~~~~~~~~~~^
        self,
        ^^^^^
    ...<4 lines>...
        conn,
        ^^^^^
    )
    ^
  File "E:\atc\venv\Lib\site-packages\sqlalchemy\orm\context.py", line 306, in orm_execute_statement
    result = conn.execute(
        statement, params or {}, execution_options=execution_options
    )
  File "E:\atc\venv\Lib\site-packages\sqlalchemy\engine\base.py", line 1419, in execute
    return meth(
        self,
        distilled_parameters,
        execution_options or NO_OPTIONS,
    )
  File "E:\atc\venv\Lib\site-packages\sqlalchemy\sql\elements.py", line 527, in _execute_on_connection
    return connection._execute_clauseelement(
           ~~~~~~~~~~~~~~~~~~~~~~~~~~~~~~~~~^
        self, distilled_params, execution_options
        ^^^^^^^^^^^^^^^^^^^^^^^^^^^^^^^^^^^^^^^^^
    )
    ^
  File "E:\atc\venv\Lib\site-packages\sqlalchemy\engine\base.py", line 1641, in _execute_clauseelement
    ret = self._execute_context(
        dialect,
    ...<8 lines>...
        cache_hit=cache_hit,
    )
  File "E:\atc\venv\Lib\site-packages\sqlalchemy\engine\base.py", line 1846, in _execute_context
    return self._exec_single_context(
           ~~~~~~~~~~~~~~~~~~~~~~~~~^
        dialect, context, statement, parameters
        ^^^^^^^^^^^^^^^^^^^^^^^^^^^^^^^^^^^^^^^
    )
    ^
  File "E:\atc\venv\Lib\site-packages\sqlalchemy\engine\base.py", line 1986, in _exec_single_context
    self._handle_dbapi_exception(
    ~~~~~~~~~~~~~~~~~~~~~~~~~~~~^
        e, str_statement, effective_parameters, cursor, context
        ^^^^^^^^^^^^^^^^^^^^^^^^^^^^^^^^^^^^^^^^^^^^^^^^^^^^^^^
    )
    ^
  File "E:\atc\venv\Lib\site-packages\sqlalchemy\engine\base.py", line 2363, in _handle_dbapi_exception
    raise sqlalchemy_exception.with_traceback(exc_info[2]) from e
  File "E:\atc\venv\Lib\site-packages\sqlalchemy\engine\base.py", line 1967, in _exec_single_context
    self.dialect.do_execute(
    ~~~~~~~~~~~~~~~~~~~~~~~^
        cursor, str_statement, effective_parameters, context
        ^^^^^^^^^^^^^^^^^^^^^^^^^^^^^^^^^^^^^^^^^^^^^^^^^^^^
    )
    ^
  File "E:\atc\venv\Lib\site-packages\sqlalchemy\engine\default.py", line 952, in do_execute
    cursor.execute(statement, parameters)
    ~~~~~~~~~~~~~~^^^^^^^^^^^^^^^^^^^^^^^
  File "E:\atc\venv\Lib\site-packages\psycopg\cursor.py", line 117, in execute
    raise ex.with_traceback(None)
sqlalchemy.exc.ProgrammingError: (psycopg.errors.UndefinedColumn) column users.tenant_id does not exist
LINE 2: ...ry_payment_method AS users_salary_payment_method, users.tena...
                                                             ^
[SQL: SELECT count(*) AS count_1 
FROM (SELECT users.id AS users_id, users.username AS users_username, users.role AS users_role, users.extra_roles_json AS users_extra_roles_json, users.password_hash AS users_password_hash, users.is_active AS users_is_active, users.is_salary_enabled AS users_is_salary_enabled, users.monthly_salary AS users_monthly_salary, users.salary_payment_method AS users_salary_payment_method, users.tenant_id AS users_tenant_id 
FROM users) AS anon_1]
(Background on this error at: https://sqlalche.me/e/20/f405)
